tree
version=v4
num_class=1
num_tree_per_iteration=1
label_index=0
max_feature_idx=7
objective=regression
feature_names=S T V B N C R log_n
monotone_constraints=1 1 1 1 1 1 1 1
feature_infos=[2.555549144744873e-06:0.96951748384162784] [0.10000000000000001:0.90000000000000002] [0.28009793467138172:1] none [0:1.0042506495410635] none none [0.69314718055994529:5.1590552992145291]
tree_sizes=1458 1543 1540 1545 1546 1541 1541 1530 1543 1545 1545 1545 1528 1532 1538 1551 1547 1546 1559 1559 1548 1545 1555 1550 1540 1548 1543 1567 1554 1546 1549 1561 1561 1548 1554 1569 1553 1573 1564 1568 1571 1559 1560 1565 1558 1556 1575 1552 1559 1566 1570 1550 1549 1573 1541 1578 1545 1579 1561 1563 1568 1577 1567 1563 1588 1564 1577 1589 1559 1564 1584 1566 1564 1555 1582 1584 1588 1583 1590 1587 1586 1586 1596 1575 1586 1581 1577 1580 1583 1572 1570 1562 1581 1597 1601 1571 1591 1576 1590 1585 1599 1603 1599 1596 1602 1298 1587 1585 1581 1591 1003 1590 1214 1594 1589 1564 1395 1406 1591 1584 1004 1598 1303 1489 1586 1601 1118 1117 1491 1497 1413 1198 1623 1306 1111 1297 1405 1513 1114 1118 1281 1114 1590 1027 999 1507 817 1301 1399 1006 1617 924 1604 1286 1414 722 1120 1601 533 1021 824 925 1218 1030 730 638 630 728 721 1214 536 449 728 1203 1321 725 725 345 1602 911 1419 744 625 814 1219 1224 1222 346 836 532 822 627 831 819 451 632 721 347 534 442 626 445 634 344 830 817 445 435 346 442 629 733 830 633 440 345 630 538 538 744 922 347 533 344 627 741 545 440 440 452 353 445 445 537 350 635 544 640 351 345 343 714 818 820 533 347 346 344 925 437 347 347 453 441 541 919 450 444 347 750 351 815 541 529 346 532 915 346 347 346 352 631 451 346 446 348 354 444 539 345 349 346 445 349 446 444 630 346 724 346 350 715 433 351 347 640 343 346 349 345 343 343 351 347 446 444 346 548 343 442 347 741 346 642 728 631 346 348 348 348 343 343 348 440 346 347 344 344 348 345 343 640 441 345 344 342 343 348 343 345 445 547 444 443 347 343 346 352 347 538 450 342 348 345 347 342 344 439 347 348 351 343 345 342 352 348 343 543 349 347 350 346 543 346 449 345 344 344 344 343 345 346 345 434 349 352 446 347 629 344 640 348 346 346 346 342 539 346 442 351 352 343 738 346 346 342 345 736 639 343 350 351 346 345 346 344 442 346 344 344 347 347 352 348 344 444 347 551 348 344 346 345 350 350 345 347 345 450 348 347

Tree=0
num_leaves=15
num_cat=0
split_feature=7 7 7 4 0 7 7 7 0 4 0 0 1 1
split_gain=229.098 44.2331 18.7672 7.74008 7.48891 6.15906 2.40784 2.30119 2.05091 1.5276 1.42724 1.27211 1.24723 1.21238
threshold=1.4978661367769956 2.1383330595080281 1.2424533248940004 5.415744872117046e-05 0.94952624896541249 1.7005986908310777 0.89587973461402759 2.524928003624769 0.95125790871679794 0.066874186587333864 0.9073277353309096 0.91392876952886593 0.8500000000000002 0.8500000000000002
decision_type=2 2 2 2 2 2 2 2 2 2 2 2 2 2
left_child=2 5 3 10 7 -2 11 -3 -7 -8 -1 -5 -6 -4
right_child=1 4 13 6 12 8 9 -9 -10 -11 -12 -13 -14 -15
leaf_value=0.49859071158432638 0.5019648455387562 0.50511530167432295 0.50067961482964962 0.49928932883429983 0.50820269473218926 0.50329180823399877 0.49955656739039839 0.50728737104958677 0.50484238112326962 0.49990041010163389 0.49909821121450404 0.49955656739039839 0.51052071871581739 0.50169387380972386
leaf_weight=13286 4205 1428 7450 40718 898 3874 1603 628 655 18246 1367 4015 296 1107
leaf_count=13286 4205 1428 7450 40718 898 3874 1603 628 655 18246 1367 4015 296 1107
internal_value=0.500014 0.503905 0.499483 0.499339 0.506892 0.502792 0.49948 0.505789 0.50356 0.499755 0.498716 0.499358 0.508786 0.500818
internal_weight=99776 11984 87792 79235 3250 8734 64582 2056 4529 19849 14653 44733 1194 8557
internal_count=99776 11984 87792 79235 3250 8734 64582 2056 4529 19849 14653 44733 1194 8557
is_linear=0
shrinkage=1


Tree=1
num_leaves=15
num_cat=0
split_feature=7 2 2 4 7 2 7 7 7 1 1 1 2 7
split_gain=214.852 41.8778 23.3955 6.77529 6.35929 6.16632 4.01885 3.79648 3.13365 2.26906 2.06982 1.41848 1.30006 0.768546
threshold=1.7005986908310777 0.86909053175326456 0.99716559143045824 6.6684448695397705e-05 1.4978661367769956 0.94569006162006952 2.3502401828962087 2.1383330595080281 1.2424533248940004 0.8500000000000002 0.52500000000000013 0.52500000000000013 0.94758421325152764 1.8688348091416842
decision_type=2 2 2 2 2 2 2 2 2 2 2 2 2 2
left_child=1 3 5 -1 10 -2 -4 13 11 -8 -3 -5 -12 -7
right_child=2 4 6 8 -6 7 9 -9 -10 -11 12 -13 -14 -15
leaf_value=-0.0013031571096440559 0.002197831856810412 0.00010480801836096459 0.0056972796925300016 -0.00076274749068950696 0.0020333696245968917 0.0032066638325665368 0.0074314157286772698 0.0053259495245079449 9.2303800879008199e-05 0.010239572798515569 0.00068073820300472107 -0.00045937838057004139 0.0013257399509870047 0.0041548107629018919
leaf_weight=14362 1036 4722 1143 32104 3576 1704 1208 855 3228 342 7484 24437 2008 1451
leaf_count=14362 1036 4722 1143 32104 3576 1704 1208 855 3228 342 7484 24437 2008 1451
internal_value=-2.08396e-07 -0.0004044 0.00480006 -0.000718085 0.000902692 0.00359383 0.00705807 0.00415665 -0.000577477 0.00805722 0.00061811 -0.000631642 0.000873426 0.0036439
internal_weight=99660 91921 7739 74131 17790 5046 2693 4010 59769 1550 14214 56541 9492 3155
internal_count=99660 91921 7739 74131 17790 5046 2693 4010 59769 1550 14214 56541 9492 3155
is_linear=0
shrinkage=0.03


Tree=2
num_leaves=15
num_cat=0
split_feature=7 2 2 2 4 7 7 7 1 1 1 2 2 7
split_gain=202.035 43.5592 24.398 7.91729 6.61406 4.7067 4.40882 1.94761 1.94405 1.94312 1.41091 1.38919 1.2268 0.776295
threshold=1.4978661367769956 0.99707334944142667 0.86909053175326456 0.97783361301906313 6.6684448695397705e-05 2.1383330595080281 2.249904835165133 1.2424533248940004 0.8500000000000002 0.52500000000000013 0.52500000000000013 0.94758421325152764 0.9438290797026655 1.7005986908310777
decision_type=2 2 2 2 2 2 2 2 2 2 2 2 2 2
left_child=2 3 4 12 -1 13 -3 10 -8 -4 -6 -11 -2 -5
right_child=1 6 9 5 7 -7 8 -9 -10 11 -12 -13 -14 -15
leaf_value=-0.0012845993474240088 0.001593881772760356 0.0052312899043366569 0.00015149591548091742 0.0027247700935082728 -0.00073688514143851309 0.0047865150023899666 0.0072439114001936269 -2.6659291138435639e-05 0.0096423702801480635 0.00071098245639420322 -0.00043430776311311956 0.001593881772760356 0.0023743887282727159 0.0034543606797145091
leaf_weight=14328 2592 948 4665 1272 32002 668 1500 2580 397 7498 24490 2013 2288 2271
leaf_count=14328 2592 948 4665 1272 32002 668 1500 2580 397 7498 24490 2013 2288 2271
internal_value=1.27364e-05 0.00367408 -0.000486315 0.00265972 -0.000706372 0.00361285 0.00691331 -0.000566102 0.00775067 0.000653053 -0.000605724 0.000899017 0.00183669 0.00310162
internal_weight=99512 11936 87576 9091 73400 4211 2845 59072 1897 14176 56492 9511 4880 3543
internal_count=99512 11936 87576 9091 73400 4211 2845 59072 1897 14176 56492 9511 4880 3543
is_linear=0
shrinkage=0.03


Tree=3
num_leaves=15
num_cat=0
split_feature=7 7 7 4 0 7 1 7 0 0 0 0 1 1
split_gain=187.558 35.7024 17.2815 7.40849 6.25215 5.02262 2.71415 2.2095 2.0978 1.86304 1.65498 1.55467 1.24383 0.979331
threshold=1.4978661367769956 2.1383330595080281 1.2424533248940004 6.6684448695397705e-05 0.94952624896541249 1.7005986908310777 0.52500000000000013 2.524928003624769 0.95125790871679794 0.85684610716998588 0.93015881953760993 0.8626280650496484 0.8500000000000002 0.8500000000000002
decision_type=2 2 2 2 2 2 2 2 2 2 2 2 2 2
left_child=2 5 3 11 7 10 9 -3 -7 -5 -2 -1 -8 -4
right_child=1 4 13 6 -6 8 12 -9 -10 -11 -12 -13 -14 -15
leaf_value=-0.0013621182822301039 0.0015322262255014411 0.0045479465696194746 0.00069128197288639576 -0.00078232465312811229 0.007989266459679293 0.0029706208764009477 -0.00033001553787761107 0.0066093388827300195 0.0044048253005553439 -0.00045564993642312321 0.0025237314282475724 -0.00084415304758803848 0.0001021818950199986 0.0015322262255014411
leaf_weight=12878 3409 1369 7303 28312 1187 3859 26466 620 627 6749 805 2088 2716 1089
leaf_count=12878 3409 1369 7303 28312 1187 3859 26466 620 627 6749 805 2088 2716 1089
internal_value=3.17283e-06 0.00354092 -0.000476472 -0.000613626 0.00626307 0.00254658 -0.000473577 0.00522941 0.00324534 -0.000651473 0.00180213 -0.00121473 -0.000259827 0.00081799
internal_weight=99477 11876 87601 79209 3176 8700 64243 1989 4486 35061 4214 14966 29182 8392
internal_count=99477 11876 87601 79209 3176 8700 64243 1989 4486 35061 4214 14966 29182 8392
is_linear=0
shrinkage=0.03


Tree=4
num_leaves=15
num_cat=0
split_feature=7 2 2 4 7 2 7 7 7 2 1 1 1 2
split_gain=180.582 36.6185 21.3372 6.83011 5.85976 4.56261 4.38019 3.46588 2.91653 2.07395 1.49362 1.23227 0.873617 0.724531
threshold=1.7005986908310777 0.86909053175326456 0.99716559143045824 5.415744872117046e-05 1.2424533248940004 0.94569006162006952 2.3502401828962087 2.1383330595080281 1.2424533248940004 0.94758421325152764 0.8500000000000002 0.52500000000000013 0.52500000000000013 0.71676940635557951
decision_type=2 2 2 2 2 2 2 2 2 2 2 2 2 2
left_child=1 3 5 -1 -3 -2 -4 -7 11 -6 -8 -5 -11 -13
right_child=2 4 6 8 9 7 10 -9 -10 12 -12 13 -14 -15
leaf_value=-0.0012456123562027814 0.0020373582440739481 0.00028645425392900343 0.0051879139007673918 -0.00068580064649114542 0.0009414130606134846 0.0032618831498665815 0.0071341078126881561 0.0049325121441830509 0.00010710269484368145 0.001386110047988163 0.0094427686246399932 -0.00054477351167646956 0.0020373582440739481 -0.00027946629474370814
leaf_weight=14048 1023 8374 1154 32164 4831 3102 1188 879 3237 867 337 8393 3753 16223
leaf_count=14048 1023 8374 1154 32164 4831 3102 1188 879 3237 867 337 8393 3753 16223
internal_value=1.30758e-05 -0.000356361 0.00443108 -0.000650157 0.000864362 0.00327318 0.00659185 0.00375546 -0.000510762 0.00137633 0.00765014 -0.00056353 0.00183081 -0.000403746
internal_weight=99573 91890 7683 74065 17825 5004 2679 3981 60017 9451 1525 56780 4620 24616
internal_count=99573 91890 7683 74065 17825 5004 2679 3981 60017 9451 1525 56780 4620 24616
is_linear=0
shrinkage=0.03


Tree=5
num_leaves=15
num_cat=0
split_feature=7 2 2 2 4 7 7 7 7 7 2 2 1 7
split_gain=170.404 35.5352 19.7362 6.79971 4.9871 4.16936 3.43918 2.13342 1.78931 1.40876 1.16591 1.07956 0.807029 0.789247
threshold=1.4978661367769956 0.99695710213171729 0.86909053175326456 0.97857930575000196 6.6684448695397705e-05 2.3502401828962087 2.1383330595080281 1.2424533248940004 1.2424533248940004 2.8617925509761908 0.93365900934786572 0.94929573612967555 0.8500000000000002 0.89587973461402759
decision_type=2 2 2 2 2 2 2 2 2 2 2 2 2 2
left_child=2 3 4 10 -1 -3 -5 13 12 -7 -2 -9 -6 -4
right_child=1 5 7 6 8 9 -8 11 -10 -11 -12 -13 -14 -15
leaf_value=-0.001137608223909187 0.0014681087667521935 0.0050143225534562789 -2.5267417980084691e-05 0.0029183396957034057 -0.0005823656336945627 0.0067768113237356284 0.004346152500113362 0.00075526580698856839 -2.5267417980084691e-05 0.0089139574607394207 0.0021239637305594181 0.0014681087667521935 -0.00028957414621887372 0.0004213051405358003
leaf_weight=14396 1899 1349 928 3350 54619 1200 609 4161 2617 380 3184 1675 2009 7393
leaf_count=14396 1899 1349 928 3350 54619 1200 609 4161 2617 380 3184 1675 2009 7393
internal_value=1.8252e-05 0.00337579 -0.000439572 0.00244503 -0.000636784 0.00624727 0.00337727 0.000586249 -0.000515071 0.00729612 0.00171842 0.00102595 -0.000553881 0.000277773
internal_weight=99769 11971 87798 9042 73641 2929 3959 14157 59245 1580 5083 5836 56628 8321
internal_count=99769 11971 87798 9042 73641 2929 3959 14157 59245 1580 5083 5836 56628 8321
is_linear=0
shrinkage=0.03


Tree=6
num_leaves=15
num_cat=0
split_feature=7 2 2 2 7 4 1 7 1 2 2 7 1 1
split_gain=159.554 33.8032 17.989 6.82126 4.85222 4.05806 2.79125 2.57737 1.75269 1.55267 1.4708 1.10794 0.875956 0.804803
threshold=1.4978661367769956 0.99695710213171729 0.86091253323481742 0.97783361301906313 2.3502401828962087 6.6684448695397705e-05 0.52500000000000013 2.1383330595080281 0.8500000000000002 0.94758421325152764 0.94193851583988997 1.7005986908310777 0.8500000000000002 0.8500000000000002
decision_type=2 2 2 2 2 2 2 2 2 2 2 2 2 2
left_child=2 3 5 10 -3 -1 -4 11 -6 13 -2 -5 -7 -8
right_child=1 4 6 7 8 12 9 -9 -10 -11 -12 -13 -14 -15
leaf_value=-0.0011089645962444809 0.0014121438199576133 0.0047262222995517605 -0.00010902595425892419 0.0024093902833882109 0.0066490610670221538 -0.00056321151236167347 0.00040847968824061229 0.0042057803471342624 0.0091051609160621525 0.0014121438199576133 0.0021868855118036697 0.0033020812847890275 -0.0001183708775614125 0.00097084119203097756
leaf_weight=14073 2385 1341 6002 1307 1242 53935 8265 619 344 2000 2436 2246 1942 1433
leaf_count=14073 2385 1341 6002 1307 1242 53935 8265 619 344 2000 2436 2246 1942 1433
internal_value=5.4169e-06 0.00326175 -0.000437462 0.00234986 0.0060617 -0.000653653 0.000416911 0.00323806 0.00718719 0.000686745 0.00158072 0.00288017 -0.000538962 0.000529539
internal_weight=99570 11920 87650 8993 2927 69950 17700 4172 1586 11698 4821 3553 55877 9698
internal_count=99570 11920 87650 8993 2927 69950 17700 4172 1586 11698 4821 3553 55877 9698
is_linear=0
shrinkage=0.03


Tree=7
num_leaves=15
num_cat=0
split_feature=7 2 2 2 7 0 7 7 7 0 1 2 0 0
split_gain=152.367 32.2713 18.1401 4.42204 4.0927 3.4683 3.36642 2.79063 2.07268 1.56974 1.3519 1.11026 1.07769 1.06798
threshold=1.7005986908310777 0.86909053175326456 0.99716559143045824 0.94569006162006952 1.4978661367769956 0.95125790871679794 1.2424533248940004 2.1383330595080281 2.524928003624769 0.92709953710436832 0.52500000000000013 0.9438290797026655 0.85369287617504608 0.95125790871679794
decision_type=2 2 2 2 2 2 2 2 2 2 2 2 2 2
left_child=1 6 3 -2 10 8 9 13 -4 -1 12 -12 -3 -5
right_child=2 4 5 7 -6 -7 -8 -9 -10 -11 11 -13 -14 -15
leaf_value=-0.00070267553549663829 0.0018573061343073796 9.3589990592327636e-05 0.0045175248542430107 0.0027612858803214551 0.0017014991965430542 0.0074995655052102154 9.3589990592327636e-05 0.0045175248542430107 0.0063676596595026282 -0.0002841759172617961 0.00056832008220735115 0.0011377826712970125 0.00046425236931536644 0.0037728403649732625
leaf_weight=65804 1032 3095 1152 2628 3641 958 3216 880 571 5056 6934 2654 1510 463
leaf_count=65804 1032 3095 1152 2628 3641 958 3216 880 571 5056 6934 2654 1510 463
internal_value=-2.02144e-06 -0.000341321 0.00405593 0.00298787 0.000804326 0.00604717 -0.000617146 0.00347382 0.00523575 -0.000661942 0.000574066 0.000776962 0.000151543 0.00302816
internal_weight=99594 91910 7684 5003 17834 2681 74076 3971 1723 70860 14193 9588 4605 3091
internal_count=99594 91910 7684 5003 17834 2681 74076 3971 1723 70860 14193 9588 4605 3091
is_linear=0
shrinkage=0.03


Tree=8
num_leaves=15
num_cat=0
split_feature=2 7 2 0 4 7 7 7 7 0 7 0 0 0
split_gain=142.105 34.4156 17.3378 4.75074 4.17084 3.84573 2.1281 2.05434 1.79781 1.28472 1.11371 1.0511 0.964545 0.882687
threshold=0.94758421325152764 2.0126758453675748 0.86909053175326456 0.95125790871679794 6.6684448695397705e-05 1.7005986908310777 1.2424533248940004 2.249904835165133 1.4978661367769956 0.92914307489991199 2.8029010331479989 0.95125790871679794 0.88041245006024849 0.080185010097920909
decision_type=2 2 2 2 2 2 2 2 2 2 2 2 2 2
left_child=2 5 4 7 12 9 -6 -3 13 -2 -5 -7 -1 -4
right_child=1 3 8 10 6 11 -8 -9 -10 -11 -12 -13 -14 -15
leaf_value=-0.0011809232228396161 0.0013337336281179632 0.0037158329825826807 -2.0893409463199168e-05 0.0064058674244864642 -0.00054396773542196987 0.0025794935467993098 -2.0893409463199168e-05 0.0054159200639731456 0.0013337336281179632 0.0021580929478231155 0.0085579377437966907 0.003672599375564879 -0.00077996479720282238 0.00052959059549341741
leaf_weight=12643 4187 1156 1596 968 56378 2311 3558 1468 2071 907 295 402 1758 9799
leaf_count=12643 4187 1156 1596 968 56378 2311 3558 1468 2071 907 295 402 1758 9799
internal_value=-1.26378e-05 0.00309387 -0.000426408 0.00540011 -0.000605831 0.00194509 -0.000495667 0.00466865 0.000564045 0.00145867 0.0069149 0.00285751 -0.00106426 0.000416008
internal_weight=99497 11694 87803 3887 74337 7807 59936 2624 13466 5094 1263 2713 14401 11395
internal_count=99497 11694 87803 3887 74337 7807 59936 2624 13466 5094 1263 2713 14401 11395
is_linear=0
shrinkage=0.03


Tree=9
num_leaves=15
num_cat=0
split_feature=7 7 7 4 0 0 7 1 0 0 0 1 1 7
split_gain=133.923 24.1662 17.6902 6.7327 4.25455 2.71305 2.38462 1.84259 1.65041 1.35276 1.17065 1.08609 1.05127 0.877136
threshold=1.7005986908310777 1.2424533248940004 2.249904835165133 6.6684448695397705e-05 0.95125790871679794 0.94338241079822194 1.4978661367769956 0.52500000000000013 0.85684610716998588 0.88041245006024849 0.84402981773018848 0.8500000000000002 0.8500000000000002 1.8688348091416842
decision_type=2 2 2 2 2 2 2 2 2 2 2 2 2 2
left_child=1 3 4 9 10 -4 -3 8 -5 -1 -2 -7 -9 -12
right_child=2 6 5 7 -6 11 -8 12 -10 -11 13 -13 -14 -15
leaf_value=-0.0012072769929472467 0.0017754297547167394 0.00061799320360757931 0.0049576644785235156 -0.0006457150727958318 0.0043558709553567828 0.0063815012560175946 0.0014909034662433029 -0.00025305479764038143 -0.00035366435019477163 -0.0007212729705974001 0.002286309435173614 0.008503660935486039 0.00020367356984685089 0.0032394977974522488
leaf_weight=13069 1554 8446 1320 28083 822 836 4227 26453 6781 1906 1208 312 2733 1713
leaf_count=13069 1554 8446 1320 28083 822 836 4227 26453 6781 1906 1208 312 2733 1713
internal_value=1.34921e-05 -0.000306863 0.00379616 -0.000501894 0.00281784 0.0058939 0.000909242 -0.000367991 -0.000515212 -0.00107456 0.00244285 0.00696515 -0.000192117 0.00279719
internal_weight=99463 91698 7765 79025 5297 2468 12673 64050 34864 14975 4475 1148 29186 2921
internal_count=99463 91698 7765 79025 5297 2468 12673 64050 34864 14975 4475 1148 29186 2921
is_linear=0
shrinkage=0.03


Tree=10
num_leaves=15
num_cat=0
split_feature=2 7 2 0 7 1 0 7 7 7 2 0 0 0
split_gain=130.713 31.0106 15.7947 4.34064 2.96822 2.63322 2.39475 2.04206 1.42018 1.15653 1.06694 0.942858 0.837466 0.796714
threshold=0.94758421325152764 2.0126758453675748 0.8649207029794278 0.94130560010671627 1.7005986908310777 0.52500000000000013 0.95125790871679794 1.4978661367769956 2.3502401828962087 2.8617925509761908 0.71702660750274794 0.92399195209145557 0.92288896720856439 0.90583918429911148
decision_type=2 2 2 2 2 2 2 2 2 2 2 2 2 2
left_child=2 4 6 8 12 13 10 -7 -3 -5 -1 -6 -2 -4
right_child=1 3 5 9 11 7 -8 -9 -10 -11 -12 -13 -14 -15
leaf_value=-0.00074166429122702563 0.0012945954951777486 0.0037467069970571719 -8.4587593405694383e-05 0.0060205899266589126 0.0022822631629122237 0.00049497459389480185 -8.4587593405694383e-05 0.0012945954951777486 0.0052760579244287512 0.008195647440690507 -0.00050509600049248454 0.0034504549363975211 0.0020763701503054227 0.00029843868296030294
leaf_weight=35892 3990 1393 4447 1268 1811 9675 2001 1888 920 278 32897 958 1072 1168
leaf_count=35892 3990 1393 4447 1268 1811 9675 2001 1888 920 278 32897 958 1072 1168
internal_value=2.48773e-06 0.00298278 -0.000393591 0.00518365 0.00189771 0.000422437 -0.000591612 0.000681465 0.00435703 0.00641675 -0.000628539 0.00268753 0.00146521 -8.45876e-05
internal_weight=99658 11690 87968 3859 7831 17178 70790 11563 2313 1546 68789 2769 5062 5615
internal_count=99658 11690 87968 3859 7831 17178 70790 11563 2313 1546 68789 2769 5062 5615
is_linear=0
shrinkage=0.03


Tree=11
num_leaves=15
num_cat=0
split_feature=7 2 2 7 2 0 4 7 0 2 7 2 0 0
split_gain=124.835 23.6708 15.9788 4.66906 3.77293 3.71597 2.93267 2.23507 1.51058 1.4585 0.939384 0.931965 0.860712 0.730144
threshold=1.7005986908310777 0.86091253323481742 0.99716559143045824 1.2424533248940004 0.97783361301906313 0.94553073402494203 6.6684448695397705e-05 2.1383330595080281 0.95125790871679794 0.94758421325152764 2.249904835165133 0.87314886671764558 0.88678163150325429 0.91624357923865329
decision_type=2 2 2 2 2 2 2 2 2 2 2 2 2 2
left_child=1 6 4 11 -2 10 -1 13 -8 -5 -4 -3 -11 -6
right_child=2 3 5 9 7 -7 8 -9 -10 12 -12 -13 -14 -15
leaf_value=-0.00096073991570391423 0.0016745069400456503 -3.1655827404131546e-06 0.004097167920713931 0.00070404732123412314 0.0024952642387816863 0.0068330071818300617 -0.00050840072355877474 0.004097167920713931 -3.1655827404131546e-06 0.0010644058303942406 0.0052236770146368398 0.00041501995233517478 0.0016745069400456503 0.0034373438851655219
leaf_weight=14037 1965 5029 600 5583 1366 1138 54722 721 1650 2759 944 6174 1863 1022
leaf_count=14037 1965 5029 600 5583 1366 1138 54722 721 1650 2759 944 6174 1863 1022
internal_value=1.61116e-06 -0.000307133 0.00365615 0.000566407 0.00266527 0.00552907 -0.000572738 0.00331602 -0.000476108 0.00103058 0.0045642 0.000143531 0.00142476 0.00281522
internal_weight=99573 91817 7756 21408 5074 2682 70409 3109 56372 10205 1544 11203 4622 2388
internal_count=99573 91817 7756 21408 5074 2682 70409 3109 56372 10205 1544 11203 4622 2388
is_linear=0
shrinkage=0.03


Tree=12
num_leaves=15
num_cat=0
split_feature=7 2 2 2 0 7 7 0 7 1 1 1 2 0
split_gain=114.57 21.2762 15.8472 3.40435 3.25501 3.14834 2.5004 2.37272 1.60863 1.44124 1.27184 0.808396 0.744878 0.744384
threshold=1.7005986908310777 0.86909053175326456 0.99716559143045824 0.97451128888415406 0.94952624896541249 1.4978661367769956 2.1383330595080281 0.95125790871679794 2.524928003624769 0.52500000000000013 0.8500000000000002 0.8500000000000002 0.94758421325152764 0.94952624896541249
decision_type=2 2 2 2 2 2 2 2 2 2 2 2 2 2
left_child=1 7 3 -2 8 9 13 10 -4 -3 -1 -6 -11 -5
right_child=2 5 4 6 11 -7 -8 -9 -10 12 -12 -13 -14 -15
leaf_value=-0.00057578503870441217 0.0016156301019365706 6.6672698966969076e-05 0.0039435212057073949 0.0023465077409953062 0.0061788379850307214 0.0014393492418244185 0.0039435212057073949 6.6672698966969076e-05 0.005624434244722515 0.00050283524842030015 -0.00023927926076316154 0.0081475427190048823 0.00094162743162203141 0.0032632587984943065
leaf_weight=69507 1661 4603 1137 2172 760 3583 764 2188 540 7549 2347 269 2003 406
leaf_count=69507 1661 4603 1137 2172 760 3583 764 2188 540 7549 2347 269 2003 406
internal_value=6.92451e-06 -0.000288139 0.0035194 0.00251822 0.00536883 0.000645051 0.00307739 -0.000511705 0.00454796 0.000443906 -0.000545231 0.00670091 0.000655446 0.002583
internal_weight=99489 91780 7709 5003 2706 17738 3342 74042 1677 14155 71854 1029 9552 2578
internal_count=99489 91780 7709 5003 2706 17738 3342 74042 1677 14155 71854 1029 9552 2578
is_linear=0
shrinkage=0.03


Tree=13
num_leaves=15
num_cat=0
split_feature=7 7 2 2 2 7 1 2 7 0 0 1 1 1
split_gain=109.043 21.1118 13.8844 4.76599 4.09723 3.17019 2.26854 2.34269 1.74798 1.55707 1.36479 0.838741 0.800777 0.720919
threshold=1.7005986908310777 1.2424533248940004 0.99716559143045824 0.87314886671764558 0.97783361301906313 2.6735537653587347 0.52500000000000013 0.94758421325152764 2.1383330595080281 0.92709953710436832 0.95387771166861068 0.8500000000000002 0.8500000000000002 0.8500000000000002
decision_type=2 2 2 2 2 2 2 2 2 2 2 2 2 2
left_child=1 3 4 9 -2 10 -3 13 -6 12 -4 -7 -1 -8
right_child=2 6 5 -5 8 11 7 -9 -10 -11 -12 -13 -14 -15
leaf_value=-0.0005878064882031788 0.0015848891827378426 0.00020993574325870533 0.0040624069613159315 0.00020993574325870533 0.0027384549588515593 0.0061306958699270204 0.00064542781322840298 0.0015848891827378426 0.0038409604121296295 -0.00015440323023817957 0.0056899988652866461 0.0083597629484069378 -0.00035682917512306277 0.0011542546817175979
leaf_weight=65374 1972 2711 1461 6188 2361 509 5397 3702 721 5295 496 235 2151 857
leaf_count=65374 1972 2711 1461 6188 2361 509 5397 3702 721 5295 496 235 2151 857
internal_value=2.15756e-05 -0.000267392 0.00343717 -0.000449682 0.00250835 0.00517357 0.000869553 0.00108092 0.00319583 -0.000518742 0.00453495 0.00684505 -0.000559255 0.00072362
internal_weight=99430 91675 7755 79008 5054 2701 12667 9956 3082 72820 1957 744 67525 6254
internal_count=99430 91675 7755 79008 5054 2701 12667 9956 3082 72820 1957 744 67525 6254
is_linear=0
shrinkage=0.03


Tree=14
num_leaves=15
num_cat=0
split_feature=7 2 2 7 2 7 0 7 1 1 2 2 1 0
split_gain=97.7575 21.4426 12.9853 4.51322 3.14647 3.04781 2.3166 1.94527 1.54035 1.3148 1.01833 0.878773 0.802673 0.769151
threshold=1.7005986908310777 0.86091253323481742 0.99716559143045824 1.2424533248940004 0.94569006162006952 2.3502401828962087 0.95125790871679794 2.1383330595080281 0.8500000000000002 0.52500000000000013 0.94758421325152764 0.87314886671764558 0.8500000000000002 0.95125790871679794
decision_type=2 2 2 2 2 2 2 2 2 2 2 2 2 2
left_child=1 6 4 11 -2 -4 12 13 -7 -5 -11 -3 -1 -6
right_child=2 3 5 9 7 8 -8 -9 -10 10 -12 -13 -14 -15
leaf_value=-0.00058430086480046187 0.0014684694110106604 1.4909057336590403e-05 0.0037022511005522386 0.00057825222501783576 0.0021429082311364141 0.0052210458001335936 1.4909057336590403e-05 0.0035908162760091345 0.0075011707629210177 0.00088951501323424737 0.0014684694110106604 0.00041071114239872992 -0.00027339933659891797 0.0029787821380100232
leaf_weight=66327 1050 5035 1173 2142 2702 1239 1980 884 349 4362 3685 6216 2111 467
leaf_count=66327 1050 5035 1173 2142 2702 1239 1980 884 349 4362 3685 6216 2111 467
internal_value=8.80037e-07 -0.000273963 0.0032109 0.000556694 0.00231344 0.00486819 -0.000526876 0.00273257 0.00572656 0.00101405 0.00120078 0.000142458 -0.000561708 0.00236675
internal_weight=99722 91858 7864 21440 5103 2761 70418 4053 1588 10189 8047 11251 68438 3169
internal_count=99722 91858 7864 21440 5103 2761 70418 4053 1588 10189 8047 11251 68438 3169
is_linear=0
shrinkage=0.03


Tree=15
num_leaves=15
num_cat=0
split_feature=7 2 2 7 0 0 1 2 1 1 7 0 2 0
split_gain=96.5571 19.9162 11.7151 6.01626 3.65415 2.18561 1.51651 1.36075 1.33877 1.2242 1.21772 1.10916 0.853178 0.674198
threshold=1.4978661367769956 0.99176734511934739 0.87314886671764558 2.249904835165133 0.93952512508258235 0.91736582666635524 0.8500000000000002 0.97783361301906313 0.52500000000000013 0.52500000000000013 2.0126758453675748 0.13291094265878203 0.71676940635557951 0.85044811200350534
decision_type=2 2 2 2 2 2 2 2 2 2 2 2 2 2
left_child=2 4 5 10 7 9 -5 -2 13 11 -3 -1 -11 -4
right_child=1 3 8 6 -6 -7 -8 -9 -10 12 -12 -13 -14 -15
leaf_value=-0.0008013457187539 0.001099278220148666 0.0028669062788325575 3.6149212106926074e-05 0.0048637207406322849 0.0028669062788325575 3.5618539319773486e-06 0.0068516515868747331 0.0019274853390172755 0.00076472167287882286 -0.00050869984204104013 0.0039258126530766361 -0.00050869984204104013 -0.00026239659075378668 0.00041949670735461368
leaf_weight=19251 4117 1221 2427 1693 1276 7743 444 2145 7990 9450 1061 19983 19394 1270
leaf_count=19251 4117 1221 2427 1693 1276 7743 444 2145 7990 9450 1061 19983 19394 1270
internal_value=7.76628e-06 0.00253631 -0.000337757 0.00413529 0.00159852 -0.000474035 0.00527976 0.00129751 0.000546334 -0.000528355 0.0030617 -0.000637439 -0.000379961 7.42717e-05
internal_weight=99465 11957 87508 4419 7538 75821 2137 6262 11687 68078 2282 39234 28844 3697
internal_count=99465 11957 87508 4419 7538 75821 2137 6262 11687 68078 2282 39234 28844 3697
is_linear=0
shrinkage=0.03


Tree=16
num_leaves=15
num_cat=0
split_feature=7 2 2 4 7 2 7 7 1 1 7 1 2 7
split_gain=85.8974 17.6124 9.5996 3.46223 3.41844 3.07984 2.44707 2.01071 1.26012 0.983653 0.847195 0.793286 0.622304 0.555674
threshold=1.7005986908310777 0.8649207029794278 0.99716559143045824 5.415744872117046e-05 1.2424533248940004 0.94569006162006952 2.3502401828962087 2.1383330595080281 0.52500000000000013 0.8500000000000002 1.4978661367769956 0.8500000000000002 0.87314886671764558 0.89587973461402759
decision_type=2 2 2 2 2 2 2 2 2 2 2 2 2 2
left_child=1 3 5 -1 12 -2 -4 -7 -6 -8 -10 -5 -3 -14
right_child=2 4 6 11 8 7 9 -9 10 -11 -12 -13 13 -15
leaf_value=-0.00089343453626710171 0.0014141042246959051 2.4440621508869783e-05 0.0034387065955814784 -0.00038642090947027779 0.00053695508045048513 0.0023004371385952124 0.0048736458896292021 0.0033971703125859247 0.00085756898289832432 0.0067258110413437383 0.0014141042246959051 2.4440621508869783e-05 0.00019868301152269909 0.00053695508045048513
leaf_weight=13787 1057 5033 1129 54443 2105 3072 1225 854 4915 339 3084 1989 747 5497
leaf_count=13787 1057 5033 1129 54443 2105 3072 1225 854 4915 339 3084 1989 747 5497
internal_value=1.77516e-05 -0.000237713 0.00306592 -0.000467258 0.000516139 0.00228521 0.00450913 0.00270617 0.000916859 0.00527915 0.00110626 -0.000363124 0.000157051 0.000372925
internal_weight=99276 91600 7676 70219 21381 4983 2693 3926 10104 1564 7999 56432 11277 6244
internal_count=99276 91600 7676 70219 21381 4983 2693 3926 10104 1564 7999 56432 11277 6244
is_linear=0
shrinkage=0.03


Tree=17
num_leaves=15
num_cat=0
split_feature=7 2 2 2 1 0 7 0 0 7 2 1 1 0
split_gain=87.726 17.8636 9.58646 4.46305 2.30683 2.28161 2.16163 1.79764 1.16433 1.08855 1.02436 0.652208 0.618583 0.60939
threshold=1.4978661367769956 0.99716559143045824 0.86091253323481742 0.97783361301906313 0.52500000000000013 0.95387771166861068 1.8688348091416842 0.92709953710436832 0.9206875041127206 2.249904835165133 0.94929573612967555 0.8500000000000002 0.8500000000000002 0.85684610716998588
decision_type=2 2 2 2 2 2 2 2 2 2 2 2 2 2
left_child=2 3 7 8 13 9 -5 12 -2 -3 11 -6 -1 -4
right_child=1 5 4 6 10 -7 -8 -9 -10 -11 -12 -13 -14 -15
leaf_value=-0.00054750327932673261 0.0010457311412095413 0.0031641612073330292 -8.8661852357553066e-05 0.0019027158764066193 0.00031970964468314243 0.0058029089988540115 0.0031641612073330292 -8.8661852357553066e-05 0.0018212728556039992 0.0045168084113389757 0.0010457311412095413 0.00074100994600576585 -0.00030677346061440478 0.00023145191237403182
leaf_weight=62861 3471 700 4082 2505 8617 883 1856 5092 1415 1151 1506 1528 2009 1876
leaf_count=62861 3471 700 4082 2505 8617 883 1856 5092 1415 1151 1506 1528 2009 1876
internal_value=6.66498e-06 0.00241421 -0.000322746 0.00178398 0.000302894 0.00454434 0.0024816 -0.000480218 0.00116094 0.00394114 0.000551566 0.000436289 -0.000524885 -8.86619e-05
internal_weight=99552 11981 87571 9247 17609 2734 4361 69962 4886 1851 11651 10145 64870 5958
internal_count=99552 11981 87571 9247 17609 2734 4361 69962 4886 1851 11651 10145 64870 5958
is_linear=0
shrinkage=0.03


Tree=18
num_leaves=15
num_cat=0
split_feature=7 7 7 4 0 1 0 0 1 0 0 0 1 7
split_gain=79.1282 15.6014 9.6153 4.03483 2.47013 2.15836 1.99873 1.96747 1.60602 1.47937 1.04212 0.969158 0.702497 0.631278
threshold=1.7005986908310777 1.2424533248940004 2.249904835165133 5.415744872117046e-05 0.95125790871679794 0.52500000000000013 0.94338241079822194 0.93515805061906587 0.52500000000000013 0.85684610716998588 0.87056134548038255 0.87570779398083698 0.8500000000000002 1.8688348091416842
decision_type=2 2 2 2 2 2 2 2 2 2 2 2 2 2
left_child=1 3 4 10 11 9 -4 8 -3 -5 -1 -2 -7 -13
right_child=2 7 6 5 -6 12 -8 -9 -10 -11 -12 13 -14 -15
leaf_value=-0.00097849284347545124 0.001410432512019013 0.00016608457276350027 0.0036866693324635663 -0.00057371998807040369 0.0033498974558583295 -0.00016104633783823002 0.0054277540478600006 0.0013401655647878046 0.00078259356950921024 -0.0002830991884075717 -0.00057518253073552317 0.0018577009045627492 0.00016608457276350027 0.002634056186495674
leaf_weight=12611 1929 2383 1297 28396 821 26594 1115 1731 8566 6689 1954 1040 2720 1488
leaf_count=12611 1929 2383 1297 28396 821 26594 1115 1731 8566 6689 1954 1040 2720 1488
internal_value=1.41639e-06 -0.000243868 0.0029242 -0.000400724 0.00220636 -0.00029873 0.00449344 0.000732893 0.000572734 -0.000457479 -0.000851635 0.00191821 -0.000108719 0.00230497
internal_weight=99334 91644 7690 78964 5278 64399 2412 12680 10949 35085 14565 4457 29314 2528
internal_count=99334 91644 7690 78964 5278 64399 2412 12680 10949 35085 14565 4457 29314 2528
is_linear=0
shrinkage=0.03


Tree=19
num_leaves=15
num_cat=0
split_feature=7 2 2 7 4 0 0 0 0 2 0 2 7 0
split_gain=71.7386 16.6478 9.35327 5.23108 3.56127 2.44447 1.98727 1.24525 1.19255 0.980874 0.967892 0.911347 0.74874 0.647856
threshold=1.4978661367769956 0.99176734511934739 0.86909053175326456 2.1383330595080281 6.6684448695397705e-05 0.94952624896541249 0.94952624896541249 0.95125790871679794 0.067110155709087863 0.9438290797026655 0.74487135000526916 0.94929573612967555 2.602003343538398 0.88678163150325429
decision_type=2 2 2 2 2 2 2 2 2 2 2 2 2 2
left_child=2 5 4 -3 10 9 12 -6 -4 -2 -1 -10 -5 -11
right_child=1 3 8 6 7 -7 -8 -9 11 13 -12 -13 -14 -15
leaf_value=-0.00099500017548789657 0.00094769426308931011 0.0024813969087210887 -7.6782465542798204e-06 0.0034830408728632515 -0.00035985288421602285 0.0024813969087210887 0.005490512354547953 -7.6782465542798204e-06 0.00041417975803862642 0.0011980507619736836 -0.0005893483141662495 0.00094769426308931011 0.0046500802999154709 0.0017983779663922851
leaf_weight=11343 2298 1784 1651 1178 57494 904 1067 1814 10643 2387 3008 1864 419 1872
leaf_count=11343 2298 1784 1651 1178 57494 904 1067 1814 10643 2387 3008 1864 419 1872
internal_value=3.41785e-06 0.00218829 -0.000292897 0.00364085 -0.000428635 0.00132194 0.00448468 -0.000326013 0.000413278 0.00111536 -0.000852683 0.000527488 0.00380965 0.00144841
internal_weight=99726 11909 87817 4448 73659 7461 2664 59308 14158 6557 14351 12507 1597 4259
internal_count=99726 11909 87817 4448 73659 7461 2664 59308 14158 6557 14351 12507 1597 4259
is_linear=0
shrinkage=0.03


Tree=20
num_leaves=15
num_cat=0
split_feature=7 2 2 7 4 0 0 7 0 2 0 7 7 2
split_gain=70.6777 14.7161 8.48579 4.45582 3.30071 2.80453 1.98445 1.52442 1.23031 0.991108 0.984166 0.843426 0.623378 0.497151
threshold=1.4978661367769956 0.99176734511934739 0.87314886671764558 2.602003343538398 6.6684448695397705e-05 0.91736582666635524 0.95387771166861068 1.2424533248940004 0.91131720039993536 0.94569006162006952 0.71796602103859197 2.249904835165133 0.89587973461402759 0.97857930575000196
decision_type=2 2 2 2 2 2 2 2 2 2 2 2 2 2
left_child=2 5 4 6 10 13 11 -6 12 -7 -1 -3 -4 -2
right_child=1 3 8 -5 7 9 -8 -9 -10 -11 -12 -13 -14 -15
leaf_value=-0.00094937085358659567 0.00095363216682307363 0.0024719763431796864 4.3269249412773443e-05 0.0054099329645574592 -0.00033707929638552745 0.0015782447472841468 0.0042387770958503624 4.3269249412773443e-05 0.00095363216682307363 0.0024719763431796864 -0.00054840236047069303 0.0034649609714577259 0.00042572338111910289 0.0014919713710949568
leaf_weight=11214 3450 1870 677 929 58444 862 728 2998 2453 1687 3209 867 8482 1549
leaf_count=11214 3450 1870 677 929 58444 862 728 2998 2453 1687 3209 867 8482 1549
internal_value=1.90111e-05 0.0021838 -0.000276539 0.00356396 -0.000392138 0.00137999 0.00306762 -0.000296255 0.000478677 0.00218975 -0.000800549 0.00269114 0.000315687 0.000966735
internal_weight=99419 11942 87477 4394 75865 7548 3465 61442 11612 2549 14423 2737 9159 4999
internal_count=99419 11942 87477 4394 75865 7548 3465 61442 11612 2549 14423 2737 9159 4999
is_linear=0
shrinkage=0.03


Tree=21
num_leaves=15
num_cat=0
split_feature=7 2 2 7 2 4 7 7 1 2 1 1 7 7
split_gain=65.2822 14.8306 8.49687 2.92494 2.50939 2.34366 1.4827 1.31644 1.27542 0.808082 0.682401 0.524516 0.405054 0.398528
threshold=1.7005986908310777 0.86091253323481742 0.99716559143045824 1.2424533248940004 0.94569006162006952 5.415744872117046e-05 2.1383330595080281 2.3502401828962087 0.52500000000000013 0.87314886671764558 0.8500000000000002 0.8500000000000002 1.4978661367769956 0.89587973461402759
decision_type=2 2 2 2 2 2 2 2 2 2 2 2 2 2
left_child=1 5 4 9 -2 -1 -6 -4 -5 -3 -7 -9 -10 -11
right_child=2 3 7 8 6 10 -8 11 12 13 -12 -13 -14 -15
leaf_value=-0.00077407119645231577 0.0012178441687352593 2.7791760458658391e-05 0.0032265521178185424 0.00049546382540661645 0.0019768709413371085 -0.00035970250817833193 0.0029641378097161391 0.0042751047497715487 0.00086429691929285426 0.00021634675669788327 2.7791760458658391e-05 0.0056359865877996474 0.0012178441687352593 0.00049546382540661645
leaf_weight=13816 1050 4983 1146 2095 3142 54693 867 1225 4938 735 1995 339 3135 5431
leaf_count=13816 1050 4983 1146 2095 3142 54693 867 1225 4938 735 1995 339 3135 5431
internal_value=9.36095e-06 -0.00021407 0.00264976 0.000479299 0.00192298 -0.000423715 0.00230916 0.0040053 0.000847247 0.00014368 -0.000338314 0.00457349 0.00104142 0.000404902
internal_weight=99590 91821 7769 21317 5059 70504 4009 2710 10168 11149 56688 1564 8073 6166
internal_count=99590 91821 7769 21317 5059 70504 4009 2710 10168 11149 56688 1564 8073 6166
is_linear=0
shrinkage=0.03


Tree=22
num_leaves=15
num_cat=0
split_feature=7 2 2 0 0 4 0 7 7 2 0 2 0 7
split_gain=59.6188 12.0493 7.20338 3.68252 2.65674 2.32899 1.35698 1.27056 1.10742 0.893861 0.861626 0.808222 0.735521 0.630345
threshold=1.4978661367769956 0.99200948670712552 0.86091253323481742 0.95125790871679794 0.93952512508258235 0.0011528772282501378 0.93395699653774511 2.249904835165133 1.2424533248940004 0.9438290797026655 0.71068182308226835 0.99695710213171729 0.95125790871679794 1.8688348091416842
decision_type=2 2 2 2 2 2 2 2 2 2 2 2 2 2
left_child=2 4 5 7 9 10 8 -3 -4 -2 -1 -5 -7 -11
right_child=1 3 6 11 -6 12 -8 -9 -10 13 -12 -13 -14 -15
leaf_value=-0.00088423345706401479 0.00086272333261489854 0.0022689482593354865 -3.8961841840405663e-08 0.0036488774083549588 0.0022689482593354865 -0.00033951276075714758 0.00086272333261489854 0.0034186730460145174 0.00052342470345859344 0.0011034620202022226 -0.00052675979006870373 0.0050267180856166877 -6.158228808399017e-05 0.001644525067935267
leaf_weight=11238 2224 1760 10188 268 1317 53838 1751 1271 5656 3226 3185 1012 1580 928
leaf_count=11238 2224 1760 10188 268 1317 53838 1751 1271 5656 3226 3185 1012 1580 928
internal_value=7.70999e-06 0.00198994 -0.000264493 0.00325959 0.00127831 -0.000401166 0.000278001 0.00268813 0.000186849 0.0010201 -0.000740744 0.00460963 -0.000312776 0.0013442
internal_weight=99442 12006 87436 4311 7695 69841 17595 3031 15844 6378 14423 1280 55418 4154
internal_count=99442 12006 87436 4311 7695 69841 17595 3031 15844 6378 14423 1280 55418 4154
is_linear=0
shrinkage=0.03


Tree=23
num_leaves=15
num_cat=0
split_feature=7 2 0 2 7 0 2 1 1 7 2 0 7 0
split_gain=57.6458 10.9737 6.94407 3.27565 2.4335 1.94491 1.90952 1.22329 1.07446 0.974225 0.600045 0.678091 0.598698 0.581649
threshold=1.7005986908310777 0.86091253323481742 0.94338241079822194 0.99176734511934739 1.4978661367769956 0.9206875041127206 0.99707334944142667 0.8500000000000002 0.52500000000000013 2.249904835165133 0.70949527351466812 0.082246411591768279 1.2424533248940004 0.88041245006024849
decision_type=2 2 2 2 2 2 2 2 2 2 2 2 2 2
left_child=1 5 3 13 8 10 -4 -8 -3 -5 -1 -12 -10 -2
right_child=2 4 6 9 -6 -7 7 -9 12 -11 11 -13 -14 -15
leaf_value=-0.00055948706721222039 0.0011334677828999376 -6.7444035627550572e-06 0.0029213614536555102 0.0021123813516988979 0.0010756468598051316 -6.7444035627550572e-06 0.0041370301469374898 0.006338431119511369 0.00021992967206948847 0.0029116245682244126 -0.00046531596511824975 -0.00026888227975613879 0.000652570961754855 0.0017526934539999516
leaf_weight=24997 1383 6055 985 1714 3741 6310 900 311 6706 1091 14195 24778 5045 1385
leaf_count=24997 1383 6055 985 1714 3741 6310 900 311 6706 1091 14195 24778 5045 1385
internal_value=-2.14613e-06 -0.00021209 0.00247903 0.00191541 0.000380189 -0.000393678 0.00390784 0.00470714 0.000234023 0.0026379 -0.000444749 -0.000371145 0.000405713 0.00118258
internal_weight=99596 91827 7769 5573 21547 70280 2196 1211 17806 2805 63970 38973 11751 2768
internal_count=99596 91827 7769 5573 21547 70280 2196 1211 17806 2805 63970 38973 11751 2768
is_linear=0
shrinkage=0.03


Tree=24
num_leaves=15
num_cat=0
split_feature=7 2 2 0 7 0 2 0 7 0 1 0 7 1
split_gain=53.9448 12.6075 6.67474 3.52764 1.87448 1.63018 1.56208 0.927609 0.853657 0.805588 0.766482 0.545625 0.539512 0.47553
threshold=1.4978661367769956 0.99716559143045824 0.87314886671764558 0.94952624896541249 2.602003343538398 0.94338241079822194 0.97783361301906313 0.94952624896541249 1.2424533248940004 0.051865333691239364 0.8500000000000002 0.92608190327882778 2.1383330595080281 0.52500000000000013
decision_type=2 2 2 2 2 2 2 2 2 2 2 2 2 2
left_child=2 3 5 6 7 8 -2 -3 -1 -4 -6 13 -8 -11
right_child=1 4 9 -5 10 -7 12 -9 -10 11 -12 -13 -14 -15
leaf_value=-0.0004239759823888513 0.00081536281726550552 0.002686286977840032 2.2577107780916981e-05 0.0025214549070396905 0.0042682101450717217 2.2577107780916981e-05 0.0013499783851584372 0.0039750841961705419 -0.00018652742919162844 0.00026324294065511458 0.0062851009475634783 0.00081536281726550552 0.0018199026397894115 0.00057435885766610173
leaf_weight=70254 4306 1296 1036 1269 649 2958 3121 540 2765 2702 239 1726 487 6176
leaf_count=70254 4306 1296 1036 1269 649 2958 3121 540 2765 2702 239 1726 487 6176
internal_value=-3.16802e-06 0.00189138 -0.000260652 0.00135944 0.00368347 -0.000363142 0.00111835 0.00313266 -0.000395632 0.000408296 0.0048175 0.000503909 0.00158417 0.00040155
internal_weight=99524 11907 87617 9183 2724 75977 7914 1836 73019 11640 888 10604 3608 8878
internal_count=99524 11907 87617 9183 2724 75977 7914 1836 73019 11640 888 10604 3608 8878
is_linear=0
shrinkage=0.03


Tree=25
num_leaves=15
num_cat=0
split_feature=2 7 2 0 1 0 0 7 0 1 7 2 1 0
split_gain=49.2288 13.1424 6.32942 2.44083 1.95371 1.49092 1.35205 0.845166 0.790429 0.569253 0.529952 0.461468 0.383198 0.381071
threshold=0.94758421325152764 2.0126758453675748 0.8649207029794278 0.91624357923865329 0.52500000000000013 0.92399195209145557 0.95125790871679794 1.4978661367769956 0.95387771166861068 0.8500000000000002 1.7005986908310777 0.99695710213171729 0.8500000000000002 0.88870131224393856
decision_type=2 2 2 2 2 2 2 2 2 2 2 2 2 2
left_child=2 5 6 -3 13 10 9 -6 -5 -1 -2 -10 -13 -4
right_child=1 3 4 8 7 -7 -8 -9 11 -11 -12 12 -14 -15
leaf_value=-0.00041934609912862026 0.00079838730721521595 0.0021980031615420922 -4.3874915206282179e-05 0.0033414440726617454 0.00037648502405029347 0.0018279468484522325 -4.3874915206282179e-05 0.00079838730721521595 0.0038780427102523022 -0.00021998186945529986 0.0013387664769010231 0.0044267200494911485 0.0059381596265787569 0.0002333545069804988
leaf_weight=66356 3999 1283 4246 1471 9617 2023 2064 1860 253 2163 1770 633 215 1432
leaf_count=66356 3999 1283 4246 1471 9617 2023 2064 1860 253 2163 1770 633 215 1432
internal_value=3.78928e-06 0.00183626 -0.000239485 0.00326882 0.000277353 0.00112719 -0.000365103 0.000510584 0.00380239 -0.000396089 0.000881184 0.00441464 0.00481647 -4.38749e-05
internal_weight=99385 11647 87738 3855 17155 7792 70583 11477 2572 68519 5769 1101 848 5678
internal_count=99385 11647 87738 3855 17155 7792 70583 11477 2572 68519 5769 1101 848 5678
is_linear=0
shrinkage=0.03


Tree=26
num_leaves=15
num_cat=0
split_feature=2 7 2 7 1 4 1 1 7 2 1 1 7 7
split_gain=47.2953 12.235 6.7482 2.27771 1.91783 1.70589 1.01795 0.829425 0.82454 0.597192 0.507759 0.363072 0.224368 0.21936
threshold=0.94758421325152764 1.8688348091416842 0.8649207029794278 2.249904835165133 0.52500000000000013 0.0011528772282501378 0.8500000000000002 0.52500000000000013 1.4978661367769956 0.99902387026427142 0.8500000000000002 0.8500000000000002 1.2424533248940004 2.6735537653587347
decision_type=2 2 2 2 2 2 2 2 2 2 2 2 2 2
left_child=2 7 5 -3 -4 -1 13 -2 11 -8 -7 -6 -9 -5
right_child=1 3 4 6 8 10 9 12 -10 -11 -12 -13 -14 -15
leaf_value=-0.00067350686085810424 0.00076243621213321975 0.0022888802413273332 -5.0980664104252489e-05 0.0030227082535158483 0.00027593954662841175 -0.00032765388484582618 0.0039957651350840057 0.00097310669238559412 0.00076243621213321975 0.0056241770682281984 -5.0980664104252489e-05 0.00056617628224437798 0.001265461197861749 0.0037547548834750751
leaf_weight=14365 1295 2605 5618 1305 8363 54332 203 243 1858 320 2026 1436 5199 551
leaf_count=14365 1295 2605 5618 1305 8363 54332 203 243 1858 320 2026 1436 5199 551
internal_value=-1.33833e-05 0.00177671 -0.000251834 0.00290349 0.000279711 -0.000381673 0.00357524 0.000942811 0.000505898 0.00474959 -0.000307277 0.000369916 0.00118378 0.00324194
internal_weight=99719 11721 87998 4984 17275 70723 2379 6737 11657 523 56358 9799 5442 1856
internal_count=99719 11721 87998 4984 17275 70723 2379 6737 11657 523 56358 9799 5442 1856
is_linear=0
shrinkage=0.03


Tree=27
num_leaves=15
num_cat=0
split_feature=2 0 2 2 4 2 1 0 0 1 0 1 0 1
split_gain=45.3465 8.88721 5.31318 3.07282 2.31659 2.26125 1.51559 0.812894 0.739015 0.732625 0.629031 0.601737 0.556301 0.451645
threshold=0.94758421325152764 0.91736582666635524 0.86091253323481742 0.99899322516675126 6.6684448695397705e-05 0.99200948670712552 0.52500000000000013 0.92709953710436832 0.77252978645265113 0.8500000000000002 0.95125790871679794 0.8500000000000002 0.88041245006024849 0.52500000000000013
decision_type=2 2 2 2 2 2 2 2 2 2 2 2 2 2
left_child=2 5 4 10 12 -2 -4 13 -7 -5 -3 -8 -1 -6
right_child=1 3 6 9 7 8 11 -9 -10 -11 -12 -13 -14 -15
leaf_value=-0.00078315696067097161 0.00076186370803601382 0.0019702981867658269 -5.486864932630921e-05 0.0035720136565635264 -0.0003792262575910026 0.0013265819401034669 0.00034211455165191477 -5.486864932630921e-05 0.0018913001721709202 0.0052578013354034805 0.0027961310502070511 0.00076186370803601382 -0.00047850030283723313 -0.00020100826826692397
leaf_weight=12408 5026 2265 5627 995 29557 459 9802 4372 1276 311 1328 1758 1639 22578
leaf_count=12408 5026 2265 5627 995 29557 459 9802 4372 1276 311 1328 1758 1639 22578
internal_value=-1.59236e-07 0.00175748 -0.000233751 0.00273039 -0.000348973 0.00105221 0.000239235 -0.000263255 0.0018913 0.00397717 0.00227623 0.000441702 -0.000693745 -0.000302051
internal_weight=99401 11660 87741 4899 70554 6761 17187 56507 1735 1306 3593 11560 14047 52135
internal_count=99401 11660 87741 4899 70554 6761 17187 56507 1735 1306 3593 11560 14047 52135
is_linear=0
shrinkage=0.03


Tree=28
num_leaves=15
num_cat=0
split_feature=7 2 7 0 0 7 2 7 1 2 0 2 0 7
split_gain=41.9268 8.84526 4.83061 2.24934 2.10764 1.44933 1.37128 1.20244 0.864268 0.467271 0.459598 0.458006 0.412565 0.41185
threshold=1.4978661367769956 0.99695710213171729 1.2424533248940004 0.88678163150325429 0.92709953710436832 2.3502401828962087 0.72404055242268461 1.8688348091416842 0.8500000000000002 0.97932899620196434 0.080185010097920909 0.94929573612967555 0.95125790871679794 0.89587973461402759
decision_type=2 2 2 2 2 2 2 2 2 2 2 2 2 2
left_child=2 3 4 9 6 12 13 -5 -7 -2 -8 -4 -3 -1
right_child=1 5 11 7 -6 8 10 -9 -10 -11 -12 -13 -14 -15
leaf_value=-0.00049669818688324722 0.00071016944267993825 0.0021396176799854684 0.00032386978136306763 0.0012773061216899712 6.6242546128037874e-05 0.0033186555212664746 -0.00032678957607373127 0.0021396176799854684 0.0050089605978352316 0.0011776853987070784 -0.00014591188295727536 0.00071016944267993825 0.003020051807044143 -0.00032678957607373127
leaf_weight=40746 2806 1016 6788 3003 5987 1260 8030 1688 354 1484 19948 1660 305 4316
leaf_count=40746 2806 1016 6788 3003 5987 1260 8030 1688 354 1484 19948 1660 305 4316
internal_value=-1.08008e-05 0.00165856 -0.00023822 0.00119107 -0.000311111 0.00308816 -0.000358066 0.0016452 0.00369226 0.000710169 -0.000193088 0.000443597 0.00234784 -0.000460491
internal_weight=99391 11916 87475 8981 79027 2935 73040 4691 1614 4290 27978 8448 1321 45062
internal_count=99391 11916 87475 8981 79027 2935 73040 4691 1614 4290 27978 8448 1321 45062
is_linear=0
shrinkage=0.03


Tree=29
num_leaves=15
num_cat=0
split_feature=7 2 2 2 4 7 1 7 7 1 1 1 1 2
split_gain=40.4983 8.20836 4.66996 2.20477 1.91753 1.59109 1.20876 0.927723 0.683473 0.549011 0.499859 0.488162 0.316509 0.271782
threshold=1.4978661367769956 0.99695710213171729 0.86091253323481742 0.97783361301906313 6.6684448695397705e-05 2.8617925509761908 0.52500000000000013 2.1383330595080281 2.0126758453675748 0.8500000000000002 0.8500000000000002 0.8500000000000002 0.8500000000000002 0.94929573612967555
decision_type=2 2 2 2 2 2 2 2 2 2 2 2 2 2
left_child=2 3 4 9 -1 8 -4 -5 -3 -2 -6 13 -10 -8
right_child=1 5 6 7 10 -7 11 -9 12 -11 -12 -13 -14 -15
leaf_value=-0.00064263316067963787 0.00071008110074116107 0.0021088110155595575 -5.8077844491267964e-05 0.0014501456920791174 -0.00027542609005858434 0.0048337999600015034 0.00023433544879956138 0.0021088110155595575 0.0028015171341676821 0.0012284744449301544 -5.8077844491267964e-05 0.00071008110074116107 0.0037496790772665206 0.00050768926915565411
leaf_weight=14159 4088 298 6021 3553 53983 381 8611 624 1843 761 1968 1946 396 1120
leaf_count=14159 4088 298 6021 3553 53983 381 8611 624 1843 761 1968 1946 396 1120
internal_value=2.10691e-06 0.001641 -0.000220838 0.0011936 -0.000330759 0.00302402 0.000214603 0.00169877 0.00275044 0.000758181 -0.000251826 0.000395627 0.00297081 0.000305297
internal_weight=99752 11944 87808 9026 70110 2918 17698 4177 2537 4849 55951 11677 2239 9731
internal_count=99752 11944 87808 9026 70110 2918 17698 4177 2537 4849 55951 11677 2239 9731
is_linear=0
shrinkage=0.03


Tree=30
num_leaves=15
num_cat=0
split_feature=7 2 2 0 0 2 0 1 1 7 2 0 7 0
split_gain=39.6743 7.20645 4.85499 2.00147 1.73905 1.67425 1.30942 1.1323 1.04682 1.03175 0.780173 0.663418 0.646406 0.58729
threshold=1.7005986908310777 0.87314886671764558 0.99695710213171729 0.95886729867197584 0.92709953710436832 0.94193851583988997 0.93515805061906587 0.52500000000000013 0.52500000000000013 1.8688348091416842 0.71676940635557951 0.85369287617504608 2.524928003624769 0.53334370721131574
decision_type=2 2 2 2 2 2 2 2 2 2 2 2 2 2
left_child=1 4 5 12 8 -2 7 -3 13 -7 -10 -11 -4 -1
right_child=2 6 3 -5 -6 9 -8 -9 10 11 -12 -13 -14 -15
leaf_value=-0.0005088080356006249 0.00095617238376572941 7.3140405813826507e-05 0.0022752122820329144 0.0045503085098168375 7.3140405813826507e-05 0.0013874269027476199 0.00095617238376572941 0.00051474005250173361 -0.00031130947866841286 0.0018270046990376241 -0.00012723665800278504 0.0022752122820329144 0.0033591452720126919 -0.00031130947866841286
leaf_weight=27595 905 3896 1497 630 5986 1763 1721 9597 9842 520 20597 1623 742 12745
leaf_count=27595 905 3896 1497 630 5986 1763 1721 9597 9842 520 20597 1623 742 12745
internal_value=6.98909e-06 -0.000165983 0.00207833 0.0030551 -0.0002842 0.00149532 0.00043048 0.000324509 -0.000327614 0.00181868 -0.000194786 0.00226658 0.00263254 -0.000427833
internal_weight=99659 91979 7680 2869 76765 4811 15214 13493 70779 3906 30439 2143 2239 40340
internal_count=99659 91979 7680 2869 76765 4811 15214 13493 70779 3906 30439 2143 2239 40340
is_linear=0
shrinkage=0.03


Tree=31
num_leaves=15
num_cat=0
split_feature=2 2 0 0 4 2 1 2 1 1 0 0 0 2
split_gain=34.7092 7.11549 3.98061 2.31433 1.97536 1.2836 1.01732 0.888551 0.805093 0.718756 0.631752 0.467697 0.321933 0.317806
threshold=0.97857930575000196 0.87314886671764558 0.92608190327882778 0.89813163364306103 6.6684448695397705e-05 0.99870077516125511 0.52500000000000013 0.99902387026427142 0.8500000000000002 0.8500000000000002 0.74487135000526916 0.95125790871679794 0.95759151433594536 0.99200948670712552
decision_type=2 2 2 2 2 2 2 2 2 2 2 2 2 2
left_child=1 4 7 6 10 12 -3 13 11 -7 -1 -6 -4 -2
right_child=2 3 5 -5 8 9 -8 -9 -10 -11 -12 -13 -14 -15
leaf_value=-0.00068158612560701554 0.00095386772498786982 0.00010484258092486734 0.0021282484837778009 0.00095386772498786982 -0.00022626344271524607 0.0031365981288848238 0.0004754491210007066 0.0021282484837778009 0.00010484258092486734 0.0047522520723843028 -0.00037003171755966592 -4.8635113063032201e-05 0.002921313162100321 0.0015354143528022478
leaf_weight=11501 1882 3056 1257 4671 58274 1026 7573 582 2487 334 3060 1913 506 1544
leaf_count=11501 1882 3056 1257 4671 58274 1026 7573 582 2487 334 3060 1913 506 1544
internal_value=2.32894e-05 -0.000132134 0.00203987 0.000458907 -0.000249222 0.00284288 0.000213146 0.00141362 -0.000176087 0.00353658 -0.000563976 -0.000202113 0.00230604 0.00121605
internal_weight=99666 92535 7131 15300 77235 3123 10629 4008 62674 1360 14561 60187 1763 3426
internal_count=99666 92535 7131 15300 77235 3123 10629 4008 62674 1360 14561 60187 1763 3426
is_linear=0
shrinkage=0.03


Tree=32
num_leaves=15
num_cat=0
split_feature=2 7 2 0 0 0 1 1 7 7 0 0 0 0
split_gain=34.1426 9.47125 4.01668 1.76386 1.75861 1.15054 1.13178 0.867464 0.790266 0.704889 0.593955 0.512787 0.44127 0.372654
threshold=0.94758421325152764 2.1383330595080281 0.8649207029794278 0.91624357923865329 0.94755735015496623 0.89082346484065067 0.52500000000000013 0.52500000000000013 1.8688348091416842 1.4978661367769956 0.88678163150325429 0.13707750104367736 0.95125790871679794 0.90583918429911148
decision_type=2 2 2 2 2 2 2 2 2 2 2 2 2 2
left_child=2 3 5 8 10 7 13 11 -2 -8 -3 -1 -5 -4
right_child=1 4 6 12 -6 -7 9 -9 -10 -11 -12 -13 -14 -15
leaf_value=-0.00055457439929041546 0.00066332841367801776 0.0019985596786246482 -4.5339078871646011e-05 0.0013569346765905622 0.0038604306239102522 -4.5339078871646011e-05 0.00026564807646105 -0.00021498301418517891 0.00117920631652575 0.00066332841367801776 0.0027593267467452896 -0.00033105913919784317 0.0019985596786246482 0.00016978734157045304
leaf_weight=18802 4759 423 4458 1878 1211 10737 9686 24497 1049 1887 1380 16656 953 1191
leaf_count=18802 4759 423 4458 1878 1211 10737 9686 24497 1049 1887 1380 16656 953 1191
internal_value=1.55244e-06 0.00152737 -0.000200709 0.00102197 0.00297514 -0.000300797 0.000210119 -0.000352285 0.000722485 0.000384914 0.00237872 -0.000447135 0.00163593 -4.53391e-05
internal_weight=99567 11653 87914 8639 3014 70692 17222 59955 5808 11573 1803 35458 2831 5649
internal_count=99567 11653 87914 8639 3014 70692 17222 59955 5808 11573 1803 35458 2831 5649
is_linear=0
shrinkage=0.03


Tree=33
num_leaves=15
num_cat=0
split_feature=7 7 2 4 2 7 2 7 1 2 2 7 1 7
split_gain=32.6507 6.53954 3.94724 2.50036 1.87266 1.03437 0.966229 0.661069 0.568466 0.522991 0.373185 0.341538 0.267737 0.182769
threshold=1.7005986908310777 1.2424533248940004 0.99716559143045824 5.415744872117046e-05 0.94193851583988997 2.8617925509761908 0.87314886671764558 2.1383330595080281 0.52500000000000013 0.8649207029794278 0.71702660750274794 2.3502401828962087 0.8500000000000002 1.4978661367769956
decision_type=2 2 2 2 2 2 2 2 2 2 2 2 2 2
left_child=1 3 4 -1 -2 11 10 -6 -3 -10 -5 -4 -13 -11
right_child=2 8 5 6 7 -7 -8 -9 9 13 -12 12 -14 -15
leaf_value=-0.00060804184289066365 0.00086261096647629318 0.00011406608088648371 0.0021841391321546291 -0.00028796617045214585 0.0014958611401458325 0.0042632142603152281 0.00011406608088648371 0.0020963490238812845 0.00034991500243272987 0.00059143390545752844 -0.00013643484241368414 0.0026750975436933438 0.0034148458148004139 0.00086261096647629318
leaf_weight=14514 912 2746 1113 28297 3298 379 5744 876 1893 4940 30285 984 201 3146
leaf_count=14514 912 2746 1113 28297 3298 379 5744 876 1893 4940 30285 984 201 3146
internal_value=7.85511e-06 -0.000150526 0.00187575 -0.000252383 0.0013845 0.0028082 -0.000172126 0.00172036 0.000480515 0.000585764 -0.000209633 0.00256648 0.00292344 0.000706095
internal_weight=99328 91565 7763 78840 5086 2677 64326 4174 12725 9979 58582 2298 1185 8086
internal_count=99328 91565 7763 78840 5086 2677 64326 4174 12725 9979 58582 2298 1185 8086
is_linear=0
shrinkage=0.03


Tree=34
num_leaves=15
num_cat=0
split_feature=7 7 2 7 4 2 7 1 2 1 1 2 1 7
split_gain=28.5182 6.66465 3.85634 3.21878 1.95338 1.42602 0.712464 0.711395 0.603603 0.382345 0.337576 0.325856 0.39278 0.252956
threshold=1.7005986908310777 1.2424533248940004 0.97857930575000196 2.249904835165133 0.0011528772282501378 0.87314886671764558 2.8617925509761908 0.52500000000000013 0.94758421325152764 0.8500000000000002 0.8500000000000002 0.71702660750274794 0.20000000000000004 2.1383330595080281
decision_type=2 2 2 2 2 2 2 2 2 2 2 2 2 2
left_child=1 4 -2 13 -1 11 9 -3 10 -5 -9 12 -6 -4
right_child=2 7 3 6 5 -7 -8 8 -10 -11 -12 -13 -14 -15
leaf_value=-0.00055295005277459727 0.00080501853677889684 0.0001210512719533277 0.0014872063147409389 0.0025808740117723022 -0.00036423668324145201 0.0001210512719533277 0.0042016739625956459 0.00036537463105561132 0.00080501853677889684 0.0034967308700951396 0.00061293072987304625 -0.00015491070426857555 -0.00022594168061038555 0.0021436477544662241
leaf_weight=15295 2089 2781 2732 1540 15264 5689 395 5379 3710 343 883 30178 12771 589
leaf_count=15295 2089 2781 2732 1540 15264 5689 395 5379 3710 343 883 30178 12771 589
internal_value=8.36584e-07 -0.000145928 0.00175597 0.00216939 -0.00024842 -0.000175523 0.003038 0.000490523 0.000609698 0.00279179 0.000420843 -0.000223331 -0.000296973 0.00157285
internal_weight=99638 91950 7688 5599 79197 63902 2278 12753 9972 1883 6262 58213 28035 3321
internal_count=99638 91950 7688 5599 79197 63902 2278 12753 9972 1883 6262 58213 28035 3321
is_linear=0
shrinkage=0.03


Tree=35
num_leaves=15
num_cat=0
split_feature=2 7 7 4 7 2 1 1 1 2 1 1 7 2
split_gain=29.3904 7.23783 3.34453 2.48313 1.55714 1.09995 0.695228 0.602275 0.556173 0.399263 0.345786 0.313661 0.27853 0.201717
threshold=0.94758421325152764 1.8688348091416842 1.2424533248940004 6.6684448695397705e-05 2.524928003624769 0.87314886671764558 0.8500000000000002 0.52500000000000013 0.8500000000000002 0.71702660750274794 0.20000000000000004 0.35000000000000003 1.4978661367769956 0.71702660750274794
decision_type=2 2 2 2 2 2 2 2 2 2 2 2 2 2
left_child=2 7 3 13 -3 9 11 -2 -6 10 -5 -4 -13 -1
right_child=1 4 6 5 8 -7 -8 -9 -10 -11 -12 12 -14 -15
leaf_value=-0.00069850045839332461 0.00061488015253056592 0.0019752294555011661 5.6593948026525032e-05 -0.00037951639154267907 0.0028176856295902206 5.6593948026525032e-05 0.00061488015253056592 0.00097611056579226393 0.0042801416097208861 -0.00013274733064871968 -0.00021114289960325419 0.00019844903094925565 0.00042057785582133898 -0.00047709633238547975
leaf_weight=7901 1321 3786 1716 15361 900 5363 1059 5459 324 30275 12906 4218 2197 6995
leaf_count=7901 1321 3786 1716 15361 900 5363 1059 5459 324 30275 12906 4218 2197 6995
internal_value=5.86308e-06 0.00141237 -0.00018261 -0.000245774 0.00227699 -0.000164462 0.000358961 0.000773232 0.00320798 -0.000208458 -0.000289538 0.000226276 0.000340304 -0.00059457
internal_weight=99781 11790 87991 78801 5010 63905 9190 6780 1224 58542 28267 8131 6415 14896
internal_count=99781 11790 87991 78801 5010 63905 9190 6780 1224 58542 28267 8131 6415 14896
is_linear=0
shrinkage=0.03


Tree=36
num_leaves=15
num_cat=0
split_feature=2 7 1 2 4 7 2 7 1 7 7 1 1 2
split_gain=26.944 6.21771 3.26682 1.93772 1.3158 1.26834 0.639496 0.485365 0.339518 0.334825 0.303156 0.281704 0.25278 0.223786
threshold=0.94758421325152764 2.1383330595080281 0.8500000000000002 0.86909053175326456 5.415744872117046e-05 1.7005986908310777 0.98978721599366093 2.9174053685313028 0.52500000000000013 0.89587973461402759 1.2424533248940004 0.8500000000000002 0.8500000000000002 0.71702660750274794
decision_type=2 2 2 2 2 2 2 2 2 2 2 2 2 2
left_child=2 5 3 4 13 -2 -3 12 -5 -4 -6 -7 -8 -1
right_child=1 6 9 8 10 11 7 -9 -10 -11 -12 -13 -14 -15
leaf_value=-0.00064138443667165754 0.00064535486034965849 0.0017351504927558895 0.00019283145965633052 -6.1537238672458835e-05 -0.00022564012284375246 0.0012401999693449695 0.0023851949256122936 0.0037802675322142227 0.00019283145965633052 0.00059494466250922817 -6.1537238672458835e-05 0.0017351504927558895 0.003156613555650264 -0.00039817667116339215
leaf_weight=7558 5104 295 1470 4216 54858 2892 2000 322 7703 2496 3230 709 450 6211
leaf_count=7558 5104 295 1470 4216 54858 2892 2000 322 7703 2496 3230 709 450 6211
internal_value=1.15428e-05 0.00135917 -0.000169276 -0.000209282 -0.000268043 0.000949728 0.00252057 0.00267916 0.000144968 0.000594945 -0.000205535 0.00138084 0.00253296 -0.000531714
internal_weight=99514 11772 87742 83776 71857 8705 3067 2772 11919 3966 58088 3601 2450 13769
internal_count=99514 11772 87742 83776 71857 8705 3067 2772 11919 3966 58088 3601 2450 13769
is_linear=0
shrinkage=0.03


Tree=37
num_leaves=15
num_cat=0
split_feature=2 2 7 4 1 1 7 7 2 1 1 2 2 1
split_gain=24.4831 5.83271 4.45128 1.42822 1.28927 0.796493 0.636933 0.490474 0.486668 0.470996 0.386415 0.296193 0.263234 0.262958
threshold=0.97857930575000196 0.86909053175326456 2.1383330595080281 4.5953200775272769e-05 0.52500000000000013 0.52500000000000013 1.7005986908310777 2.8617925509761908 0.71702660750274794 0.8500000000000002 0.8500000000000002 0.94758421325152764 0.71702660750274794 0.8500000000000002
decision_type=2 2 2 2 2 2 2 2 2 2 2 2 2 2
left_child=1 3 6 8 -3 12 -2 -4 -1 11 -7 -6 -5 -8
right_child=2 4 7 5 9 10 13 -9 -10 -11 -12 -13 -14 -15
leaf_value=-0.00066905701915434177 0.00079694619820076589 7.208391441871972e-05 0.0024564493223588912 -0.00033636287944055818 0.00034717052063365186 -9.9337902326442692e-05 0.0012250880778410793 0.0036025502785592325 -0.00033636287944055818 0.00079694619820076589 7.208391441871972e-05 0.00062241725550810437 -0.00017726058258587206 0.0018519085604248023
leaf_weight=7514 1468 5114 2507 17378 7752 25267 2228 394 6195 2303 2298 2766 15975 580
leaf_count=7514 1468 5114 2507 17378 7752 25267 2228 394 6195 2303 2298 2766 15975 580
internal_value=1.84637e-05 -0.000112425 0.00170632 -0.000229171 0.000373339 -0.000166907 0.00109052 0.0026133 -0.000505819 0.000538397 -4.75804e-05 0.000447888 -0.000265522 0.00137619
internal_weight=99739 92562 7177 74627 17935 60918 4276 2901 13709 12821 27565 10518 33353 2808
internal_count=99739 92562 7177 74627 17935 60918 4276 2901 13709 12821 27565 10518 33353 2808
is_linear=0
shrinkage=0.03


Tree=38
num_leaves=15
num_cat=0
split_feature=7 7 0 4 0 0 1 0 0 1 7 1 1 7
split_gain=27.1925 4.60327 3.96178 2.3862 1.56943 1.06128 0.933452 1.08116 0.741621 0.673161 0.604945 0.573717 0.342386 0.295395
threshold=1.7005986908310777 1.2424533248940004 0.95125790871679794 4.024938489877173e-05 0.88041245006024849 0.95125790871679794 0.52500000000000013 0.85684610716998588 0.74487135000526916 0.52500000000000013 2.3502401828962087 0.8500000000000002 0.8500000000000002 1.8688348091416842
decision_type=2 2 2 2 2 2 2 2 2 2 2 2 2 2
left_child=1 3 4 8 -2 9 7 -5 -1 -3 -6 13 -8 -4
right_child=2 5 11 6 10 -7 12 -9 -10 -11 -12 -13 -14 -15
leaf_value=-0.00069314799563122728 0.00080579015652791121 0.00010196093217767149 0.0021804997098368679 -0.00034218012671209566 0.0015071003463831825 0.00080579015652791121 -5.3382505614443927e-05 -0.00011912552723462377 -0.00034638651265723905 0.00044628822636974145 0.0021804997098368679 0.0039791521002839145 0.00010196093217767149 0.0029245848469620942
leaf_weight=10967 2270 2557 224 28880 2751 1000 26811 6822 2927 9119 967 411 2729 1100
leaf_count=10967 2270 2557 224 28880 2751 1000 26811 6822 2927 9119 967 411 2729 1100
internal_value=2.29205e-05 -0.000120901 0.00173248 -0.000205919 0.00136633 0.000409841 -0.000129893 -0.00023311 -0.00056288 0.000303739 0.00174705 0.00299467 -5.14074e-06 0.00268629
internal_weight=99535 91812 7723 79136 5988 12676 65242 35702 13894 11676 3718 1735 29540 1324
internal_count=99535 91812 7723 79136 5988 12676 65242 35702 13894 11676 3718 1735 29540 1324
is_linear=0
shrinkage=0.03


Tree=39
num_leaves=15
num_cat=0
split_feature=2 7 0 2 0 0 1 1 1 7 2 0 1 7
split_gain=23.6752 5.43072 3.60696 2.25626 1.26459 1.05161 1.00496 0.665404 0.405777 0.355422 0.342786 0.278176 0.207725 0.191045
threshold=0.94569006162006952 2.0126758453675748 0.95125790871679794 0.8649207029794278 0.94952624896541249 0.92608190327882778 0.52500000000000013 0.8500000000000002 0.52500000000000013 2.6735537653587347 0.71702660750274794 0.082246411591768279 0.8500000000000002 0.89587973461402759
decision_type=2 2 2 2 2 2 2 2 2 2 2 2 2 2
left_child=2 5 3 7 9 8 -5 10 -2 -3 13 -12 -6 -1
right_child=1 4 -4 6 12 -7 -8 -9 -10 -11 11 -13 -14 -15
leaf_value=-0.00039253748300224599 0.00054376540476379137 0.0016257686407039821 0.00054376540476379137 -6.6732412242805821e-05 0.002697894653887139 0.0014156554397410628 0.00017489881135104426 -6.6732412242805821e-05 0.00082561940587858626 0.0023502910034790179 -0.00028837656968113464 -0.00017924915181164394 0.003583369759438806 -0.00028837656968113464
leaf_weight=30819 1263 2217 2957 5136 1000 2029 10280 2197 5262 361 10641 20987 331 4114
leaf_count=30819 1263 2217 2957 5136 1000 2029 10280 2197 5262 361 10641 20987 331 4114
internal_value=1.97627e-05 0.00124271 -0.000155177 -0.000193968 0.002169 0.000819208 0.000134047 -0.000267512 0.000633549 0.00177996 -0.000291766 -0.000220204 0.00292062 -0.00035655
internal_weight=99594 12463 87131 84174 3909 8554 15416 68758 6525 2578 66561 31628 1331 34933
internal_count=99594 12463 87131 84174 3909 8554 15416 68758 6525 2578 66561 31628 1331 34933
is_linear=0
shrinkage=0.03


Tree=40
num_leaves=15
num_cat=0
split_feature=7 0 2 2 4 7 0 0 0 7 0 2 7 0
split_gain=18.6214 5.23266 2.59107 2.0998 1.56905 1.22848 0.829634 0.619803 0.599542 0.56053 0.392044 0.304261 0.280646 0.23007
threshold=1.4978661367769956 0.94952624896541249 0.86091253323481742 0.99200948670712552 2.6234374248701456e-05 2.1383330595080281 0.93395699653774511 0.77252978645265113 0.67293749190866958 1.2424533248940004 0.95125790871679794 0.70949527351466812 2.8617925509761908 0.023788626305758957
decision_type=2 2 2 2 2 2 2 2 2 2 2 2 2 2
left_child=2 3 4 -2 8 -3 9 -5 -1 -4 11 -6 -7 -13
right_child=1 5 6 7 10 12 -8 -9 -10 -11 -12 13 -14 -15
leaf_value=-0.00068132329502693036 0.00052064143605438755 0.001683018294410511 -2.5883694486306045e-05 0.001001740225657707 -0.0002758787159427579 0.0028339133409098121 0.00048410224539912006 0.0016128197919472462 -0.00035455978993402981 0.00028981900160871926 -2.5883694486306045e-05 -0.00020428726027931391 0.0039757412671680469 -0.00010684523011015437
leaf_weight=9034 6752 1085 10282 374 21716 922 1714 2552 2807 5655 1688 4836 256 29872
leaf_count=9034 6752 1085 10282 374 21716 922 1714 2552 2807 5655 1688 4836 256 29872
internal_value=4.18836e-06 0.00111551 -0.000147303 0.000811671 -0.000229258 0.00241397 0.000177491 0.00148284 -0.000544003 9.55358e-05 -0.000165117 -0.000187807 0.00308521 -0.000132696
internal_weight=99545 11941 87604 9678 69953 2263 17651 2926 11841 15937 58112 56424 1178 34708
internal_count=99545 11941 87604 9678 69953 2263 17651 2926 11841 15937 58112 56424 1178 34708
is_linear=0
shrinkage=0.03


Tree=41
num_leaves=15
num_cat=0
split_feature=7 0 0 2 4 2 7 2 2 0 7 4 0 7
split_gain=20.0733 4.83766 2.79394 2.24042 1.66546 1.54505 0.933469 0.529532 0.430128 0.337708 0.303699 0.299754 0.276116 0.193973
threshold=1.4978661367769956 0.94952624896541249 0.95125790871679794 0.99143033224082477 8.2079964549564028e-06 0.86909053175326456 2.0126758453675748 0.99707334944142667 0.94193851583988997 0.069158812984824194 1.7005986908310777 0.066874186587333864 0.92172623891383421 2.8617925509761908
decision_type=2 2 2 2 2 2 2 2 2 2 2 2 2 2
left_child=2 3 4 8 12 -6 -5 -3 -2 -7 -10 -4 -1 -9
right_child=1 7 11 6 5 9 -8 13 10 -11 -12 -13 -14 -15
leaf_value=-0.00063566118339644108 0.00050282865984693488 0.0019776386911442303 0.00015717324009389584 0.0010412953848980911 -0.00020406412733588175 -2.3870217459893713e-05 0.0016343832004212223 0.0026757579634335686 0.0006543675105310405 0.00015717324009389584 0.0010412953848980911 0.00050282865984693488 -0.00035764481594725015 0.0036819461430021528
leaf_weight=8646 2127 1228 768 1049 62494 1578 2017 817 2393 11341 1976 2149 406 231
leaf_count=8646 2127 1228 768 1049 62494 1578 2017 817 2393 11341 1976 2149 406 231
internal_value=1.72771e-06 0.00116099 -0.000155334 0.000864946 -0.000188482 -0.000142325 0.00153327 0.00240382 0.000549321 0.000156324 0.000805906 0.000502829 -0.000572965 0.00290084
internal_weight=99220 11838 87382 9562 84465 75413 3066 2276 6496 12919 4369 2917 9052 1048
internal_count=99220 11838 87382 9562 84465 75413 3066 2276 6496 12919 4369 2917 9052 1048
is_linear=0
shrinkage=0.03


Tree=42
num_leaves=15
num_cat=0
split_feature=7 0 2 7 4 0 7 0 0 0 0 2 0 2
split_gain=18.1192 4.20756 2.87768 2.51742 1.1317 0.73597 0.66338 0.437814 0.432872 0.415596 0.266781 0.258947 0.258844 0.168697
threshold=1.4978661367769956 0.88678163150325429 0.86909053175326456 2.0126758453675748 6.6684448695397705e-05 0.069158812984824194 2.740319461670996 0.94952624896541249 0.95125790871679794 0.95125790871679794 0.93395699653774511 0.97932899620196434 0.92172623891383421 0.94929573612967555
decision_type=2 2 2 2 2 2 2 2 2 2 2 2 2 2
left_child=2 11 4 8 12 -4 7 -5 -3 -6 13 -2 -1 -7
right_child=1 3 5 6 9 10 -8 -9 -10 -11 -12 -13 -14 -15
leaf_value=-0.0005165549706542188 0.00047510512090750609 0.0010170773152467201 1.0561228911073434e-05 0.0016554343960825963 -0.00018541410170283299 0.00020925121988583445 0.0030208560738963835 0.0024545931343135873 0.0015993601397006369 1.0561228911073434e-05 0.00047510512090750609 0.00083643441383753991 -0.00031383032582563949 0.00037571771452932261
leaf_weight=13368 2810 2979 1676 1682 57325 9408 655 988 861 1799 1436 1962 963 1602
leaf_count=13368 2810 2979 1676 1682 57325 9408 655 988 861 1799 1436 1962 963 1602
internal_value=1.62352e-06 0.00109804 -0.000147832 0.00155905 -0.000223235 0.000244357 0.00216337 0.00195196 0.00103535 -0.000165256 0.000350026 0.000475105 -0.000462405 0.00027633
internal_weight=99514 11937 87577 7165 73455 14122 3325 2670 3840 59124 12446 4772 14331 11010
internal_count=99514 11937 87577 7165 73455 14122 3325 2670 3840 59124 12446 4772 14331 11010
is_linear=0
shrinkage=0.03


Tree=43
num_leaves=15
num_cat=0
split_feature=7 2 2 7 4 2 7 2 1 7 7 1 1 2
split_gain=18.6221 4.35012 1.80716 1.27247 0.927937 0.697536 0.47443 0.446772 0.493448 0.424469 0.401798 0.356724 0.216359 0.197989
threshold=1.4978661367769956 0.99200948670712552 0.87314886671764558 2.602003343538398 1.9077318482274567e-05 0.94193851583988997 1.8688348091416842 0.71676940635557951 0.52500000000000013 2.0126758453675748 0.89587973461402759 0.8500000000000002 0.8500000000000002 0.94929573612967555
decision_type=2 2 2 2 2 2 2 2 2 2 2 2 2 2
left_child=2 5 4 9 -1 -2 -7 -6 -9 -3 -4 -5 13 -12
right_child=1 3 10 11 7 6 -8 8 -10 -11 12 -13 -14 -15
leaf_value=-0.00045564494012436676 0.00048065389073572367 0.0012750798583205263 -8.9693977577187668e-07 0.0024685134394619637 -0.00026539242535192516 0.00073457454203743001 0.0012750798583205263 -0.00018307084321533148 -8.9693977577187668e-07 0.0018414784784937968 0.00014181158715495344 0.0037758824021005793 0.00048065389073572367 0.00034940844471925198
leaf_weight=11047 2418 1113 784 696 22810 3985 1300 22179 20242 2268 7926 265 1397 1554
leaf_count=11047 2418 1113 784 696 22810 3985 1300 22179 20242 2268 7926 265 1397 1554
internal_value=3.31246e-06 0.00110952 -0.000148216 0.00186882 -0.00020139 0.000681339 0.000901967 -0.000158325 -0.000100749 0.00159413 0.000199596 0.00283258 0.000275396 0.000218163
internal_weight=99984 12045 87939 4342 76278 7703 5285 65231 42421 3381 11661 961 10877 9480
internal_count=99984 12045 87939 4342 76278 7703 5285 65231 42421 3381 11661 961 10877 9480
is_linear=0
shrinkage=0.03


Tree=44
num_leaves=15
num_cat=0
split_feature=2 7 1 2 7 1 4 1 2 7 1 7 7 2
split_gain=15.5319 4.65705 2.12034 1.40835 1.00091 0.555536 0.442384 0.420985 0.403939 0.41734 0.236311 0.196276 0.145223 0.135658
threshold=0.94758421325152764 1.8688348091416842 0.8500000000000002 0.8649207029794278 2.9700856263602158 0.52500000000000013 6.6684448695397705e-05 0.52500000000000013 0.97540005275204422 2.249904835165133 0.8500000000000002 0.89587973461402759 1.2424533248940004 0.71702660750274794
decision_type=2 2 2 2 2 2 2 2 2 2 2 2 2 2
left_child=2 7 3 6 8 -5 13 -2 -3 -10 -11 -4 -8 -1
right_child=1 4 11 5 -6 -7 12 -9 9 10 -12 -13 -14 -15
leaf_value=-0.00044412954693439841 0.00046440210342434454 0.0011399297881841729 0.00015674375608485704 -5.0494852239656953e-05 0.0036029613892132615 0.00015674375608485704 -0.00018345957863503704 0.0007395524420503129 0.001463950951156564 0.0018903234552092635 0.0026253693414540593 0.00046440210342434454 -5.0494852239656953e-05 -0.00026581354912054564
leaf_weight=7765 1296 281 1487 5551 248 9852 52130 5426 2358 1655 394 2549 2474 6069
leaf_count=7765 1296 281 1487 5551 248 9852 52130 5426 2358 1655 394 2549 2474 6069
internal_value=1.82288e-05 0.00104708 -0.000118271 -0.000150915 0.00174672 0.000108256 -0.000209246 0.000533138 0.00164778 0.00173752 0.00205149 0.000464402 -0.000170848 -0.000360779
internal_weight=99535 11658 87877 83841 4936 15403 68438 6722 4688 4407 2049 4036 54604 13834
internal_count=99535 11658 87877 83841 4936 15403 68438 6722 4688 4407 2049 4036 54604 13834
is_linear=0
shrinkage=0.03


Tree=45
num_leaves=15
num_cat=0
split_feature=7 0 0 7 4 1 1 7 0 4 0 1 7 0
split_gain=17.7118 3.62448 2.69081 2.39384 1.35041 1.10824 0.621729 0.605564 0.588846 0.438196 0.295937 0.295482 0.26896 0.19779
threshold=1.7005986908310777 0.95125790871679794 0.95125790871679794 1.2424533248940004 6.6684448695397705e-05 0.52500000000000013 0.52500000000000013 2.249904835165133 0.85684610716998588 0.066874186587333864 0.92172623891383421 0.52500000000000013 1.8688348091416842 0.88268314348533761
decision_type=2 2 2 2 2 2 2 2 2 2 2 2 2 2
left_child=1 3 5 4 10 -2 8 -7 -6 -3 -1 -5 -4 -9
right_child=2 9 12 11 6 7 -8 13 -10 -11 -12 -13 -14 -15
leaf_value=-0.00051958524392638921 0.00064140593407860933 0.0002487717544567563 0.0017527536934007846 2.1977928233213471e-05 -0.00030453180689933676 0.0010758805461978818 -3.9027212721644299e-05 0.0014143171197993334 -0.00013435940030702407 0.00064140593407860933 -0.00030453180689933676 0.0002487717544567563 0.002589600246492298 0.0017527536934007846
leaf_weight=13866 449 759 289 2562 28270 4022 27967 247 5964 2551 674 9139 1469 1255
leaf_count=13866 449 759 289 2562 28270 4022 27967 247 5964 2551 674 9139 1469 1255
internal_value=1.00482e-05 -0.000106153 0.00138896 -0.000143862 -0.000204816 0.001085 -0.000143967 0.0012686 -0.000229692 0.000641406 -0.000465097 0.000248772 0.0024205 0.00175275
internal_weight=99483 91752 7731 88442 76741 5973 62201 5524 34234 3310 14540 11701 1758 1502
internal_count=99483 91752 7731 88442 76741 5973 62201 5524 34234 3310 14540 11701 1758 1502
is_linear=0
shrinkage=0.03


Tree=46
num_leaves=15
num_cat=0
split_feature=7 0 2 0 4 2 7 2 0 0 4 7 2 7
split_gain=15.5973 3.96333 2.20278 1.9621 1.58255 1.14147 1.01273 0.778984 0.409521 0.334652 0.269576 0.195229 0.181306 0.117938
threshold=1.4978661367769956 0.94952624896541249 0.97857930575000196 0.95125790871679794 6.6684448695397705e-05 0.86520925462774623 2.0126758453675748 0.99707334944142667 0.88041245006024849 0.069158812984824194 0.066874186587333864 2.8617925509761908 0.71676940635557951 1.2424533248940004
decision_type=2 2 2 2 2 2 2 2 2 2 2 2 2 2
left_child=3 2 -2 4 8 12 -4 -3 -1 -7 -5 -9 -6 -14
right_child=1 7 6 10 5 9 -8 11 -10 -11 -12 -13 13 -15
leaf_value=-0.00051428224320220178 0.00044956783211106283 0.0016440470846092511 0.00082782448844772021 0.00014656200838230777 -0.00022848662882430363 -8.2539629622296147e-06 0.0014602924141811908 0.0025360824894847546 -0.00026820097760389764 0.00014656200838230777 0.00044956783211106283 0.0035449062776751815 -0.00013299043463090796 -8.2539629622296147e-06
leaf_weight=13205 4528 1228 2773 743 20814 1774 2346 805 1470 12536 2153 231 32811 1758
leaf_count=13205 4528 1228 2773 743 20814 1774 2346 805 1470 12536 2153 231 32811 1758
internal_value=9.9271e-06 0.00102821 0.000762954 -0.000129072 -0.000156444 -9.68187e-05 0.00120608 0.00215763 -0.000439583 0.000142025 0.000449568 0.00276422 -0.000158533 -0.000116409
internal_weight=99175 11911 9647 87264 84368 69693 5119 2264 14675 14310 2896 1036 55383 34569
internal_count=99175 11911 9647 87264 84368 69693 5119 2264 14675 14310 2896 1036 55383 34569
is_linear=0
shrinkage=0.03


Tree=47
num_leaves=15
num_cat=0
split_feature=2 7 0 0 1 0 2 7 1 1 0 2 0 0
split_gain=13.977 4.9208 1.82451 1.71372 1.01411 0.6455 0.585574 0.545607 0.472312 0.219457 0.217457 0.174382 0.156018 0.143406
threshold=0.94193851583988997 1.8688348091416842 0.94338241079822194 0.95387771166861068 0.8500000000000002 0.94952624896541249 0.8649207029794278 2.524928003624769 0.8500000000000002 0.52500000000000013 0.81013876199722301 0.71702660750274794 0.91736582666635524 0.012440915219485761
decision_type=2 2 2 2 2 2 2 2 2 2 2 2 2 2
left_child=2 5 4 7 6 12 11 10 -5 -8 -3 13 -2 -1
right_child=1 3 -4 8 -6 -7 9 -9 -10 -11 -12 -13 -14 -15
leaf_value=-0.00046806815607809026 0.00038539947116889982 0.0010564443340720501 0.00038539947116889982 0.0022788164086626757 0.00011113768227797297 0.0010564443340720501 -0.0001324714692815808 0.0019681340113363111 0.0036554873025786117 -3.902191526520086e-05 0.0013574252523412306 -0.00017474482444233754 0.00068868515709940388 -0.00025335395237275162
leaf_weight=3075 6201 584 3796 957 3502 803 4890 701 298 7871 2488 31368 1533 31350
leaf_count=3075 6201 584 3796 957 3502 803 4890 701 298 7871 2488 31368 1533 31350
internal_value=8.67857e-06 0.000903518 -0.000132719 0.00164797 -0.000163124 0.000464921 -0.000189182 0.00132791 0.00260836 -3.90219e-05 0.001153 -0.000225921 0.000385399 -0.000272546
internal_weight=99417 13565 85852 5028 82056 8537 78554 3773 1255 12761 3072 65793 7734 34425
internal_count=99417 13565 85852 5028 82056 8537 78554 3773 1255 12761 3072 65793 7734 34425
is_linear=0
shrinkage=0.03


Tree=48
num_leaves=15
num_cat=0
split_feature=2 2 7 1 4 1 1 7 1 2 2 2 7 2
split_gain=13.2696 3.60008 2.6769 1.64379 0.834612 0.519324 0.298242 0.294572 0.270275 0.271579 0.253289 0.243421 0.106036 0.0876539
threshold=0.97932899620196434 0.86520925462774623 2.1383330595080281 0.52500000000000013 2.1032243256724484e-05 0.8500000000000002 0.8500000000000002 1.4978661367769956 0.8500000000000002 0.99902387026427142 0.9438290797026655 0.99716559143045824 1.4978661367769956 0.70949527351466812
decision_type=2 2 2 2 2 2 2 2 2 2 2 2 2 2
left_child=1 4 7 -3 -1 13 10 -2 -4 -10 12 -9 -5 -6
right_child=2 3 8 6 5 -7 -8 11 9 -11 -12 -13 -14 -15
leaf_value=-0.0004201487173720742 0.00060138320357957522 4.4280524464039461e-05 0.0018301839398660981 0.00025336687205451149 -0.00020896527335878895 4.4280524464039461e-05 0.00060138320357957522 0.00082154778560173389 0.0021926354143119967 0.0031535510190094668 0.00049435424355834506 0.0013790395819697431 0.0003878812339163666 -0.00013319744314779853
leaf_weight=11140 264 6004 2303 6877 21914 2188 2470 3163 237 353 3886 550 1169 36878
leaf_count=11140 264 6004 2303 6877 21914 2188 2470 3163 237 353 3886 550 1169 36878
internal_value=1.26133e-05 -8.18446e-05 0.00128461 0.000269945 -0.000181384 -0.00013776 0.000462453 0.000779226 0.00197885 0.00255509 0.000387325 0.00092597 0.000281408 -0.000161442
internal_weight=99396 92526 6870 20406 72120 60980 14402 3977 2893 590 11932 3713 8046 58792
internal_count=99396 92526 6870 20406 72120 60980 14402 3977 2893 590 11932 3713 8046 58792
is_linear=0
shrinkage=0.03


Tree=49
num_leaves=15
num_cat=0
split_feature=7 0 0 7 2 4 2 7 0 7 4 0 2 2
split_gain=12.6754 2.87748 2.268 1.92483 1.40984 1.0454 0.551074 0.509507 0.438991 0.368315 0.205931 0.140045 0.197202 0.10861
threshold=1.7005986908310777 0.95125790871679794 0.94952624896541249 1.2424533248940004 0.97857930575000196 5.415744872117046e-05 0.86520925462774623 2.249904835165133 0.63909596204757702 1.8688348091416842 0.066874186587333864 0.023788626305758957 0.71676940635557951 0.99899322516675126
decision_type=2 2 2 2 2 2 2 2 2 2 2 2 2 2
left_child=1 3 4 5 -2 8 11 -6 -1 -4 -3 -7 -13 -11
right_child=2 10 9 -5 7 6 -8 -9 -10 13 -12 12 -14 -15
leaf_value=-0.00052999619484997212 0.00053157624969471615 0.00019853667086130233 0.001478161419581356 0.00019853667086130233 0.00096597409405995305 -0.00027884404494511809 4.7105707593243736e-06 0.001478161419581356 -0.00027884404494511809 0.0020378425896762603 0.00053157624969471615 -0.00021689043289595188 -0.00010560157065198504 0.0025574455908535295
leaf_weight=10840 1818 765 322 11642 2737 8011 8853 1333 3379 792 2483 17231 28508 734
leaf_count=10840 1818 765 322 11642 2737 8011 8853 1333 3379 792 2483 17231 28508 734
internal_value=-2.27751e-06 -0.000100649 0.0011638 -0.000134503 0.000875765 -0.000189116 -0.000136369 0.00122664 -0.000421319 0.00208056 0.000531576 -0.000175314 -0.000154937 0.00228928
internal_weight=99448 91712 7736 88464 5888 76822 62603 4070 14219 1848 3248 53750 45739 1526
internal_count=99448 91712 7736 88464 5888 76822 62603 4070 14219 1848 3248 53750 45739 1526
is_linear=0
shrinkage=0.03


Tree=50
num_leaves=15
num_cat=0
split_feature=2 7 1 4 2 1 7 7 1 7 1 2 1 7
split_gain=12.5165 4.01132 1.57885 0.694295 0.600877 0.532523 0.507615 0.386608 0.276309 0.177729 0.167037 0.126175 0.219729 0.0783768
threshold=0.94569006162006952 2.0126758453675748 0.8500000000000002 3.3837052484386736e-06 0.85201345567025777 0.52500000000000013 2.6735537653587347 1.4978661367769956 0.8500000000000002 0.89587973461402759 0.8500000000000002 0.71702660750274794 0.20000000000000004 1.7005986908310777
decision_type=2 2 2 2 2 2 2 2 2 2 2 2 2 2
left_child=2 7 3 -1 11 -6 -3 -2 -8 -4 -9 12 -5 -12
right_child=1 6 9 4 5 -7 8 10 -10 -11 13 -13 -14 -15
leaf_value=-0.00041528974128932024 0.00038426320336437691 0.0015179294977371277 0.00011665812615713492 -0.00026895361879274892 -6.5317406992832026e-05 0.00011665812615713492 0.0019887715130926663 0.00061673456227254707 0.0032228155290409005 0.00038426320336437691 0.00082875368502581699 -0.00012061976541476895 -0.00016466656435864472 0.0011093954295265072
leaf_weight=8076 3305 3128 1485 17527 6070 10500 533 4250 242 2379 476 27456 13818 568
leaf_count=8076 3305 3128 1485 17527 6070 10500 533 4250 242 2379 476 27456 13818 568
internal_value=3.94783e-06 0.000891705 -0.000123178 -0.000150947 -0.000122617 3.69477e-05 0.00168923 0.000529562 0.00237777 0.000384263 0.000700538 -0.000167582 -0.000208713 0.00104077
internal_weight=99813 12502 87311 83447 75371 16570 3903 8599 775 3864 5294 58801 31345 1044
internal_count=99813 12502 87311 83447 75371 16570 3903 8599 775 3864 5294 58801 31345 1044
is_linear=0
shrinkage=0.03


Tree=51
num_leaves=15
num_cat=0
split_feature=2 7 1 0 0 2 0 1 1 2 7 7 0 1
split_gain=12.5512 3.7515 1.67884 1.04637 0.957051 0.918706 0.449445 0.348682 0.220616 0.203578 0.198713 0.185799 0.183967 0.16654
threshold=0.9438290797026655 2.0126758453675748 0.8500000000000002 0.91736582666635524 0.94338241079822194 0.8649207029794278 0.91736582666635524 0.52500000000000013 0.8500000000000002 0.71702660750274794 2.6735537653587347 1.7005986908310777 0.1154138781130314 0.8500000000000002
decision_type=2 2 2 2 2 2 2 2 2 2 2 2 2 2
left_child=2 3 5 11 10 6 9 -7 -6 -1 -3 -2 -4 -5
right_child=1 4 12 13 8 7 -8 -9 -10 -11 -12 -13 -14 -15
leaf_value=-0.00026161045945947119 0.00039352100601608669 0.0011768236232680917 0.00012893917792777126 0.00084914805281597391 0.0020541645697307528 -4.8919527986420674e-05 -4.8919527986420674e-05 0.00012893917792777126 0.002907535297462069 -0.0001525290036252398 0.0017770267839610169 0.00071562345572227174 0.00039352100601608669 0.0011196417881460959
leaf_weight=32576 4703 2016 413 2193 1164 5280 6717 8982 367 29213 313 1718 3398 502
leaf_count=32576 4703 2016 413 2193 1164 5280 6717 8982 367 29213 313 1718 3398 502
internal_value=2.36947e-05 0.000893756 -0.000106714 0.00056172 0.00167756 -0.000135643 -0.000181246 8.34073e-05 0.00226049 -0.000210042 0.00129356 0.000393521 0.000393521 0.00106063
internal_weight=99555 12976 86579 9116 3860 82768 68506 14262 1531 61789 2329 6421 3811 2695
internal_count=99555 12976 86579 9116 3860 82768 68506 14262 1531 61789 2329 6421 3811 2695
is_linear=0
shrinkage=0.03


Tree=52
num_leaves=15
num_cat=0
split_feature=7 2 7 1 4 2 7 1 1 7 2 7 7 2
split_gain=10.7889 2.39282 1.60682 1.2895 0.707312 0.636284 0.40567 0.332336 0.256534 0.223993 0.196488 0.14182 0.121281 0.0768263
threshold=1.4978661367769956 0.97857930575000196 2.1383330595080281 0.8500000000000002 8.2079964549564028e-06 0.87314886671764558 1.2424533248940004 0.8500000000000002 0.8500000000000002 2.602003343538398 0.99716559143045824 0.89587973461402759 0.89587973461402759 0.71676940635557951
decision_type=2 2 2 2 2 2 2 2 2 2 2 2 2 2
left_child=3 7 10 4 -1 6 13 -2 -4 -10 -3 -5 -7 -6
right_child=1 2 8 11 5 12 -8 -9 9 -11 -12 -13 -14 -15
leaf_value=-0.0003704095813256238 0.00038154104939804099 0.00080360663209955044 0.0016175086062059038 0.00012937106068710969 -0.00019423548410392626 1.53353122719808e-06 1.53353122719808e-06 0.00080360663209955044 0.0019659998375011929 0.0030071353500838887 0.0013012909858616561 0.00038154104939804099 0.00012937106068710969 -0.00012472052393146046
leaf_weight=9235 4334 3450 2275 1457 22533 592 2775 796 353 257 561 2522 9242 39233
leaf_count=9235 4334 3450 2275 1457 22533 592 2775 796 353 257 561 2522 9242 39233
internal_value=1.81146e-05 0.000860657 0.00122567 -9.75753e-05 -0.000122799 -9.2049e-05 -0.000126304 0.000381541 0.00176563 0.00231449 0.000836954 0.000381541 0.000129371 -0.000150083
internal_weight=99615 12026 6896 87589 83610 74375 64541 5130 2885 610 4011 3979 9834 61766
internal_count=99615 12026 6896 87589 83610 74375 64541 5130 2885 610 4011 3979 9834 61766
is_linear=0
shrinkage=0.03


Tree=53
num_leaves=15
num_cat=0
split_feature=7 0 0 4 1 7 1 0 0 7 0 1 0 4
split_gain=9.92189 2.80322 1.51242 1.30211 1.02763 0.832577 0.712871 0.653116 0.369936 0.359745 0.286261 0.249607 0.246536 0.168816
threshold=1.4978661367769956 0.94952624896541249 0.95125790871679794 4.024938489877173e-05 0.52500000000000013 1.8688348091416842 0.52500000000000013 0.85684610716998588 0.87570779398083698 1.2424533248940004 0.87056134548038255 0.8500000000000002 0.95759151433594536 3.3837052484386736e-06
decision_type=2 2 2 2 2 2 2 2 2 2 2 2 2 2
left_child=2 4 3 10 -2 -6 7 -5 -7 -8 13 -3 -13 -1
right_child=1 11 -4 6 5 8 9 -9 -10 -11 -12 12 -14 -15
leaf_value=-0.00055677690238617179 0.00035357161050857946 0.0015926197424219783 0.00035357161050857946 -0.00024031251996824087 0.00056071891512467914 0.00083537171444139906 -3.6486114464935498e-05 -7.676849377304843e-05 0.001174919072870848 0.00011094936619997552 -0.00024031251996824087 0.001976033754285083 0.0030120890354067625 -0.00035215996001360014
leaf_weight=7254 1114 1792 2908 30097 4860 1086 28434 6744 2615 5836 1492 216 277 4871
leaf_count=7254 1114 1792 2908 30097 4860 1086 28434 6744 2615 5836 1492 216 277 4871
internal_value=3.63147e-06 0.000814132 -0.000106988 -0.000131673 0.000590812 0.000767866 -8.02059e-05 -0.000171816 0.00111002 1.82785e-05 -0.000400419 0.00175903 0.00235945 -0.000464007
internal_weight=99596 11960 87636 84728 9675 8561 71111 36841 3701 34270 13617 2285 493 12125
internal_count=99596 11960 87636 84728 9675 8561 71111 36841 3701 34270 13617 2285 493 12125
is_linear=0
shrinkage=0.03


Tree=54
num_leaves=15
num_cat=0
split_feature=7 2 7 1 2 1 7 1 4 2 7 7 1 7
split_gain=8.93161 2.08831 1.34166 0.793609 0.506802 0.430594 0.355738 0.322886 0.281039 0.2674 0.227346 0.185142 0.172243 0.144559
threshold=1.4978661367769956 0.99716559143045824 1.2424533248940004 0.52500000000000013 0.87314886671764558 0.8500000000000002 1.8688348091416842 0.52500000000000013 6.6684448695397705e-05 0.97323953491563475 2.524928003624769 2.249904835165133 0.8500000000000002 0.89587973461402759
decision_type=2 2 2 2 2 2 2 2 2 2 2 2 2 2
left_child=2 3 4 -2 8 11 -5 -4 -1 -8 -7 -3 -10 -6
right_child=1 5 7 6 13 10 9 -9 12 -11 -12 -13 -14 -15
leaf_value=-0.00028628766109200886 0.000330519627014629 0.001026611077870428 5.4335459044110104e-05 0.00057492932314685678 -5.6602214453117859e-05 0.0017808652341585419 0.00078844237099205054 0.000330519627014629 -0.00015503311144462442 0.001026611077870428 0.0028742244319595479 0.0015063315539263998 -5.6602214453117859e-05 5.4335459044110104e-05
leaf_weight=14403 1130 685 2021 5545 764 272 634 6405 56533 1940 275 1475 2164 5433
leaf_count=14403 1130 685 2021 5545 764 272 634 6405 56533 1940 275 1475 2164 5433
internal_value=-1.64993e-06 0.00076753 -0.000106491 0.000552925 -0.000144736 0.0015003 0.000710418 0.000253407 -0.00016754 0.00100196 0.002253 0.00130873 -0.000138397 5.43355e-05
internal_weight=99679 11956 87723 9249 79297 2707 8119 8426 73100 2574 547 2160 58697 6197
internal_count=99679 11956 87723 9249 79297 2707 8119 8426 73100 2574 547 2160 58697 6197
is_linear=0
shrinkage=0.03


Tree=55
num_leaves=15
num_cat=0
split_feature=7 0 0 4 1 0 0 7 0 4 7 1 7 0
split_gain=7.53103 2.39974 1.73134 1.57715 1.30681 0.773241 0.757999 0.624057 0.438235 0.304537 0.301036 0.236308 0.228439 0.129409
threshold=1.8688348091416842 0.95125790871679794 0.87570779398083698 6.6684448695397705e-05 0.52500000000000013 0.85684610716998588 0.95387771166861068 1.2424533248940004 0.71796602103859197 0.066874186587333864 2.3502401828962087 0.8500000000000002 2.8029010331479989 0.0016131615266203882
decision_type=2 2 2 2 2 2 2 2 2 2 2 2 2 2
left_child=1 3 -2 8 5 -5 10 11 13 -3 -4 -6 -8 -1
right_child=2 9 6 4 7 -7 12 -9 -10 -11 -12 -13 -14 -15
leaf_value=-0.0011860597118370133 0.00051639450196444352 0.00021428076042937511 0.00096007261469138565 -0.00020191427978988078 -2.9409563786834186e-05 -3.5554624455897336e-05 0.0018046201273504256 0.00021428076042937511 -0.00020191427978988078 0.00051639450196444352 0.0015436351851562467 0.00011194810854446154 0.0028087936187399867 -0.00045247336248188045
leaf_weight=220 1205 756 1880 29892 25294 7119 1052 10873 3083 2828 1065 2661 258 11483
leaf_count=220 1205 756 1880 29892 25294 7119 1052 10873 3083 2828 1065 2661 258 11483
internal_value=6.22699e-06 -5.65574e-05 0.00108935 -8.7833e-05 -3.25707e-05 -0.000160121 0.00140375 8.90114e-05 -0.000371258 0.000516395 0.00113599 9.61546e-06 0.00200438 -0.000466364
internal_weight=99669 94209 5460 90625 75839 37011 4255 38828 14786 3584 2945 27955 1310 11703
internal_count=99669 94209 5460 90625 75839 37011 4255 38828 14786 3584 2945 27955 1310 11703
is_linear=0
shrinkage=0.03


Tree=56
num_leaves=15
num_cat=0
split_feature=2 0 1 7 0 7 2 0 7 1 0 1 1 0
split_gain=7.93022 3.14945 1.92503 1.09538 0.939271 0.414775 0.320631 0.257915 0.245639 0.19279 0.168406 0.149892 0.113364 0.100614
threshold=0.94758421325152764 0.91845238301903021 0.8500000000000002 2.1383330595080281 0.95125790871679794 1.8688348091416842 0.8649207029794278 0.77252978645265113 2.9174053685313028 0.52500000000000013 0.88870131224393856 0.8500000000000002 0.8500000000000002 0.94755735015496623
decision_type=2 2 2 2 2 2 2 2 2 2 2 2 2 2
left_child=2 5 4 11 6 -2 10 -7 12 -8 -1 -3 13 -5
right_child=1 3 -4 8 -6 7 9 -9 -10 -11 -12 -13 -14 -15
leaf_value=-0.00018633222829538229 0.00033636283085034462 0.0008351327428712575 0.00033636283085034462 0.0013931055982605617 0.000111862348723751 0.00055327986379045979 -8.9705758635105266e-05 0.0008351327428712575 0.0026537657157400278 -1.3225670957055855e-05 -8.9705758635105266e-05 0.0013925741242784763 0.0021843698144201435 0.0018295873104584182
leaf_weight=57882 4843 2228 3961 667 2806 463 5418 1520 295 9067 8598 532 358 800
leaf_count=57882 4843 2228 3961 667 2806 463 5418 1520 295 9067 8598 532 358 800
internal_value=1.85943e-05 0.000751996 -7.92703e-05 0.0013339 -0.000112638 0.000336363 -0.000138314 0.000770197 0.0018468 -1.32257e-05 -0.000166186 0.000939414 0.00171497 0.00159546
internal_weight=99438 11706 87732 4880 83771 6826 80965 1983 2120 14485 66480 2760 1825 1467
internal_count=99438 11706 87732 4880 83771 6826 80965 1983 2120 14485 66480 2760 1825 1467
is_linear=0
shrinkage=0.03


Tree=57
num_leaves=15
num_cat=0
split_feature=7 0 2 0 4 7 7 0 2 4 0 2 0 2
split_gain=7.45692 3.59868 1.19875 0.827908 0.652057 0.587147 0.413297 0.348381 0.339513 0.226492 0.221756 0.214344 0.198971 0.150196
threshold=1.2424533248940004 0.95125790871679794 0.98071517107046347 0.92709953710436832 3.3837052484386736e-06 2.249904835165133 1.8688348091416842 0.023788626305758957 0.85201345567025777 0.066874186587333864 0.15546155720949176 0.9438290797026655 0.85369287617504608 0.70949527351466812
decision_type=2 2 2 2 2 2 2 2 2 2 2 2 2 2
left_child=3 2 11 4 10 -4 -3 -6 13 -5 -1 -2 -13 -9
right_child=1 6 5 9 7 -7 -8 8 -10 -11 -12 12 -14 -15
leaf_value=-0.0005530083759381373 0.00020181542084847791 0.0011298855127839728 0.00050743060292838963 2.7005640703735746e-05 -0.0002624904755963436 0.00094650346970015053 0.0018665566630960107 -0.00017515974995631055 2.7005640703735746e-05 0.00020181542084847791 -0.0002624904755963436 0.00029394227787361875 0.00050743060292838963 -7.894389294713402e-05
leaf_weight=4309 7351 1278 3047 1477 9682 1373 1496 18103 10191 4541 3437 3115 2726 27350
leaf_count=4309 7351 1278 3047 1477 9682 1373 1496 18103 10191 4541 3437 3115 2726 27350
internal_value=1.19548e-05 0.000523548 0.00036531 -0.000119917 -0.000147804 0.000792847 0.0015277 -0.000116941 -8.7829e-05 0.000201815 -0.00040804 0.000222014 0.000386069 -0.00012421
internal_weight=99476 20386 17612 79090 73072 4420 2774 65326 55644 6018 7746 13192 5841 45453
internal_count=99476 20386 17612 79090 73072 4420 2774 65326 55644 6018 7746 13192 5841 45453
is_linear=0
shrinkage=0.03


Tree=58
num_leaves=15
num_cat=0
split_feature=2 7 1 0 0 1 0 2 0 0 1 7 1 7
split_gain=7.45279 2.46081 1.30502 0.907759 0.884944 0.572335 0.679837 0.518802 0.359479 0.293537 0.277338 0.181451 0.15363 0.0615729
threshold=0.94193851583988997 1.8688348091416842 0.8500000000000002 0.95387771166861068 0.91736582666635524 0.52500000000000013 0.13707750104367736 0.71676940635557951 0.81013876199722301 0.94952624896541249 0.8500000000000002 2.6735537653587347 0.52500000000000013 1.4978661367769956
decision_type=2 2 2 2 2 2 2 2 2 2 2 2 2 2
left_child=2 9 4 8 5 6 -1 -7 -3 12 -5 -10 -2 -14
right_child=1 3 -4 10 -6 7 -8 -9 11 -11 -12 -13 13 -15
leaf_value=-0.00035650942900495176 0.00028456253127233887 0.00076845045750717673 0.00028456253127233887 0.0016301351188685565 8.2543227075934661e-05 -0.00014385350412908366 -0.00014385350412908366 -3.6756368306047077e-05 0.0010364991872502385 0.00076845045750717673 0.002681977261457867 0.0014138567609680911 0.00035956814147766915 0.00052036999753100519
leaf_weight=20180 1576 588 3705 984 9275 8953 21505 22261 2804 809 297 403 2681 3490
leaf_count=20180 1576 588 3705 984 9275 8953 21505 22261 2804 809 297 403 2681 3490
internal_value=1.04753e-05 0.00066209 -9.29653e-05 0.00118534 -0.000119476 -0.000156056 -0.000228794 -5.89127e-05 0.000951807 0.000351561 0.00187591 0.00114371 0.000292933 0.000434574
internal_weight=99511 13632 85879 5076 82174 72899 41685 31214 3795 8556 1281 3207 7747 6171
internal_count=99511 13632 85879 5076 82174 72899 41685 31214 3795 8556 1281 3207 7747 6171
is_linear=0
shrinkage=0.03


Tree=59
num_leaves=15
num_cat=0
split_feature=7 0 0 7 1 2 7 1 1 2 0 2 2 1
split_gain=6.1924 2.09476 1.1607 0.830936 0.550968 0.424729 0.3443 0.29735 0.216224 0.212914 0.199941 0.177366 0.124019 0.202503
threshold=1.7005986908310777 0.93515805061906587 0.95125790871679794 1.2424533248940004 0.52500000000000013 0.87314886671764558 2.0126758453675748 0.52500000000000013 0.77500000000000013 0.99143033224082477 0.014963782392442228 0.99707334944142667 0.71676940635557951 0.52500000000000013
decision_type=2 2 2 2 2 2 2 2 2 2 2 2 2 2
left_child=1 3 4 5 -2 10 -6 -5 11 -8 -1 -4 -12 -14
right_child=2 -3 8 7 6 -7 9 -9 -10 -11 12 -13 13 -15
leaf_value=-0.00031291641955734324 0.00038054809711655414 0.00038054809711655414 0.0010640118960020567 3.1630765740259639e-06 0.00057616221106811412 3.1630765740259639e-06 0.00079491098539789221 0.00014087081316605998 0.0020802816977885988 0.0010640118960020567 -0.00019694988804562318 0.0016485181069533451 -0.00015306826313330997 -7.7556735689317572e-05
leaf_weight=6786 451 5943 606 2381 2847 5726 643 8591 440 2093 22914 695 21696 17742
leaf_count=6786 451 5943 606 2381 2847 5726 643 8591 440 2093 22914 695 21696 17742
internal_value=8.55516e-06 -6.03135e-05 0.00082141 -9.88065e-05 0.000624334 -0.000134545 0.000771776 0.000140871 0.00150369 0.00101366 -0.000158277 0.00130724 -0.000141442 -0.000109187
internal_weight=99554 91779 7775 85836 6034 74864 5583 10972 1741 2736 69138 1301 62352 39438
internal_count=99554 91779 7775 85836 6034 74864 5583 10972 1741 2736 69138 1301 62352 39438
is_linear=0
shrinkage=0.03


Tree=60
num_leaves=15
num_cat=0
split_feature=0 2 4 1 1 4 1 1 0 2 0 2 0 2
split_gain=5.83559 2.8329 2.00509 0.967561 0.884049 0.492501 0.451161 0.305288 0.532844 0.322048 0.236058 0.206987 0.200553 0.0632627
threshold=0.95125790871679794 0.9438290797026655 0.066874186587333864 0.8500000000000002 0.52500000000000013 1.9077318482274567e-05 0.8500000000000002 0.52500000000000013 0.85684610716998588 0.8649207029794278 0.95759151433594536 0.71702660750274794 0.0056677497923374185 0.72385923423582088
decision_type=2 2 2 2 2 2 2 2 2 2 2 2 2 2
left_child=1 3 -2 5 -3 11 13 8 -7 -9 -8 12 -1 -4
right_child=2 4 6 -5 -6 7 10 9 -10 -11 -12 -13 -14 -15
leaf_value=-0.001209578129461707 0.00049529640800885706 0.00017078739744283062 0.00093185089248910781 0.00017078739744283062 0.00049529640800885706 -0.0001909549877917101 0.001676780622417374 -7.6458112352643375e-05 -7.6458112352643375e-05 2.9308364847635676e-05 0.0026202277651801702 -0.0001909549877917101 -0.00038354649376661344 0.0012846634424301606
leaf_weight=277 772 1663 551 3675 9227 31069 225 23142 6803 8068 374 5074 5573 3145
leaf_count=277 772 1663 551 3675 9227 31069 225 23142 6803 8068 374 5074 5573 3145
internal_value=2.59869e-05 -2.7161e-05 0.00101775 -8.63947e-05 0.00042797 -0.000112171 0.00135677 -8.25694e-05 -0.000139819 -1.30971e-05 0.00212123 -0.000299341 -0.000422859 0.00123233
internal_weight=99638 94571 5067 83681 10890 80006 4295 69082 37872 31210 599 10924 5850 3696
internal_count=99638 94571 5067 83681 10890 80006 4295 69082 37872 31210 599 10924 5850 3696
is_linear=0
shrinkage=0.03


Tree=61
num_leaves=15
num_cat=0
split_feature=0 7 4 1 4 7 0 0 7 1 1 1 0 1
split_gain=5.19752 2.52218 1.53924 1.13957 0.761005 0.618736 0.357309 0.301353 0.295155 0.215844 0.214823 0.147062 0.13379 0.226375
threshold=0.95125790871679794 1.2424533248940004 0.066874186587333864 0.52500000000000013 1.9077318482274567e-05 1.8688348091416842 0.023788626305758957 0.28186765406280762 1.7005986908310777 0.8500000000000002 0.8500000000000002 0.8500000000000002 0.88870131224393856 0.52500000000000013
decision_type=2 2 2 2 2 2 2 2 2 2 2 2 2 2
left_child=1 4 -2 -3 7 -4 -6 -1 11 12 -7 -5 13 -8
right_child=2 3 5 8 6 10 9 -9 -10 -11 -12 -13 -14 -15
leaf_value=-0.00046404815543332019 0.0004563538325978791 8.8424847680466801e-05 0.00097888904825267652 0.00025989661603841491 -0.00020508338507202443 0.0015331810985256182 -0.00012375541199007343 -0.00020508338507202443 0.0004563538325978791 8.8424847680466801e-05 0.0023954140700289833 0.00036958301501717358 1.5058603497163801e-05 -3.2649143306355713e-05
leaf_weight=7032 769 3018 2860 7498 9167 1105 25769 4173 5522 2571 346 1632 8871 19416
leaf_count=7032 769 3018 2860 7498 9167 1105 25769 4173 5522 2571 346 1632 8871 19416
internal_value=1.40664e-05 -3.6102e-05 0.00094881 0.000287131 -0.000110281 0.00123551 -7.13576e-05 -0.000338809 0.000431368 -4.24274e-05 0.00174029 0.000282812 -5.83076e-05 -8.03569e-05
internal_weight=99749 94669 5080 17670 76999 4311 65794 11205 14652 56627 1451 9130 54056 45185
internal_count=99749 94669 5080 17670 76999 4311 65794 11205 14652 56627 1451 9130 54056 45185
is_linear=0
shrinkage=0.03


Tree=62
num_leaves=15
num_cat=0
split_feature=0 2 7 1 7 0 2 7 1 1 2 2 0 1
split_gain=5.77759 2.89685 1.44874 0.814616 0.599789 0.323943 0.294187 0.27339 0.152312 0.100682 0.0683595 0.0548789 0.197297 0.0546807
threshold=0.95125790871679794 0.87314886671764558 1.8688348091416842 0.52500000000000013 1.7005986908310777 0.96202647802419972 0.87314886671764558 1.2424533248940004 0.8500000000000002 0.8500000000000002 0.72385923423582088 0.71676940635557951 0.080185010097920909 0.8500000000000002
decision_type=2 2 2 2 2 2 2 2 2 2 2 2 2 2
left_child=1 7 5 -3 8 6 -2 9 -5 11 -7 -1 -13 -4
right_child=2 3 13 4 -6 10 -8 -9 -10 -11 -12 12 -14 -15
leaf_value=-0.00016494530478935242 0.00049967503466887182 9.4134448571554295e-05 0.0017103763827376716 0.00025268711180064798 0.00049967503466887182 0.00083837437305729276 0.00083837437305729276 9.4134448571554295e-05 0.0003761810732347599 -1.4263861811780739e-05 0.0012555795204388996 -0.0001372457143653097 -7.2275857437265254e-05 0.0021561764443175117
leaf_weight=25731 1724 4489 1117 8227 5334 200 840 3834 1942 2299 774 14594 28407 345
leaf_count=25731 1724 4489 1117 8227 5334 200 840 3834 1942 2299 774 14594 28407 345
internal_value=2.89609e-05 -2.34348e-05 0.00102278 0.000297376 0.00041124 0.000694182 0.000516905 -0.000109107 0.000252687 -0.000122662 0.00115984 -0.000130288 -0.000109546 0.00181698
internal_weight=99857 94857 5000 19992 15503 3538 2564 74865 10169 71031 974 68732 43001 1462
internal_count=99857 94857 5000 19992 15503 3538 2564 74865 10169 71031 974 68732 43001 1462
is_linear=0
shrinkage=0.03


Tree=63
num_leaves=15
num_cat=0
split_feature=2 0 4 2 2 1 0 0 0 1 1 2 0 0
split_gain=4.67815 2.40885 0.880805 0.677137 0.628407 0.35213 0.321363 0.248971 0.230678 0.227047 0.167871 0.189432 0.123272 0.0916019
threshold=0.94193851583988997 0.91624357923865329 5.415744872117046e-05 0.8649207029794278 0.99899322516675126 0.52500000000000013 0.95125790871679794 0.87056134548038255 0.95125790871679794 0.8500000000000002 0.52500000000000013 0.99229607785163754 0.77252978645265113 0.95886729867197584
decision_type=2 2 2 2 2 2 2 2 2 2 2 2 2 2
left_child=2 10 7 8 6 -5 -3 -1 -4 13 -2 -12 -13 -6
right_child=1 4 3 5 9 -7 -8 -9 -10 -11 11 12 -14 -15
leaf_value=-0.00034783641668253783 0.00022742401297797882 0.00063822328564329162 -9.211016791415274e-05 3.9592835286124864e-05 0.0012075417362043968 0.00022742401297797882 0.0011891502869374167 -0.00015651654567910348 3.9592835286124864e-05 0.002289183653913261 0.00030460920865996394 0.00046202805972770202 0.0006194469107954401 0.0017884056930120525
leaf_weight=12641 1433 2723 55196 4780 685 9726 1470 1933 1692 314 5186 382 1092 317
leaf_count=12641 1433 2723 55196 4780 685 9726 1470 1933 1692 314 5186 382 1092 317
internal_value=9.85061e-06 0.000526794 -7.19463e-05 -2.85584e-05 0.00101147 0.000154399 0.000831607 -0.000284475 -7.5213e-05 0.00158348 0.000227424 0.000381794 0.000619447 0.00136026
internal_weight=99570 13602 85968 71394 5509 14506 4193 14574 56888 1316 8093 6660 1474 1002
internal_count=99570 13602 85968 71394 5509 14506 4193 14574 56888 1316 8093 6660 1474 1002
is_linear=0
shrinkage=0.03


Tree=64
num_leaves=15
num_cat=0
split_feature=2 0 1 0 2 4 0 1 0 2 0 1 1 0
split_gain=4.49396 1.47674 1.2146 0.689696 0.667061 0.431876 0.256357 0.241345 0.225527 0.454382 0.188089 0.0932402 0.0768773 0.121047
threshold=0.94929573612967555 0.88678163150325429 0.8500000000000002 0.95125790871679794 0.99870077516125511 8.2079964549564028e-06 0.14137889817357066 0.8500000000000002 0.023788626305758957 0.70949527351466812 0.95125790871679794 0.52500000000000013 0.52500000000000013 0.85684610716998588
decision_type=2 2 2 2 2 2 2 2 2 2 2 2 2 2
left_child=2 -2 3 5 10 6 -1 -6 11 -10 -3 -7 13 -11
right_child=1 4 -4 -5 7 8 -8 -9 9 12 -12 -13 -14 -15
leaf_value=-0.00044815458309886588 0.00027961854638841718 0.00059280759552832673 0.00027961854638841718 0.00010412727094321668 0.0011945374312241511 -0.0001802228041102069 -0.0001802228041102069 0.0020192497683540526 -0.00011485148873748583 -5.5033458463975937e-05 0.0010408662913928481 -0.00011485148873748583 4.7845718095339378e-06 -2.3436112958906047e-05
leaf_weight=4735 4397 3411 4152 2918 1451 6270 4302 413 18687 17005 1109 3194 22774 4911
leaf_count=4735 4397 3411 4152 2918 1451 6270 4302 413 18687 17005 1109 3194 22774 4911
internal_value=2.54665e-05 0.000603884 -4.4647e-05 -7.1364e-05 0.000900686 -9.45581e-05 -0.000290158 0.00137825 -7.02874e-05 -4.94802e-05 0.000703482 -0.000180223 4.78457e-06 -5.16568e-05
internal_weight=99729 10781 88948 84796 6384 81878 9037 1864 72841 63377 4520 9464 44690 21916
internal_count=99729 10781 88948 84796 6384 81878 9037 1864 72841 63377 4520 9464 44690 21916
is_linear=0
shrinkage=0.03


Tree=65
num_leaves=15
num_cat=0
split_feature=0 7 4 1 4 1 0 1 0 7 7 0 7 0
split_gain=5.39282 2.42966 1.58892 0.926717 0.782372 0.488265 0.319433 0.182964 0.58772 0.172655 0.108935 0.10125 0.0941685 0.0482863
threshold=0.95125790871679794 1.4978661367769956 0.066874186587333864 0.52500000000000013 8.2079964549564028e-06 0.8500000000000002 0.52400578558444988 0.52500000000000013 0.18141436111181977 1.2424533248940004 1.2424533248940004 0.96202647802419972 2.8029010331479989 0.95387771166861068
decision_type=2 2 2 2 2 2 2 2 2 2 2 2 2 2
left_child=1 4 -2 -3 6 7 -1 8 -6 11 -9 -4 13 -11
right_child=2 3 9 -5 5 -7 -8 10 -10 12 -12 -13 -14 -15
leaf_value=-0.00047186273025503648 0.00047141797601578118 0.00016569292949560903 0.00086795964439016933 0.00047141797601578118 -0.0001996043302200759 0.00016569292949560903 -0.0001996043302200759 -4.5536496297548284e-05 -6.6140260459868951e-05 0.0012135297848430014 4.729234567512996e-05 0.0012135297848430014 0.001928323259146942 0.0014211241340853767
leaf_weight=6538 736 1113 1119 8683 18726 3742 2538 27323 20910 351 4897 481 288 2066
leaf_count=6538 736 1113 1119 8683 18726 3742 2538 27323 20910 351 4897 481 288 2066
internal_value=1.89508e-05 -3.20695e-05 0.000974905 0.000415205 -8.38193e-05 -5.22201e-05 -0.000346989 -7.11082e-05 -0.000114268 0.0012645 -1.80122e-05 0.001016 0.00141106 0.00134865
internal_weight=99511 94470 5041 9796 84674 75598 9076 71856 39636 4305 32220 1600 2705 2417
internal_count=99511 94470 5041 9796 84674 75598 9076 71856 39636 4305 32220 1600 2705 2417
is_linear=0
shrinkage=0.03


Tree=66
num_leaves=15
num_cat=0
split_feature=2 1 7 2 1 4 7 7 2 7 2 7 2 4
split_gain=4.78701 1.48054 0.787526 0.728236 0.401625 0.316298 0.208121 0.20345 0.112201 0.0742709 0.0709718 0.0473931 0.0404027 0.023279
threshold=0.97932899620196434 0.8500000000000002 2.1383330595080281 0.86909053175326456 0.52500000000000013 1.9077318482274567e-05 1.4978661367769956 2.9700856263602158 0.71702660750274794 1.2424533248940004 0.99744383876601972 2.602003343538398 0.71676940635557951 1.3184185037484754e-05
decision_type=2 2 2 2 2 2 2 2 2 2 2 2 2 2
left_child=1 3 6 5 -5 8 -2 11 13 12 -8 -4 -7 -1
right_child=2 -3 7 4 -6 9 10 -9 -10 -11 -12 -13 -14 -15
leaf_value=-0.00035277507508975299 0.00038625009058965962 0.00038625009058965962 0.0010186088138533095 1.9217783322695596e-05 0.0001671224539407439 -0.00010721464756205736 0.00060247572826745165 0.0019780170616570687 -0.00015424489771532427 1.9217783322695596e-05 0.00085153706506017098 0.0013147154791895768 -5.5496670978495372e-05 -0.00024193882490774237
leaf_weight=5469 257 4855 1922 5129 10864 21797 3482 260 4808 3262 304 675 36138 536
leaf_count=5469 257 4855 1922 5129 10864 21797 3482 260 4808 3262 304 675 36138 536
internal_value=3.34221e-05 -2.32308e-05 0.000795731 -5.20052e-05 0.000131111 -9.26755e-05 0.000526099 0.00117698 -0.000242246 -6.62442e-05 0.000651553 0.00109605 -7.49561e-05 -0.000329633
internal_weight=99758 92858 6900 88003 15993 72010 4043 2857 10813 61197 3786 2597 57935 6005
internal_count=99758 92858 6900 88003 15993 72010 4043 2857 10813 61197 3786 2597 57935 6005
is_linear=0
shrinkage=0.03


Tree=67
num_leaves=15
num_cat=0
split_feature=7 0 4 0 0 2 7 2 7 0 4 2 0 4
split_gain=4.20192 2.0021 0.765659 0.599805 0.471065 0.355993 0.331472 0.281915 0.211992 0.190037 0.188475 0.163022 0.183738 0.0966007
threshold=1.4978661367769956 0.88678163150325429 1.9077318482274567e-05 0.95387771166861068 0.95125790871679794 0.87314886671764558 1.8688348091416842 0.98009065922454186 2.249904835165133 0.67293749190866958 0.066874186587333864 0.71676940635557951 0.080185010097920909 8.2079964549564028e-06
decision_type=2 2 2 2 2 2 2 2 2 2 2 2 2 2
left_child=2 -2 9 7 5 11 -5 -3 -9 13 -6 -4 -13 -1
right_child=1 3 4 6 10 -7 -8 8 -10 -11 -12 12 -14 -15
leaf_value=-0.00043429428248580309 0.00022454454834282018 0.00054247460467576252 -0.00014833739380303669 0.0010074652529433888 8.4415706050195317e-05 8.4415706050195317e-05 0.0016076602275658844 0.00071894066055916092 0.0010074652529433888 -0.00017196515700467545 0.00022454454834282018 -9.7823735932748432e-05 -7.275862791987905e-07 -0.00027510708968534321
leaf_weight=7076 4872 2217 22232 541 478 10585 1340 1806 1210 2787 2177 12127 28550 1601
leaf_count=7076 4872 2217 22232 541 478 10585 1340 1806 1210 2787 2177 12127 28550 1601
internal_value=-2.81751e-06 0.000523981 -7.4892e-05 0.000860405 -4.04796e-05 -5.57131e-05 0.00131992 0.000695012 0.000895407 -0.000303451 0.000224545 -8.30149e-05 -4.73101e-05 -0.000378249
internal_weight=99599 11986 87613 7114 76149 73494 1881 5233 3016 11464 2655 62909 40677 8677
internal_count=99599 11986 87613 7114 76149 73494 1881 5233 3016 11464 2655 62909 40677 8677
is_linear=0
shrinkage=0.03


Tree=68
num_leaves=15
num_cat=0
split_feature=0 7 1 1 7 0 2 7 7 1 1 0 0 7
split_gain=4.48362 2.32805 0.71932 0.661118 0.370526 0.418928 0.32593 0.218958 0.167624 0.164236 0.0864452 0.0647003 0.0581419 0.0423857
threshold=0.95125790871679794 1.2424533248940004 0.45000000000000007 0.8500000000000002 1.4978661367769956 0.96202647802419972 0.87314886671764558 1.7005986908310777 0.89587973461402759 0.8500000000000002 0.8500000000000002 0.95759151433594536 0.88870131224393856 1.8688348091416842
decision_type=2 2 2 2 2 2 2 2 2 2 2 2 2 2
left_child=1 6 -3 4 5 -2 9 10 -8 12 -4 -5 -1 -6
right_child=3 2 7 11 13 -7 8 -9 -10 -11 -12 -13 -14 -15
leaf_value=-0.00013487165571343421 0.00043512656558861043 9.6474526978586268e-05 0.00024440584580352011 0.0014159307771959833 0.00089975063354115112 0.00083871523153024763 -8.0900425725447569e-06 0.00043512656558861043 9.6474526978586268e-05 -8.0900425725447569e-06 0.00035708759697800963 0.0020616083729068382 -6.6071601003589071e-05 0.0012298253860829158
leaf_weight=59816 2043 2876 7530 241 536 751 736 5546 5226 2265 1675 377 8838 1107
leaf_count=59816 2043 2876 7530 241 536 751 736 5546 5226 2265 1675 377 8838 1107
internal_value=2.32121e-05 -2.33521e-05 0.000287597 0.000893605 0.000765238 0.000554673 -9.46483e-05 0.000392337 9.64745e-05 -0.000112655 0.000279049 0.00181251 -0.000124053 0.00112276
internal_weight=99563 94508 17627 5055 4437 2794 76881 14751 5962 70919 9205 618 68654 1643
internal_count=99563 94508 17627 5055 4437 2794 76881 14751 5962 70919 9205 618 68654 1643
is_linear=0
shrinkage=0.03


Tree=69
num_leaves=15
num_cat=0
split_feature=7 0 0 4 4 1 1 0 0 7 7 0 7 4
split_gain=3.36111 1.02952 0.866334 0.598686 0.493148 0.552034 0.486203 0.269095 0.258358 0.177142 0.171399 0.10668 0.0850548 0.0679875
threshold=1.7005986908310777 0.88678163150325429 0.92608190327882778 0.23582295139135392 5.415744872117046e-05 0.52500000000000013 0.8500000000000002 0.85684610716998588 0.94755735015496623 2.0126758453675748 1.2424533248940004 0.28186765406280762 2.4414009612931857 0.51143806231484512
decision_type=2 2 2 2 2 2 2 2 2 2 2 2 2 2
left_child=2 -2 4 -4 11 7 9 -6 13 -3 -7 -1 -10 -8
right_child=1 6 3 -5 5 10 8 -9 12 -11 -12 -13 -14 -15
leaf_value=-0.00030956115011861299 0.00027306024324181676 0.00055913158839548905 7.4779229374195835e-05 0.00027306024324181676 -0.00014888532316340486 -1.398244680740988e-05 0.0010512106691745332 -4.9738967577277716e-05 0.0015382515509325533 0.00086268919435284635 7.4779229374195835e-05 -0.00014888532316340486 0.0023743250864092262 0.0014350594870409402
leaf_weight=8864 2373 1606 1943 6723 29887 26553 224 5092 234 2619 7907 4822 224 427
leaf_count=8864 2373 1606 1943 6723 29887 26553 224 5092 234 2619 7907 4822 224 427
internal_value=-2.52826e-06 0.000599175 -5.30548e-05 0.000232372 -8.28137e-05 -5.03719e-05 0.000845203 -0.000134327 0.00140426 0.000698161 3.48492e-05 -0.000247399 0.00195144 0.00105121
internal_weight=99498 7707 91791 8666 83125 69439 5334 34979 1109 4225 34460 13686 458 651
internal_count=99498 7707 91791 8666 83125 69439 5334 34979 1109 4225 34460 13686 458 651
is_linear=0
shrinkage=0.03


Tree=70
num_leaves=15
num_cat=0
split_feature=0 2 1 0 2 4 2 1 1 1 4 0 4 2
split_gain=3.25608 1.52783 1.05128 0.95523 0.813325 0.538242 0.37175 0.365996 0.132768 0.105932 0.0871298 0.0816541 0.0725983 0.0559076
threshold=0.89082346484065067 0.99870077516125511 0.52500000000000013 0.95125790871679794 0.86091253323481742 0.066874186587333864 0.8649207029794278 0.8500000000000002 0.8500000000000002 0.8500000000000002 0.78232367005773551 0.13707750104367736 0.013673122611047141 0.94758421325152764
decision_type=2 2 2 2 2 2 2 2 2 2 2 2 2 2
left_child=2 3 10 6 8 -5 -2 -3 -4 13 11 12 -1 -8
right_child=1 7 4 5 -6 -7 9 -9 -10 -11 -12 -13 -14 -15
leaf_value=-0.00031707618161674368 0.00013339039426861748 0.00094314998561601567 -6.6998125183570281e-05 0.00041360014448148295 0.00013339039426861748 0.00071799603992695198 0.00024150042957216271 0.0019675908072299703 3.3196134542523605e-05 0.00041360014448148295 -6.6998125183570281e-05 -0.0001434827871720592 -0.00019259761736976393 0.00034298067004029657
leaf_weight=5978 8788 1420 22584 751 12369 3468 3492 404 1762 1098 596 19687 14345 2815
leaf_count=5978 8788 1420 22584 751 12369 3468 3492 404 1762 1098 596 19687 14345 2815
internal_value=1.94333e-05 0.000339353 -7.25726e-05 0.000264984 4.37608e-05 0.000666993 0.000160208 0.00117101 -6.69981e-05 0.00034961 -0.000177757 -0.000187041 -0.000229227 0.000272361
internal_weight=99557 22236 77321 20412 36715 4219 16193 1824 24346 7405 40606 40010 20323 6307
internal_count=99557 22236 77321 20412 36715 4219 16193 1824 24346 7405 40606 40010 20323 6307
is_linear=0
shrinkage=0.03


Tree=71
num_leaves=15
num_cat=0
split_feature=2 0 0 1 0 4 2 2 2 1 4 0 0 0
split_gain=3.27401 1.33274 0.691246 0.564853 0.489713 0.488655 0.308718 0.261517 0.123761 0.122226 0.1074 0.0900034 0.0735923 0.0517276
threshold=0.94193851583988997 0.87813875544816267 0.94338241079822194 0.8500000000000002 0.95759151433594536 1.690495541550874e-06 0.86909053175326456 0.99695710213171729 0.9989153250542927 0.8500000000000002 0.066874186587333864 0.8626280650496484 0.080185010097920909 0.95886729867197584
decision_type=2 2 2 2 2 2 2 2 2 2 2 2 2 2
left_child=2 -2 5 7 8 11 9 -3 -5 -7 -4 -1 -8 -9
right_child=1 3 10 4 -6 6 12 13 -10 -11 -12 -13 -14 -15
leaf_value=-0.00037375414846037064 0.00017272752074421049 0.00042890296169129652 3.7472630950349235e-05 0.00088280680466137277 0.0022721177433562031 -0.00011303402857290353 -3.1302210548543213e-05 0.0007009216134264396 0.0016017242516370674 -3.1302210548543213e-05 0.00017272752074421049 -0.00020115986818766414 3.7472630950349235e-05 0.00088280680466137277
leaf_weight=6784 5803 4299 959 997 308 61878 1453 1527 208 2255 2933 763 9020 480
leaf_count=6784 5803 4299 959 997 308 61878 1453 1527 208 2255 2933 763 9020 480
internal_value=-9.1278e-06 0.000422998 -7.75428e-05 0.000685078 0.00120559 -9.77823e-05 -7.45089e-05 0.00056002 0.000931331 -0.000100077 0.000172728 -0.000327811 3.74726e-05 0.00084279
internal_weight=99667 13622 86045 7819 1513 82153 74606 6306 1205 64133 3892 7547 10473 2007
internal_count=99667 13622 86045 7819 1513 82153 74606 6306 1205 64133 3892 7547 10473 2007
is_linear=0
shrinkage=0.03


Tree=72
num_leaves=15
num_cat=0
split_feature=2 1 7 0 0 1 0 2 7 0 1 7 0 0
split_gain=3.24218 1.14024 0.783309 0.68745 0.289932 0.271854 0.566238 0.315815 0.151675 0.141826 0.0717218 0.0360246 0.0291564 0.0214519
threshold=0.97932899620196434 0.8500000000000002 2.249904835165133 0.95125790871679794 0.92608190327882778 0.52500000000000013 0.13707750104367736 0.8649207029794278 2.9174053685313028 0.1154138781130314 0.8500000000000002 2.0126758453675748 0.85684610716998588 0.95125790871679794
decision_type=2 2 2 2 2 2 2 2 2 2 2 2 2 2
left_child=1 3 4 5 11 6 -1 -7 10 -3 -4 -2 -8 -6
right_child=2 9 8 -5 13 7 12 -9 -10 -11 -12 -13 -14 -15
leaf_value=-0.00026118298217426417 0.0002975907343336402 0.00011531840280630817 0.00090076978363076807 0.00011531840280630817 0.00058772383842454058 -8.4155590680487822e-05 -0.00015014596084465939 1.3103560755569979e-05 0.001699489702842135 0.0002975907343336402 0.0013441795382068392 0.00052216922846792346 -8.4155590680487822e-05 0.00074674772260220656
leaf_weight=20559 2282 414 1613 3217 790 26642 17741 11813 315 4425 374 736 7928 705
leaf_count=20559 2282 414 1613 3217 790 26642 17741 11813 315 4425 374 736 7928 705
internal_value=5.04596e-06 -4.13669e-05 0.000636548 -6.69539e-05 0.000406691 -8.91113e-05 -0.000138135 -3.0176e-05 0.0010868 0.000297591 0.000988869 0.000297591 -8.41556e-05 0.000746748
internal_weight=99554 92739 6815 87900 4513 84683 46228 38455 2302 4839 1987 3018 25669 1495
internal_count=99554 92739 6815 87900 4513 84683 46228 38455 2302 4839 1987 3018 25669 1495
is_linear=0
shrinkage=0.03


Tree=73
num_leaves=15
num_cat=0
split_feature=7 0 7 1 1 0 4 0 0 7 0 1 0 7
split_gain=3.25404 1.03883 0.642458 0.595859 0.285181 0.277594 0.272899 0.207644 0.199316 0.19101 0.168203 0.103238 0.0968639 0.0520074
threshold=1.4978661367769956 0.87813875544816267 1.8688348091416842 0.8500000000000002 0.8500000000000002 0.95257444074377429 8.2079964549564028e-06 0.14137889817357066 0.95387771166861068 2.602003343538398 0.023788626305758957 0.8500000000000002 0.19385240972042087 2.602003343538398
decision_type=2 2 2 2 2 2 2 2 2 2 2 2 2 2
left_child=3 -2 11 5 8 6 7 -1 13 -6 -8 -3 -5 -4
right_child=1 2 4 12 9 -7 10 -9 -10 -11 -12 -13 -14 -15
leaf_value=-0.00039371525528137427 0.00020135726200722445 0.00044434067345745229 0.00068835532740631027 6.0660122574117372e-05 0.0011073046996384376 6.0660122574117372e-05 -0.00016077734299695324 -0.00016077734299695324 0.0011073046996384376 0.0020474656137957938 -5.4576038694075898e-05 0.00068835532740631027 0.00020135726200722445 0.00089783001352237394
leaf_weight=4717 4509 2620 2013 527 609 2517 9496 4278 989 287 62346 581 3462 385
leaf_count=4717 4509 2620 2013 527 609 2517 9496 4278 989 287 62346 581 3462 385
internal_value=1.49556e-06 0.000464846 0.000687324 -6.21313e-05 0.00093237 -8.0037e-05 -9.26456e-05 -0.000248415 0.000806009 0.0014086 -7.31392e-05 0.000444341 0.000201357 0.000688355
internal_weight=99336 11993 7484 87343 4283 83354 80837 8995 3387 896 71842 3201 3989 2398
internal_count=99336 11993 7484 87343 4283 83354 80837 8995 3387 896 71842 3201 3989 2398
is_linear=0
shrinkage=0.03


Tree=74
num_leaves=15
num_cat=0
split_feature=7 0 1 0 2 0 2 2 2 7 0 2 0 0
split_gain=3.17956 1.4488 1.06769 0.436968 0.402465 0.275166 0.272107 0.226753 0.111812 0.0892949 0.0885217 0.0740382 0.0643657 0.0542685
threshold=1.4978661367769956 0.91736582666635524 0.8500000000000002 0.95125790871679794 0.71702660750274794 0.080185010097920909 0.99229607785163754 0.99899322516675126 0.86909053175326456 0.89587973461402759 0.88678163150325429 0.99707334944142667 0.95886729867197584 0.91513968259096157
decision_type=2 2 2 2 2 2 2 2 2 2 2 2 2 2
left_child=2 6 4 7 9 -6 -2 -3 10 13 -7 -5 -13 -1
right_child=1 3 -4 11 5 8 -8 -9 -10 -11 -12 12 -14 -15
leaf_value=-0.00020403913066978526 0.00019902641101832678 0.00051561944818604626 0.00019902641101832678 0.00099294671435135907 -9.8939657965231516e-05 -4.1673697718678432e-05 0.00051561944818604626 0.00088281888485488126 5.5055694199748433e-05 -9.8939657965231516e-05 1.5216000894852622e-05 0.0011707105622975689 0.0015473862580880188 -0.00014253628106494274
leaf_weight=28633 5104 2533 4044 1143 12912 18097 1552 589 10664 4197 6371 371 643 2644
leaf_count=28633 5104 2533 4044 1143 12912 18097 1552 589 10664 4197 6371 371 643 2644
internal_value=6.6701e-07 0.000459999 -6.1946e-05 0.000832212 -8.8915e-05 -3.2325e-05 0.000199026 0.000605011 1.55923e-05 -0.000165554 -2.46237e-05 0.00116063 0.00134847 -0.000186133
internal_weight=99497 11935 87562 5279 83518 48044 6656 3122 35132 35474 24468 2157 1014 31277
internal_count=99497 11935 87562 5279 83518 48044 6656 3122 35132 35474 24468 2157 1014 31277
is_linear=0
shrinkage=0.03


Tree=75
num_leaves=15
num_cat=0
split_feature=0 7 4 1 4 0 1 0 1 7 7 1 4 0
split_gain=2.69657 1.21453 1.04173 0.817861 0.295069 0.246181 0.197181 0.233353 0.12166 0.132462 0.0814859 0.0651867 0.0520495 0.0540273
threshold=0.95125790871679794 1.2424533248940004 0.079077261733014007 0.52500000000000013 1.9077318482274567e-05 0.13707750104367736 0.52500000000000013 0.13291094265878203 0.8500000000000002 2.3502401828962087 1.7005986908310777 0.8500000000000002 8.2079964549564028e-06 0.0024145897477865223
decision_type=2 2 2 2 2 2 2 2 2 2 2 2 2 2
left_child=1 4 -2 -3 5 12 7 -6 -4 -10 11 -5 13 -1
right_child=2 3 8 10 6 -7 -8 -9 9 -11 -12 -13 -14 -15
leaf_value=-0.00088021708093137974 0.00033317855240014689 6.3495057968885959e-05 0.00087518580448661242 0.00019833680518451644 -0.00013337272311492198 -0.00013337272311492198 7.7062928710564576e-06 -4.4555606372160257e-05 0.0011032881735377757 0.0019077893708372821 0.00033317855240014689 0.00028844379847870643 -0.00024719883942482388 -0.00038596033308746578
leaf_weight=208 789 3000 3633 7522 15880 5429 29376 20453 385 235 5512 1653 1066 4500
leaf_count=208 789 3000 3633 7522 15880 5429 29376 20453 385 235 5512 1653 1066 4500
internal_value=1.32277e-05 -2.28057e-05 0.000689163 0.000201344 -7.4354e-05 -0.000216656 -5.00895e-05 -9.68175e-05 0.000941988 0.00133139 0.000333179 0.000243709 -0.000361025 -0.000407979
internal_weight=99641 94599 5042 17687 76912 11203 65709 36333 4253 620 14687 9175 5774 4708
internal_count=99641 94599 5042 17687 76912 11203 65709 36333 4253 620 14687 9175 5774 4708
is_linear=0
shrinkage=0.03


Tree=76
num_leaves=15
num_cat=0
split_feature=0 7 4 1 4 1 0 0 1 7 1 7 4 0
split_gain=2.37923 1.21533 0.907215 0.811482 0.388193 0.224982 0.38169 0.207856 0.149405 0.145203 0.0864274 0.051936 0.0510521 0.0650287
threshold=0.95125790871679794 1.2424533248940004 0.066874186587333864 0.52500000000000013 6.6684448695397705e-05 0.52500000000000013 0.13291094265878203 0.8626280650496484 0.8500000000000002 1.8688348091416842 0.8500000000000002 1.4978661367769956 3.3837052484386736e-06 0.021355902776122097
decision_type=2 2 2 2 2 2 2 2 2 2 2 2 2 2
left_child=1 4 -2 -3 7 6 -6 12 -4 -10 -7 -5 -1 -14
right_child=2 3 8 11 5 10 -8 -9 9 -11 -12 -13 13 -15
leaf_value=-0.00033821302567651936 0.00030541835241698742 5.7850498234822685e-05 0.00079942556480500895 0.00020988145177079482 -0.0001332314498020802 -1.3002927589054512e-05 -4.1557945710444087e-05 -0.0001332314498020802 0.0010526861206940079 0.0017414119034919145 5.7850498234822685e-05 0.00030541835241698742 -0.00027798349612043058 -0.00020898651318028636
leaf_weight=7142 768 3021 3685 5959 14697 25353 19451 1735 254 360 2643 8754 1159 4546
leaf_count=7142 768 3021 3685 5959 14697 25353 19451 1735 254 360 2643 8754 1159 4546
internal_value=5.78259e-06 -2.81923e-05 0.000639029 0.000195628 -7.99265e-05 -4.72372e-05 -9.89206e-05 -0.000219226 0.000872056 0.00130595 1.58048e-05 0.000305418 -0.000284742 -0.000217754
internal_weight=99527 94460 5067 17734 76726 62144 34148 14582 4299 614 27996 14713 12847 5705
internal_count=99527 94460 5067 17734 76726 62144 34148 14582 4299 614 27996 14713 12847 5705
is_linear=0
shrinkage=0.03


Tree=77
num_leaves=15
num_cat=0
split_feature=0 1 4 2 4 0 0 2 1 2 0 2 2 4
split_gain=3.14927 1.51502 1.34954 0.806709 0.394297 0.206633 0.181469 0.138137 0.11172 0.286594 0.233325 0.045226 0.0400068 0.0251491
threshold=0.95125790871679794 0.8500000000000002 0.066874186587333864 0.94929573612967555 4.024938489877173e-05 0.20052726007997992 0.67293749190866958 0.72385923423582088 0.52500000000000013 0.8649207029794278 0.45778842270374304 0.9999594464322159 0.81177261714833149 0.73740429217503867
decision_type=2 2 2 2 2 2 2 2 2 2 2 2 2 2
left_child=1 3 -2 4 6 -3 12 -4 10 -10 13 -9 -1 -6
right_child=2 5 7 -5 8 -7 -8 11 9 -11 -12 -13 -14 -15
leaf_value=-0.00031421657053530279 0.00037395517988360766 0.00016583530465511654 0.00071204358027057463 0.00016583530465511654 -0.00013051172281207778 0.00037395517988360766 -0.00013051172281207778 0.0010903363261556428 -3.8723747820566724e-05 4.7567766055852623e-05 -3.8723747820566724e-05 0.0015069633337463108 -0.00021088411128067149 -8.4617735316322242e-05
leaf_weight=9684 740 580 592 7090 20224 5118 2974 3437 22373 9315 15193 259 743 1263
leaf_count=9684 740 580 592 7090 20224 5118 2974 3437 22373 9315 15193 259 743 1263
internal_value=2.76422e-05 -1.12641e-05 0.000759174 -4.22846e-05 -7.06998e-05 0.000373955 -0.000219492 0.00105013 -4.15319e-05 -2.718e-07 -7.71757e-05 0.00111993 -0.000291256 -0.000130512
internal_weight=99585 94557 5028 88859 81769 5698 13401 4288 68368 31688 36680 3696 10427 21487
internal_count=99585 94557 5028 88859 81769 5698 13401 4288 68368 31688 36680 3696 10427 21487
is_linear=0
shrinkage=0.03


Tree=78
num_leaves=15
num_cat=0
split_feature=7 0 1 7 0 4 1 0 4 0 7 7 4 1
split_gain=2.14455 0.970906 0.49122 0.473032 0.372916 0.358544 0.302902 0.320548 0.261652 0.187317 0.131643 0.0819118 0.0406775 0.0406453
threshold=1.4978661367769956 0.95387771166861068 0.52500000000000013 2.0126758453675748 0.93395699653774511 8.2079964549564028e-06 0.52500000000000013 0.85369287617504608 0.066874186587333864 0.15546155720949176 2.8617925509761908 1.2424533248940004 3.190924051743594e-05 0.8500000000000002
decision_type=2 2 2 2 2 2 2 2 2 2 2 2 2 2
left_child=4 2 -2 13 5 9 7 -7 -6 -1 -3 12 -8 -4
right_child=1 10 3 -5 8 6 11 -9 -10 -11 -12 -13 -14 -15
leaf_value=-0.00037367088990856507 0.00016517602319241533 0.00091765132324724268 0.00028795439116139249 0.00063658056563187649 4.9858566164882618e-05 -0.00014389618570037608 -4.0489136430664175e-05 -4.0489136430664175e-05 0.00016517602319241533 -0.00014389618570037608 0.0017104553664644617 4.9858566164882618e-05 7.5861402335785106e-06 0.00046226747839663447
leaf_weight=4908 1117 1642 4880 2807 1298 32295 1377 6151 4231 4080 214 5614 27823 1247
leaf_count=4908 1117 1642 4880 2807 1298 32295 1377 6151 4231 4080 214 5614 27823 1247
internal_value=1.90838e-06 0.000379694 0.000263226 0.000410733 -4.93422e-05 -6.54589e-05 -4.35176e-05 -0.000101565 0.000165176 -0.000244275 0.00100993 2.05866e-05 -9.69187e-06 0.000287954
internal_weight=99684 11907 10051 8934 87777 82248 73260 38446 5529 8988 1856 34814 29200 6127
internal_count=99684 11907 10051 8934 87777 82248 73260 38446 5529 8988 1856 34814 29200 6127
is_linear=0
shrinkage=0.03


Tree=79
num_leaves=15
num_cat=0
split_feature=7 0 0 0 7 1 4 4 7 4 1 0 0 0
split_gain=2.19191 0.743284 0.603297 0.428516 0.31325 0.304991 0.228594 0.199947 0.170526 0.117815 0.090602 0.35243 0.0783205 0.0642149
threshold=1.7005986908310777 0.87570779398083698 0.95125790871679794 0.012440915219485761 2.6735537653587347 0.8500000000000002 0.022594915184783241 9.9005047117239914e-06 1.8688348091416842 0.066874186587333864 0.52500000000000013 0.85684610716998588 0.0065176617354154595 0.67293749190866958
decision_type=2 2 2 2 2 2 2 2 2 2 2 2 2 2
left_child=2 -2 3 6 8 7 12 13 -3 -4 11 -9 -1 -5
right_child=1 4 9 5 -6 -7 -8 10 -10 -11 -12 -13 -14 -15
leaf_value=-0.00075207904901406148 0.00024801506853388368 0.00047967655633391931 0.00010895618754457738 -0.00014482720731972569 0.0012642124878617842 0.00010895618754457738 -0.00015755813632635575 -7.8582965454421637e-05 0.00074530411902303841 0.00024801506853388368 2.3619707149960925e-05 -1.0615684049166239e-05 -0.00036327549901717213 -7.8582965454421637e-05
leaf_weight=946 2182 1291 742 6371 792 4446 4182 29196 3525 2526 33118 7432 767 2027
leaf_count=946 2182 1291 742 6371 792 4446 4182 29196 3525 2526 33118 7432 767 2027
internal_value=2.69749e-05 0.000510077 -1.40464e-05 -3.01027e-05 0.000711338 -1.24632e-05 -0.000277191 -2.92255e-05 0.000620173 0.000248015 -1.23387e-05 -4.48511e-05 -0.000568993 -0.000144827
internal_weight=99543 7790 91753 88485 5608 82590 5895 78144 4816 3268 69746 36628 1713 8398
internal_count=99543 7790 91753 88485 5608 82590 5895 78144 4816 3268 69746 36628 1713 8398
is_linear=0
shrinkage=0.03


Tree=80
num_leaves=15
num_cat=0
split_feature=7 0 0 2 0 4 0 0 2 4 4 7 0 2
split_gain=2.49613 1.16992 0.407429 0.490249 0.383645 0.210015 0.16719 0.151546 0.154364 0.141458 0.0708633 0.065619 0.0508859 0.0392551
threshold=1.2424533248940004 0.95125790871679794 0.87813875544816267 0.94758421325152764 0.92709953710436832 3.190924051743594e-05 0.00409635715186596 0.035358966328203685 0.86909053175326456 0.066874186587333864 0.35215420186766144 2.0126758453675748 0.88041245006024849 0.72385923423582088
decision_type=2 2 2 2 2 2 2 2 2 2 2 2 2 2
left_child=4 2 -2 -4 5 6 13 -7 -9 -6 -3 -5 -8 -1
right_child=1 10 3 11 9 7 12 8 -10 -11 -12 -13 -14 -15
leaf_value=-0.00099484541318154438 0.00011767203768045826 0.0005464442965797718 0.00024793830201421405 0.00039719129929699292 1.4700447599908275e-05 -0.00013297769960719208 -0.00021265117057702097 -6.7628404541525397e-05 1.4700447599908275e-05 0.00011767203768045826 0.00092657486365474526 0.0005464442965797718 -0.00013297769960719208 -0.00046291903453004322
leaf_weight=263 9713 202 2957 2831 1486 12136 11112 42389 6176 4518 2551 1997 822 220
leaf_count=263 9713 202 2957 2831 1486 12136 11112 42389 6176 4518 2551 1997 822 220
internal_value=7.11099e-06 0.000304301 0.000213827 0.000378205 -6.89565e-05 -8.82711e-05 -0.000200682 -6.52735e-05 -4.05761e-05 0.000117672 0.000879061 0.000546444 -0.000178496 -0.000747342
internal_weight=99373 20251 17498 7785 79122 73118 12417 60701 48565 6004 2753 4828 11934 483
internal_count=99373 20251 17498 7785 79122 73118 12417 60701 48565 6004 2753 4828 11934 483
is_linear=0
shrinkage=0.03


Tree=81
num_leaves=15
num_cat=0
split_feature=0 4 1 2 2 0 1 1 0 2 4 4 1 2
split_gain=1.78204 0.968537 0.818991 0.456732 0.299412 0.192119 0.0836805 0.0738897 0.609635 0.270025 0.0695007 0.0404016 0.0334525 0.0390973
threshold=0.95125790871679794 0.066874186587333864 0.8500000000000002 0.94929573612967555 0.72385923423582088 0.83368690172210347 0.52500000000000013 0.52500000000000013 0.13291094265878203 0.71676940635557951 0.68837426381937139 3.190924051743594e-05 0.8500000000000002 0.99896760489058267
decision_type=2 2 2 2 2 2 2 2 2 2 2 2 2 2
left_child=2 -2 3 7 -3 -4 -5 8 10 -9 -1 -11 -6 -14
right_child=1 4 5 6 12 -7 -8 9 -10 11 -12 -13 13 -15
leaf_value=-0.00026675888805424513 0.00025466097321297237 0.00052827715440369617 9.9401338426625326e-05 1.1071756531515422e-05 0.00088705274774737643 0.00025466097321297237 9.9401338426625326e-05 -7.4069979412753263e-05 -7.4069979412753263e-05 -3.1499111440618924e-05 -0.00015934789824562554 1.1071756531515422e-05 0.0010114604274530541 0.0014856434690692269
leaf_weight=18123 775 589 3216 1173 3138 2426 5932 9708 25404 2773 2024 23953 393 201
leaf_count=18123 775 589 3216 1173 3138 2426 5932 9708 25404 2773 2024 23953 393 201
internal_value=-3.85895e-06 0.000542581 -3.32595e-05 -5.58583e-05 0.000801893 0.000254661 9.94013e-05 -7.72578e-05 -0.000102729 -4.54109e-05 -0.000244626 1.10718e-05 0.000926949 0.00113587
internal_weight=99828 5096 94732 89090 4321 5642 7105 81985 45551 36434 20147 26726 3732 594
internal_count=99828 5096 94732 89090 4321 5642 7105 81985 45551 36434 20147 26726 3732 594
is_linear=0
shrinkage=0.03


Tree=82
num_leaves=15
num_cat=0
split_feature=0 4 2 2 0 2 7 7 2 0 0 7 0 2
split_gain=1.46937 0.98478 0.689069 0.206659 0.287471 0.204349 0.0974554 0.085864 0.0613062 0.0465254 0.0290966 0.0234413 0.0205295 0.0248426
threshold=0.95125790871679794 0.066874186587333864 0.97932899620196434 0.71702660750274794 0.080185010097920909 0.72385923423582088 2.0126758453675748 0.89587973461402759 0.87314886671764558 0.91257458552718174 0.88678163150325429 2.8617925509761908 0.012440915219485761 0.70949527351466812
decision_type=2 2 2 2 2 2 2 2 2 2 2 2 2 2
left_child=2 -2 3 7 -5 -3 -4 9 10 12 -6 -7 -1 -14
right_child=1 5 6 4 8 11 -8 -9 -10 -11 -12 -13 13 -15
leaf_value=-0.00019800826091988556 0.00025482639958362665 0.00052232972124850177 0.00011377313176548822 -3.6381119838725426e-05 1.7014461460098886e-05 0.00086529555017434638 0.00025482639958362665 -3.6381119838725426e-05 0.00011377313176548822 -7.1470489398178428e-05 7.4179738391175131e-05 0.001171038588861456 -0.00013754891483372871 -9.7733281399157076e-05
leaf_weight=3025 768 590 2846 13034 21058 3473 2411 4316 12953 2257 6132 250 19295 6911
leaf_count=3025 768 590 2846 13034 21058 3473 2411 4316 12953 2257 6132 250 19295 6911
internal_value=1.97768e-05 0.000516672 -7.01932e-06 -2.72801e-05 1.02349e-05 0.000789833 0.000254826 -8.29971e-05 6.01774e-05 -0.00010656 3.45863e-05 0.000886135 -0.000123996 -0.000115446
internal_weight=99319 5081 94238 88981 53177 4313 5257 35804 40143 31488 27190 3723 29231 26206
internal_count=99319 5081 94238 88981 53177 4313 5257 35804 40143 31488 27190 3723 29231 26206
is_linear=0
shrinkage=0.03


Tree=83
num_leaves=15
num_cat=0
split_feature=7 2 7 7 2 2 1 7 2 4 1 4 4 1
split_gain=2.26626 0.633769 0.595753 0.305945 0.268356 0.141111 0.126514 0.10137 0.0821682 0.0601708 0.0591934 0.0550287 0.0488701 0.0419503
threshold=1.7005986908310777 0.94193851583988997 1.2424533248940004 2.0126758453675748 0.87314886671764558 0.99143033224082477 0.8500000000000002 2.249904835165133 0.71676940635557951 4.5953200775272769e-05 0.8500000000000002 0.058250599528949128 0.78232367005773551 0.52500000000000013
decision_type=2 2 2 2 2 2 2 2 2 2 2 2 2 2
left_child=2 -2 4 -3 8 -5 11 -7 9 -1 -9 -4 -10 -13
right_child=1 3 6 5 -6 7 -8 10 12 -11 -12 13 -14 -15
leaf_value=-0.00019868797652717124 0.00024648924218690683 0.00044939169840425906 5.930532677028004e-05 0.00063872870752085622 5.930532677028004e-05 0.00078214981221692132 0.00024648924218690683 0.00096722117249826165 -5.6161820325265114e-05 -8.829066392060382e-05 0.0013475049759084886 0.00010400713287802011 -5.1917163463975774e-06 0.00018079377848643512
leaf_weight=5616 908 2941 445 641 6243 1081 1785 1673 45515 21288 484 2615 533 7817
leaf_count=5616 908 2941 445 641 6243 1081 1785 1673 45515 21288 484 2615 533 7817
internal_value=2.05611e-05 0.00051393 -2.09515e-05 0.000652294 -5.15012e-05 0.000828066 0.000170112 0.000925571 -6.96888e-05 -0.000111342 0.00105314 0.000115098 -4.53507e-05 0.000148709
internal_weight=99585 7728 91857 6820 79195 3879 12662 3238 72952 26904 2157 10877 46048 10432
internal_count=99585 7728 91857 6820 79195 3879 12662 3238 72952 26904 2157 10877 46048 10432
is_linear=0
shrinkage=0.03


Tree=84
num_leaves=15
num_cat=0
split_feature=0 4 2 2 4 0 2 7 0 7 0 7 2 0
split_gain=1.96751 1.04617 0.837925 0.218189 0.208431 0.168036 0.212491 0.119575 0.0888214 0.0530386 0.0526852 0.0635686 0.0394433 0.0524653
threshold=0.95125790871679794 0.066874186587333864 0.97932899620196434 0.72385923423582088 3.190924051743594e-05 0.036470398306846626 0.86909053175326456 2.1383330595080281 0.92172623891383421 0.89587973461402759 0.95387771166861068 1.8688348091416842 0.73073675821169848 0.00409635715186596
decision_type=2 2 2 2 2 2 2 2 2 2 2 2 2 2
left_child=2 -2 4 -3 8 -6 -7 -4 12 -8 -5 -12 13 -1
right_child=1 3 7 10 5 6 9 -9 -10 -11 11 -13 -14 -15
leaf_value=-0.00059423237570717131 0.00027487406171297244 0.00055913848058667651 0.00011297098957802469 0.00075025429679521525 -9.5035340514979238e-05 -4.0169207941478938e-05 2.3341681456061884e-05 0.00027487406171297244 -9.5035340514979238e-05 0.00010842576902854677 0.00087783370488566628 0.0011503708711145047 -0.00014713958640600892 -0.00022073583665985894
leaf_weight=352 767 601 3432 512 12664 47996 376 1809 575 15363 1922 1321 3588 8474
leaf_count=352 767 601 3432 512 12664 47996 376 1809 575 15363 1922 1321 3588 8474
internal_value=4.09362e-06 0.000576658 -2.69095e-05 0.000843403 -4.89321e-05 -3.00421e-05 -8.80102e-06 0.000274874 -0.000160029 8.68526e-05 0.00094137 0.000989169 -0.000199244 -0.000235697
internal_weight=99752 5123 94629 4356 89388 76399 63735 5241 12989 15739 3755 3243 12414 8826
internal_count=99752 5123 94629 4356 89388 76399 63735 5241 12989 15739 3755 3243 12414 8826
is_linear=0
shrinkage=0.03


Tree=85
num_leaves=15
num_cat=0
split_feature=0 1 4 4 7 1 0 7 0 1 0 0 0 0
split_gain=1.33606 0.773042 0.625762 0.318957 0.229678 0.22185 0.297552 0.212729 0.116005 0.0815314 0.0696788 0.0240299 0.0202529 0.0124671
threshold=0.95125790871679794 0.8500000000000002 0.092160578299673737 4.024938489877173e-05 0.89587973461402759 0.52500000000000013 0.85684610716998588 1.2424533248940004 0.92172623891383421 0.8500000000000002 0.20052726007997992 0.13707750104367736 0.94338241079822194 0.0065176617354154595
decision_type=2 2 2 2 2 2 2 2 2 2 2 2 2 2
left_child=1 3 -2 8 -4 6 -5 12 11 -6 -3 13 -7 -1
right_child=2 10 4 5 9 7 -8 -9 -10 -11 -12 -13 -14 -15
leaf_value=-0.00035773943109519522 0.00024422187503086589 0.0001080392831258456 0.00047131397174364476 -8.346231711402587e-05 0.00075440645406978622 -3.970940459334267e-06 -3.970940459334267e-06 0.0001080392831258456 -8.346231711402587e-05 0.0011377486390604947 0.00024422187503086589 -0.00015952025235689882 5.2034171333255672e-05 -0.00022815430599975399
leaf_weight=751 809 549 801 30487 2853 25512 7369 11774 595 611 5061 5809 301 6287
leaf_count=751 809 549 801 30487 2853 25512 7369 11774 595 611 5061 5809 301 6287
internal_value=1.98582e-05 -5.60906e-06 0.000494053 -2.81433e-05 0.000698406 -4.15442e-06 -5.54154e-05 4.74736e-05 -0.00016277 0.000822331 0.000244222 -0.000204737 -3.97094e-06 -0.000242031
internal_weight=99569 94495 5074 88885 4265 75443 37856 37587 13442 3464 5610 12847 25813 7038
internal_count=99569 94495 5074 88885 4265 75443 37856 37587 13442 3464 5610 12847 25813 7038
is_linear=0
shrinkage=0.03


Tree=86
num_leaves=15
num_cat=0
split_feature=1 0 0 1 0 7 4 7 0 0 4 0 0 4
split_gain=1.30304 0.782938 0.734541 0.317664 0.464798 0.437901 0.293617 0.13287 0.0661175 0.0246612 0.0194953 0.0121331 0.0115548 0.0113009
threshold=0.8500000000000002 0.95125790871679794 0.87570779398083698 0.52500000000000013 0.85684610716998588 1.2424533248940004 0.4370024334629648 1.8688348091416842 0.035358966328203685 0.83710336359217774 0.51699538931313616 0.90126043371856224 0.92399195209145557 0.73740429217503867
decision_type=2 2 2 2 2 2 2 2 2 2 2 2 2 2
left_child=1 3 9 4 8 -5 -4 11 10 -2 -1 -8 -9 -10
right_child=2 -3 6 5 -6 -7 7 12 13 -11 -12 -13 -14 -15
leaf_value=-0.00026463539528152354 0.00019829780987501113 0.00019829780987501113 0.00051144654589822575 -4.4969181586986519e-05 -4.4969181586986519e-05 7.5299663927342017e-05 0.00075980320404812549 0.0011158213754613165 -0.00014857433575011497 0.00044375844023124191 -0.00018744417344087596 0.0008850254254265448 0.0013926755695347116 -0.00010586344907520885
leaf_weight=6360 3288 4453 424 30354 8209 11915 266 219 26725 477 3895 1010 563 1346
leaf_count=6360 3288 4453 424 30354 8209 11915 266 219 26725 477 3895 1010 563 1346
internal_value=2.63799e-06 -2.54619e-05 0.000422057 -4.76985e-05 -0.000101774 1.18359e-05 0.000824595 0.00100816 -0.000166758 0.000198298 -0.000231957 0.000818208 0.00131667 -0.000142932
internal_weight=99504 93257 6247 88804 46535 42269 2482 2058 38326 3765 10255 1276 782 28071
internal_count=99504 93257 6247 88804 46535 42269 2482 2058 38326 3765 10255 1276 782 28071
is_linear=0
shrinkage=0.03


Tree=87
num_leaves=15
num_cat=0
split_feature=0 2 1 2 2 1 0 0 0 0 4 0 1 1
split_gain=1.03192 0.923281 0.897817 0.392149 0.37332 0.3131 0.262064 0.144024 0.0764646 0.0551398 0.1245 0.216329 0.041122 0.0354734
threshold=0.88870131224393856 0.9438290797026655 0.52500000000000013 0.71676940635557951 0.99899322516675126 0.8500000000000002 0.96202647802419972 0.85684610716998588 0.95125790871679794 0.13291094265878203 0.013673122611047141 0.011635959148406984 0.8500000000000002 0.8500000000000002
decision_type=2 2 2 2 2 2 2 2 2 2 2 2 2 2
left_child=2 6 7 -4 8 -6 12 9 13 10 11 -1 -2 -3
right_child=1 4 3 -5 5 -7 -8 -9 -10 -11 -12 -13 -14 -15
leaf_value=-0.00068048324694045112 6.9020541936809583e-05 0.0002677248805271493 -4.1027286897573947e-05 6.9020541936809583e-05 0.00064850732303921852 0.0016702364044763741 0.0002677248805271493 -4.1027286897573947e-05 0.00053982942446768206 -0.00012330577450020164 -0.00015928204502006269 -0.00023585945674203037 0.00016837271123197942 0.00041306769255867955
leaf_weight=1159 13848 3355 9000 27556 1217 347 716 2005 1445 18224 14348 4735 879 798
leaf_count=1159 13848 3355 9000 27556 1217 347 716 2005 1445 18224 14348 4735 879 798
internal_value=6.06299e-06 0.000184281 -4.62402e-05 6.15262e-05 0.000466429 0.000876118 6.90205e-05 -0.000143581 0.000351832 -0.000161174 -0.000195258 -0.000312437 6.90205e-05 0.000286306
internal_weight=99632 22605 77027 36556 7162 1564 15443 40471 5598 38466 20242 5894 14727 4153
internal_count=99632 22605 77027 36556 7162 1564 15443 40471 5598 38466 20242 5894 14727 4153
is_linear=0
shrinkage=0.03


Tree=88
num_leaves=15
num_cat=0
split_feature=0 2 4 7 0 2 0 0 4 0 7 2 2 7
split_gain=1.17826 0.768469 0.57661 0.230367 0.187043 0.166216 0.155144 0.0987522 0.0844104 0.136447 0.0751549 0.164887 0.0742119 0.0701877
threshold=0.91736582666635524 0.86909053175326456 0.0011528772282501378 2.602003343538398 0.96202647802419972 0.99229607785163754 0.0065176617354154595 0.95886729867197584 8.2079964549564028e-06 0.63061133772134792 0.89587973461402759 0.73073675821169848 0.71676940635557951 2.0126758453675748
decision_type=2 2 2 2 2 2 2 2 2 2 2 2 2 2
left_child=2 4 6 13 -2 10 12 -5 9 -8 11 -4 -1 -3
right_child=1 3 5 7 -6 -7 8 -9 -10 -11 -12 -13 -14 -15
leaf_value=-0.00095269290926874764 0.00011145472170097353 0.00035829572992123187 -8.0738139866950621e-05 0.0006857298917903468 0.0002932563574954976 0.00011145472170097353 -0.00033010079978651637 0.0013611703619790204 -0.00010107715681241502 -0.0001714365333060526 3.0566590849685786e-05 -1.4569438892438568e-06 -0.00038847647369802949 0.00057623812486978624
leaf_weight=326 7105 4944 30215 510 520 1673 6476 319 5295 1648 27816 10276 533 1825
leaf_count=326 7105 4944 30215 510 520 1673 6476 319 5295 1648 27816 10276 533 1825
internal_value=1.19522e-05 0.000254843 -3.19337e-05 0.000475058 0.000111455 3.51627e-06 -0.000205671 0.000946967 -0.00018062 -0.000241796 -7.39914e-06 -3.34805e-05 -0.000596333 0.000417132
internal_weight=99481 15223 84258 7598 7625 69980 14278 829 13419 8124 68307 40491 859 6769
internal_count=99481 15223 84258 7598 7625 69980 14278 829 13419 8124 68307 40491 859 6769
is_linear=0
shrinkage=0.03


Tree=89
num_leaves=15
num_cat=0
split_feature=7 0 1 4 1 0 1 7 7 0 0 0 0 4
split_gain=1.10819 0.386052 0.360169 0.226778 0.379476 0.246678 0.142158 0.15095 0.123368 0.097473 0.0661583 0.0583683 0.057898 0.0515885
threshold=1.7005986908310777 0.95125790871679794 0.35000000000000003 5.415744872117046e-05 0.52500000000000013 0.85684610716998588 0.8500000000000002 2.740319461670996 1.8688348091416842 0.88041245006024849 0.81013876199722301 0.012440915219485761 0.90126043371856224 0.066874186587333864
decision_type=2 2 2 2 2 2 2 2 2 2 2 2 2 2
left_child=1 3 -2 9 5 -5 8 12 -4 -1 -10 -6 -8 -3
right_child=2 13 6 4 11 -7 7 -9 10 -11 -12 -13 -14 -15
leaf_value=-0.00017318982009684956 0.00017822882567788872 7.7822891713906573e-05 0.00032088100845719411 -6.6203261109901702e-05 1.1704997082199975e-07 1.1704997082199975e-07 0.00055723540523609707 0.0014599198230953504 0.00041388063942094066 -6.6203261109901702e-05 0.00055723540523609707 7.7822891713906573e-05 0.00081060239554037151 0.00017822882567788872
leaf_weight=12995 399 776 1636 29935 1426 6928 475 213 546 1500 3579 35686 853 2519
leaf_count=12995 399 776 1636 29935 1426 6928 475 213 546 1500 3579 35686 853 2519
internal_value=1.99134e-05 -9.09678e-06 0.000365554 -2.2583e-05 -1.32111e-06 -6.62033e-05 0.000463533 0.000719526 0.000394945 -0.000131085 0.00050688 6.64374e-05 0.000599763 0.000178229
internal_weight=99466 91765 7701 88470 73975 36863 7302 1541 5761 14495 4125 37112 1328 3295
internal_count=99466 91765 7701 88470 73975 36863 7302 1541 5761 14495 4125 37112 1328 3295
is_linear=0
shrinkage=0.03


Tree=90
num_leaves=15
num_cat=0
split_feature=1 0 0 4 4 1 0 0 4 7 7 0 4 0
split_gain=1.41403 0.766656 0.562356 0.26147 0.255113 0.370798 0.337727 0.302181 0.224248 0.123081 0.0809489 0.0690276 0.0639416 0.0621906
threshold=0.8500000000000002 0.90126043371856224 0.95125790871679794 0.42735495438478216 3.190924051743594e-05 0.52500000000000013 0.85684610716998588 0.14137889817357066 0.066874186587333864 1.4978661367769956 0.89587973461402759 0.83710336359217774 0.61048968368982071 0.94553073402494203
decision_type=2 2 2 2 2 2 2 2 2 2 2 2 2 2
left_child=2 11 4 -3 7 6 -6 10 -4 -7 -1 -2 -5 -14
right_child=1 3 8 12 5 9 -8 -9 -10 -11 -12 -13 13 -15
leaf_value=-0.00035677637101816281 0.00021756594870794415 0.00056905568688220222 9.1965089872741916e-05 0.00095485019738695534 -8.534093494081317e-05 1.8570787958708684e-05 -1.2642352984785238e-05 -8.534093494081317e-05 0.00021756594870794415 9.1965089872741916e-05 -0.0001983150062352385 0.00048271189690508355 0.0011425318694929306 0.0017170059800216714
leaf_weight=6277 3236 292 744 1131 30805 30927 7322 6103 3632 6996 362 884 416 243
leaf_count=6277 3236 292 744 1131 30805 30927 7322 6103 3632 6996 362 884 416 243
internal_value=1.28737e-05 0.000451458 -1.63265e-05 0.000920545 -3.36358e-05 -1.28202e-05 -7.88848e-05 -0.000157862 0.000217566 5.36001e-05 -0.000311289 0.000217566 0.00109371 0.00133021
internal_weight=99370 6202 93168 2082 88792 76050 38127 12742 4376 37923 6639 4120 1790 659
internal_count=99370 6202 93168 2082 88792 76050 38127 12742 4376 37923 6639 4120 1790 659
is_linear=0
shrinkage=0.03


Tree=91
num_leaves=15
num_cat=0
split_feature=2 0 1 1 7 7 0 2 0 2 0 7 1 0
split_gain=1.17066 0.724931 0.460104 0.28741 0.239316 0.194993 0.0931778 0.0922846 0.0817042 0.0410931 0.0333685 0.0155052 0.0120577 0.0183844
threshold=0.87314886671764558 0.90126043371856224 0.8500000000000002 0.52500000000000013 1.2424533248940004 2.0126758453675748 0.069158812984824194 0.99899322516675126 0.96202647802419972 0.99176734511934739 0.95125790871679794 2.6735537653587347 0.8500000000000002 0.20052726007997992
decision_type=2 2 2 2 2 2 2 2 2 2 2 2 2 2
left_child=4 3 5 -2 8 10 -5 -4 12 -7 -3 -11 -1 -14
right_child=1 2 7 6 -6 9 -8 -9 -10 11 -12 -13 13 -15
leaf_value=-7.0659294279222886e-05 7.6951760924300283e-05 0.00024360469952020846 0.00075098007106488656 0.00015791569227010884 7.6951760924300283e-05 0.00039042621699609642 0.00024360469952020846 0.00130994911229594 8.0554036678250929e-06 0.00048989823462366165 0.00039042621699609642 0.00058937025225122704 -5.0334149749897442e-05 -3.0009005220572001e-05
leaf_weight=70081 3454 3685 1270 749 4080 422 9251 339 515 1478 1237 501 472 1883
leaf_count=70081 3454 3685 1270 749 4080 422 9251 339 515 1478 1237 501 472 1883
internal_value=9.22052e-06 0.00020018 0.000410258 7.69518e-05 -4.6276e-05 0.000309251 0.00023888 0.00086949 -6.0841e-05 0.000537248 0.000243605 0.00058937 -6.80734e-05 -3.0009e-05
internal_weight=99417 22386 8932 13454 77031 7323 10000 1609 72951 2401 4922 1979 72436 2355
internal_count=99417 22386 8932 13454 77031 7323 10000 1609 72951 2401 4922 1979 72436 2355
is_linear=0
shrinkage=0.03


Tree=92
num_leaves=15
num_cat=0
split_feature=2 7 1 2 4 2 7 4 2 1 7 4 4 2
split_gain=1.18176 0.960675 0.218737 0.130102 0.140854 0.12625 0.180385 0.0712518 0.0195126 0.0113083 0.0111421 0.0110594 0.00786331 0.00426993
threshold=0.94193851583988997 1.8688348091416842 0.8500000000000002 0.71702660750274794 1.3184185037484754e-05 0.97625594917362568 2.602003343538398 0.066874186587333864 0.72404055242268461 0.8500000000000002 2.0126758453675748 0.75755570237379299 0.7334448500500913 0.87314886671764558
decision_type=2 2 2 2 2 2 2 2 2 2 2 2 2 2
left_child=2 9 3 4 -1 -3 10 -5 11 -2 -7 -9 -6 -10
right_child=1 5 -4 7 12 6 -8 8 13 -11 -12 -13 -14 -15
leaf_value=-0.00022492119116286014 0.0001208289681751927 0.00036236817728658549 0.0001208289681751927 -4.6086005006109194e-05 -6.6445249068135831e-05 0.00051090814669748144 0.0010301167846347389 -1.619185056003648e-05 1.9092935922154684e-05 0.00025896897621164927 0.00059845322028606108 5.006351250033451e-06 -4.6086005006109194e-05 3.9890247996224467e-05
leaf_weight=5425 7043 414 3760 9631 29014 972 941 8457 21044 1456 2696 283 1159 7028
leaf_count=5425 7043 414 3760 9631 29014 972 941 8457 21044 1456 2696 283 1159 7028
internal_value=1.10415e-05 0.000271698 -3.00399e-05 -4.10485e-05 -8.4199e-05 0.000603907 0.000659448 -7.97302e-06 1.37023e-05 0.000120829 0.000564101 -1.61919e-05 -5.8891e-05 2.62046e-05
internal_weight=99323 13522 85801 82041 35598 5023 4609 46443 36812 8499 3668 8740 30173 28072
internal_count=99323 13522 85801 82041 35598 5023 4609 46443 36812 8499 3668 8740 30173 28072
is_linear=0
shrinkage=0.03


Tree=93
num_leaves=15
num_cat=0
split_feature=0 4 1 7 1 0 7 4 1 0 0 0 1 4
split_gain=1.07304 0.713485 0.624156 0.231572 0.0645261 0.0605889 0.0560413 0.0301715 0.0724336 0.123989 0.0701931 0.0187514 0.00177549 0.00102219
threshold=0.95125790871679794 0.066874186587333864 0.8500000000000002 1.7005986908310777 0.52500000000000013 0.20052726007997992 2.8029010331479989 3.3837052484386736e-06 0.52500000000000013 0.45778842270374304 0.79255081084556889 0.012440915219485761 0.8500000000000002 1.9077318482274567e-05
decision_type=2 2 2 2 2 2 2 2 2 2 2 2 2 2
left_child=2 -2 3 7 -5 -4 12 10 9 -9 -1 -10 -3 -13
right_child=1 6 5 4 -6 -7 -8 8 11 -11 -12 13 -14 -15
leaf_value=-0.00017864533313407028 0.00020768301400904621 0.00062711611641143696 8.5057819959597666e-05 1.7255708627315941e-05 8.5057819959597666e-05 0.00020768301400904621 0.0010701198782691261 -7.5570543973798226e-05 -4.253240224052569e-05 -4.253240224052569e-05 -7.5570543973798226e-05 -2.3791093708900407e-05 0.00069541165368071551 -4.0299670163495012e-06
leaf_weight=6651 736 3508 568 438 4393 4978 288 24208 1536 16642 1236 1020 488 32567
leaf_count=6651 736 3508 568 438 4393 4978 288 24208 1536 16642 1236 1020 488 32567
internal_value=5.40297e-06 0.000432731 -1.73651e-05 -3.75674e-05 8.50578e-05 0.000207683 0.000665081 -5.05464e-05 -4.47474e-05 -7.19089e-05 -0.000106394 -1.31559e-05 0.000635628 -5.04979e-06
internal_weight=99257 5020 94237 88691 4831 5546 4284 83860 75973 40850 7887 35123 3996 33587
internal_count=99257 5020 94237 88691 4831 5546 4284 83860 75973 40850 7887 35123 3996 33587
is_linear=0
shrinkage=0.03


Tree=94
num_leaves=15
num_cat=0
split_feature=0 1 2 0 1 4 0 2 4 0 2 2 0 0
split_gain=0.833601 0.58581 0.478419 0.366589 0.0883335 0.0692419 0.116905 0.049333 0.0188148 0.0160962 0.0198216 0.0117059 0.0281113 0.00891266
threshold=0.96202647802419972 0.8500000000000002 0.94569006162006952 0.83710336359217774 0.52500000000000013 3.3837052484386736e-06 0.63061133772134792 0.72385923423582088 0.81379534278845145 0.014963782392442228 0.73073675821169848 0.70949527351466812 0.023788626305758957 0.035358966328203685
decision_type=2 2 2 2 2 2 2 2 2 2 2 2 2 2
left_child=1 2 5 -3 -4 6 13 -2 9 10 -7 -11 -13 -1
right_child=7 3 4 -5 -6 8 -8 -9 -10 11 -12 12 -14 -15
leaf_value=-0.00028125134933431548 0.000344601013990822 0.00012610968499058892 3.8401971826604413e-05 0.000344601013990822 0.00012610968499058892 -8.6846576441150579e-05 -8.6846576441150579e-05 0.00076309861841277751 3.8401971826604413e-05 -5.6539981763617744e-05 -6.2315261754229893e-05 -4.3046451512459298e-05 -1.5650188081156902e-05 -0.00020362114151184832
leaf_weight=2026 205 3268 1606 2866 7852 4258 1987 1341 302 20815 1669 2219 45218 3951
leaf_count=2026 205 3268 1606 2866 7852 4258 1987 1341 302 20815 1669 2219 45218 3951
internal_value=4.57066e-06 -6.33252e-06 -2.52795e-05 0.000277499 0.00012611 -4.93057e-05 -0.000133379 0.000695535 -4.03144e-05 -4.19086e-05 -8.68466e-05 -3.77839e-05 -2.95529e-05 -0.000229978
internal_weight=99583 98037 91903 6134 9458 82445 7964 1546 74481 74179 5927 68252 47437 5977
internal_count=99583 98037 91903 6134 9458 82445 7964 1546 74481 74179 5927 68252 47437 5977
is_linear=0
shrinkage=0.03


Tree=95
num_leaves=15
num_cat=0
split_feature=1 2 7 4 2 7 2 1 4 4 7 2 4 4
split_gain=0.911735 0.298072 0.18331 0.148938 0.110023 0.102524 0.0663325 0.169006 0.059669 0.0360585 0.0422957 0.014107 0.0232717 0.0107538
threshold=0.8500000000000002 0.99200948670712552 2.740319461670996 8.2079964549564028e-06 0.73073675821169848 2.0126758453675748 0.8649207029794278 0.52500000000000013 0.42390808665049423 0.71320410299634174 2.249904835165133 0.71702660750274794 1.690495541550874e-06 0.81379534278845145
decision_type=2 2 2 2 2 2 2 2 2 2 2 2 2 2
left_child=1 3 4 11 -2 -3 13 -8 -6 10 -10 -1 -13 -5
right_child=2 5 -4 6 8 -7 7 -9 9 -11 -12 12 -14 -15
leaf_value=-0.00018356032706939274 0.00016478384082267841 6.5531166919418439e-05 0.0012151063619868718 -3.9312975474859023e-05 0.00027941548063407386 0.00016478384082267841 -5.6092973549762607e-06 6.5531166919418439e-05 0.00039023867389901526 0.00076820789798691738 0.00059814954216604391 -0.00014622154438513198 -8.4534531059322616e-05 -5.6092973549762607e-06
leaf_weight=4840 1337 980 213 59434 860 2516 6508 14248 3285 254 297 3625 686 244
leaf_count=4840 1337 980 213 59434 860 2516 6508 14248 3285 254 297 3625 686 244
internal_value=1.1347e-06 -2.24115e-05 0.000351979 -3.37215e-05 0.000321309 0.000164784 -2.06733e-05 2.55214e-05 0.000394047 0.000452914 0.000428091 -0.000148396 -0.000108883 -3.674e-05
internal_weight=99327 93081 6246 89585 6033 3496 80434 20756 4696 3836 3582 9151 4311 59678
internal_count=99327 93081 6246 89585 6033 3496 80434 20756 4696 3836 3582 9151 4311 59678
is_linear=0
shrinkage=0.03


Tree=96
num_leaves=15
num_cat=0
split_feature=0 2 4 7 4 2 0 2 0 7 4 0 4 2
split_gain=1.13831 0.630547 0.605896 0.238912 0.140636 0.114345 0.0982183 0.081251 0.101073 0.0662867 0.0136636 0.00894671 0.0111924 0.00878932
threshold=0.95125790871679794 0.94193851583988997 0.066874186587333864 1.7005986908310777 8.2079964549564028e-06 0.72385923423582088 0.63061133772134792 0.8649207029794278 0.069158812984824194 2.8029010331479989 0.74161051773683095 0.014963782392442228 0.034860468567871068 0.73073675821169848
decision_type=2 2 2 2 2 2 2 2 2 2 2 2 2 2
left_child=1 4 -2 -3 6 -4 13 10 -9 -7 11 12 -6 -1
right_child=2 3 5 -5 7 9 -8 8 -10 -11 -12 -13 -14 -15
leaf_value=-0.00023239381816815834 0.00023094016370056667 9.0892261245804771e-05 0.00044878043765239276 0.00023094016370056667 -7.7476468109810491e-05 0.00069981404670992411 -7.7476468109810491e-05 1.0315531097821327e-05 9.0892261245804771e-05 0.0011797311322766853 1.0315531097821327e-05 -2.9259759786821253e-05 -4.9500784809452747e-05 -0.00015565288261869126
leaf_weight=5020 788 6166 592 5209 862 3420 2105 1771 12254 282 2178 52453 4559 1847
leaf_count=5020 788 6166 592 5209 862 3420 2105 1771 12254 282 2178 52453 4559 1847
internal_value=2.40483e-05 5.0628e-07 0.000461374 0.00020997 -2.81856e-05 0.000666621 -0.000140355 -1.45983e-05 5.04132e-05 0.00073668 -2.97822e-05 -3.30528e-05 -6.97418e-05 -0.000211779
internal_weight=99506 94424 5082 11375 83049 4294 8972 74077 14025 3702 60052 57874 5421 6867
internal_count=99506 94424 5082 11375 83049 4294 8972 74077 14025 3702 60052 57874 5421 6867
is_linear=0
shrinkage=0.03


Tree=97
num_leaves=15
num_cat=0
split_feature=2 0 1 2 1 2 0 0 4 1 2 4 2 0
split_gain=1.1149 0.70795 0.748164 0.223032 0.202777 0.122063 0.107688 0.063809 0.0520946 0.036517 0.035721 0.0371695 0.0142177 0.0241246
threshold=0.86909053175326456 0.82983021019026648 0.8500000000000002 0.99716559143045824 0.8500000000000002 0.99899322516675126 0.96202647802419972 0.90126043371856224 0.60194965051979143 0.52500000000000013 0.70949527351466812 0.066874186587333864 0.9438290797026655 0.88678163150325429
decision_type=2 2 2 2 2 2 2 2 2 2 2 2 2 2
left_child=4 9 3 12 6 7 10 -4 -9 -2 -1 -12 -3 -14
right_child=1 2 5 -5 -6 -7 -8 8 -10 -11 11 -13 13 -15
leaf_value=-0.00010758905587575033 5.8083513775387231e-05 0.00019254920794555195 0.00052839067770858164 0.00052358191453675358 5.8083513775387231e-05 0.0013257949057307616 -5.8795365468158236e-06 0.00070693613085394543 0.0010274697228334318 0.00015402123067100572 -8.5612453637101156e-05 -4.5299929638265918e-05 0.00022417670795603218 0.00030613878117593087
leaf_weight=26399 3349 4275 568 1955 2537 372 489 863 422 8318 11067 33975 1010 3982
leaf_count=26399 3349 4275 568 1955 2537 372 489 863 422 8318 11067 33975 1010 3982
internal_value=8.06599e-07 0.000173655 0.000327015 0.000227331 -5.74881e-05 0.00082945 -6.98426e-05 0.000729145 0.00084929 5.80835e-05 -7.98788e-05 -6.36359e-05 0.000192549 0.000255804
internal_weight=99581 25114 13447 11222 74467 2225 71930 1853 1285 11667 71441 45042 9267 4992
internal_count=99581 25114 13447 11222 74467 2225 71930 1853 1285 11667 71441 45042 9267 4992
is_linear=0
shrinkage=0.03


Tree=98
num_leaves=15
num_cat=0
split_feature=2 7 0 2 0 4 0 0 0 2 7 2 4 4
split_gain=0.409612 0.291202 0.222313 0.147826 0.112722 0.0845716 0.109229 0.039636 0.0388058 0.0724158 0.0253519 0.0158665 0.0144035 0.00361133
threshold=0.99899322516675126 2.9700856263602158 0.96202647802419972 0.97932899620196434 0.88268314348533761 5.415744872117046e-05 0.92172623891383421 0.00409635715186596 0.023788626305758957 0.70949527351466812 1.4978661367769956 0.8649207029794278 0.066874186587333864 0.78232367005773551
decision_type=2 2 2 2 2 2 2 2 2 2 2 2 2 2
left_child=2 4 3 5 -2 6 7 -1 -7 -10 -5 12 -11 -14
right_child=1 -3 -4 10 -6 8 -8 -9 9 11 -12 -13 13 -15
leaf_value=-0.00039264955521474903 0.0002292577901901496 0.0013972421861698796 0.0002292577901901496 4.8555387809412884e-05 0.00051688516727156652 -4.135276360746958e-05 -4.135276360746958e-05 -0.00012506954113078195 -1.7657078975659593e-05 5.0059123992346268e-06 0.00011174938111866114 4.8470259409703979e-05 2.0065688318358215e-05 3.1265497602455551e-05
leaf_weight=517 209 254 1235 232 1324 8574 935 13227 18066 2337 4525 19950 27712 449
leaf_count=517 209 254 1235 232 1324 8574 935 13227 18066 2337 4525 19950 27712 449
internal_value=8.38529e-06 0.00045836 1.55305e-07 -5.75903e-06 0.000301989 -1.46386e-05 -8.06347e-05 -0.000135163 -2.07083e-06 6.03861e-06 0.000111749 2.76689e-05 1.40607e-05 2.84388e-05
internal_weight=99546 1787 97759 96524 1533 91767 14679 13744 77088 68514 4757 50448 30498 28161
internal_count=99546 1787 97759 96524 1533 91767 14679 13744 77088 68514 4757 50448 30498 28161
is_linear=0
shrinkage=0.03


Tree=99
num_leaves=15
num_cat=0
split_feature=0 4 7 1 1 0 4 1 4 0 0 1 4 7
split_gain=0.843255 0.508663 0.461573 0.165229 0.136787 0.135627 0.102007 0.097178 0.0341379 0.160486 0.0127457 0.0121287 0.0181855 0.00192777
threshold=0.95125790871679794 0.066874186587333864 1.7005986908310777 0.8500000000000002 0.52500000000000013 0.023788626305758957 2.1032243256724484e-05 0.8500000000000002 0.013673122611047141 0.011635959148406984 0.0065176617354154595 0.52500000000000013 0.52254852513615713 1.2424533248940004
decision_type=2 2 2 2 2 2 2 2 2 2 2 2 2 2
left_child=2 -2 5 13 -4 8 -7 -8 9 10 -1 12 -10 -3
right_child=1 3 4 -5 -6 6 7 -9 11 -11 -12 -13 -14 -15
leaf_value=-0.00052946882464053018 0.00019087056929566665 0.00047644147643045154 8.2599212977276887e-05 0.001030600107526414 0.00019087056929566665 -6.6960825131077081e-05 -7.8027395423380444e-06 8.2599212977276887e-05 -0.00014685287532386314 -0.00014685287532386314 -0.00035373312140146967 -6.6960825131077081e-05 -9.3818600742025016e-05 0.00052375196632181709
leaf_weight=955 753 1504 448 630 5521 9342 63451 4256 2399 1688 625 2885 2793 2170
leaf_count=955 753 1504 448 630 5521 9342 63451 4256 2399 1688 625 2885 2793 2170
internal_value=1.22969e-05 0.000389672 -7.93087e-06 0.000581746 0.000190871 -2.56721e-05 -1.1412e-05 2.80587e-06 -0.00012251 -0.000204317 -0.000460221 -8.93887e-05 -0.000120676 0.00050452
internal_weight=99420 5057 94363 4304 5969 88394 77049 67707 11345 3268 1580 8077 5192 3674
internal_count=99420 5057 94363 4304 5969 88394 77049 67707 11345 3268 1580 8077 5192 3674
is_linear=0
shrinkage=0.03


Tree=100
num_leaves=15
num_cat=0
split_feature=2 7 0 2 0 0 4 0 2 0 4 2 0 4
split_gain=0.419044 0.316942 0.174555 0.0779558 0.119176 0.0495977 0.0421265 0.0370758 0.015409 0.169165 0.0577251 0.0395565 0.0257492 0.0191427
threshold=0.97932899620196434 2.1383330595080281 0.95125790871679794 0.8649207029794278 0.069158812984824194 0.82983021019026648 0.066874186587333864 0.94952624896541249 0.71702660750274794 0.012440915219485761 0.022594915184783241 0.65308270043270367 0.082246411591768279 3.190924051743594e-05
decision_type=2 2 2 2 2 2 2 2 2 2 2 2 2 2
left_child=2 7 3 8 -5 -3 -4 -2 9 10 -1 -12 -10 -11
right_child=1 5 6 4 -6 -7 -8 -9 12 13 11 -13 -14 -15
leaf_value=-0.00046285224152174459 0.00011188571289778279 0.0002952414683677946 4.6406620817324736e-05 -1.0867939734511458e-06 4.6406620817324736e-05 0.00052524002385216813 0.00011188571289778279 0.0002952414683677946 -3.3793564409508428e-05 -8.8376947082874848e-05 -0.00032022327069832168 -0.00014727666109332275 -1.0867939734511458e-06 -3.3793564409508428e-05
leaf_weight=901 3390 202 738 2242 18297 2671 2711 567 10869 6166 265 1929 22084 26566
leaf_count=901 3390 202 738 2242 18297 2671 2711 567 10869 6166 265 1929 22084 26566
internal_value=6.85097e-06 0.000233618 -9.84701e-06 -1.90725e-05 3.22143e-05 0.000478597 0.000111886 0.000111886 -3.43879e-05 -4.8006e-05 -0.00026076 -0.000177594 -1.95811e-05 -3.37936e-05
internal_weight=99598 6830 92768 89319 20539 2873 3449 3957 68780 35827 3095 2194 32953 32732
internal_count=99598 6830 92768 89319 20539 2873 3449 3957 68780 35827 3095 2194 32953 32732
is_linear=0
shrinkage=0.03


Tree=101
num_leaves=15
num_cat=0
split_feature=1 2 2 7 4 2 7 7 2 4 4 4 4 4
split_gain=0.835293 0.354814 0.300298 0.230185 0.111087 0.0910672 0.101286 0.0496336 0.0238541 0.0226122 0.0169984 0.0108059 0.010335 0.00315842
threshold=0.8500000000000002 0.99899322516675126 0.99695710213171729 0.89587973461402759 0.58747195834894239 0.8649207029794278 0.89587973461402759 1.8688348091416842 0.70949527351466812 5.415744872117046e-05 2.6234374248701456e-05 0.72234337440482943 0.78232367005773551 0.066874186587333864
decision_type=2 2 2 2 2 2 2 2 2 2 2 2 2 2
left_child=2 3 5 -2 7 8 -7 -5 9 -1 -8 -11 13 -10
right_child=1 -3 -4 4 -6 6 10 -9 12 11 -12 -13 -14 -15
leaf_value=-0.00013646619378327696 0.00014576079292623911 0.0011975931425539791 0.00014576079292623911 0.00027534960041002951 0.00060116055259590827 -2.6166768676075275e-05 1.0976423579754708e-05 0.00044439656871492065 -6.4989182342285027e-05 -8.7469858105965881e-05 5.1044768341079787e-05 -6.4989182342285027e-05 -2.6166768676075275e-05 -4.6884208025308053e-05
leaf_weight=5641 1507 392 2355 2276 1626 1119 473 448 10678 19842 20983 1049 507 30703
leaf_count=5641 1507 392 2355 2276 1626 1119 473 448 10678 19842 20983 1049 507 30703
internal_value=-1.08792e-05 0.00032488 -3.33588e-05 0.000266277 0.000404938 -4.36713e-05 8.57665e-06 0.000287633 -6.09102e-05 -8.3168e-05 4.81196e-05 -6.87705e-05 -4.68104e-05 -5.17825e-05
internal_weight=99599 6249 93350 5857 4350 90995 22575 2724 68420 26532 21456 20891 41888 41381
internal_count=99599 6249 93350 5857 4350 90995 22575 2724 68420 26532 21456 20891 41888 41381
is_linear=0
shrinkage=0.03


Tree=102
num_leaves=15
num_cat=0
split_feature=2 7 0 2 7 4 0 7 0 2 0 4 4 2
split_gain=0.919731 0.599863 0.345094 0.133494 0.103954 0.0741203 0.036197 0.0341139 0.0309384 0.0539704 0.0321475 0.12086 0.0310273 0.0199626
threshold=0.97932899620196434 2.1383330595080281 0.95125790871679794 0.87314886671764558 0.89587973461402759 0.066874186587333864 0.82630159286782157 1.2424533248940004 0.017301805317401889 0.73073675821169848 0.0032940637320280079 0.028202785132605272 5.415744872117046e-05 0.71676940635557951
decision_type=2 2 2 2 2 2 2 2 2 2 2 2 2 2
left_child=2 -2 3 7 -5 -4 -3 8 9 10 11 -1 -10 -14
right_child=1 6 5 4 -6 -7 -8 -9 12 -11 -12 -13 13 -15
leaf_value=-0.00080693820339501285 0.00016054735568130719 0.00041853087750017931 6.4203280753959559e-05 1.3471201653383195e-06 6.4203280753959559e-05 0.00016054735568130719 0.00070810491089917009 1.3471201653383195e-06 -7.8282407813596661e-05 -7.8282407813596661e-05 -0.00014156532699277291 -0.00022995371405256889 -5.723873039342039e-05 -2.6202294095491288e-05
leaf_weight=353 3998 200 740 645 13883 2675 2662 3774 11789 2024 4691 801 18253 32856
leaf_count=353 3998 200 740 645 13883 2675 2662 3774 11789 2024 4691 801 18253 32856
internal_value=5.4114e-06 0.000340545 -1.94506e-05 -3.21408e-05 5.10492e-05 0.000160547 0.000676514 -4.83549e-05 -5.37517e-05 -0.000109831 -0.000176516 -0.000318342 -4.67342e-05 -3.61951e-05
internal_weight=99344 6860 92484 89069 14528 3415 2862 74541 70767 7869 5845 1154 62898 51109
internal_count=99344 6860 92484 89069 14528 3415 2862 74541 70767 7869 5845 1154 62898 51109
is_linear=0
shrinkage=0.03


Tree=103
num_leaves=15
num_cat=0
split_feature=0 1 1 4 7 4 0 4 0 7 0 4 0 0
split_gain=0.696264 0.534754 0.345637 0.250893 0.214424 0.207685 0.115618 0.129224 0.0969575 0.0569949 0.0301272 0.0607262 0.00896625 0.00795545
threshold=0.89082346484065067 0.8500000000000002 0.52500000000000013 5.415744872117046e-05 2.0126758453675748 0.42735495438478216 0.95125790871679794 0.066874186587333864 0.85984357818961155 1.8688348091416842 0.13707750104367736 0.018294819254970233 0.94553073402494203 0.012440915219485761
decision_type=2 2 2 2 2 2 2 2 2 2 2 2 2 2
left_child=2 4 8 -4 6 -3 -2 -8 10 12 11 -1 -7 -5
right_child=1 5 3 13 -6 9 7 -9 -10 -11 -12 -13 -14 -15
leaf_value=-0.00022856852494450498 4.9208832078109004e-05 0.00033582293317989734 -4.3033255168262042e-05 3.0877884549234842e-06 0.00033582293317989734 0.00055474050943112127 0.00012266390973598971 0.00019611898739387037 -4.3033255168262042e-05 0.00093781789973076349 -9.5364001578889936e-05 -0.0001219959231298729 0.00074748083591931361 4.9208832078109004e-05
leaf_weight=6091 13864 347 4631 1400 2601 856 760 2758 1963 792 17941 14384 308 30784
leaf_count=6091 13864 347 4631 1400 2601 856 760 2758 1963 792 17941 14384 308 30784
internal_value=-3.32286e-06 0.000144385 -4.59677e-05 2.05143e-05 9.44822e-05 0.000577164 5.6415e-05 0.000196119 -0.000106581 0.000740968 -0.000123756 -0.000148628 0.000606338 4.92088e-05
internal_weight=99480 22286 77194 36815 19983 2303 17382 3518 40379 1956 38416 20475 1164 32184
internal_count=99480 22286 77194 36815 19983 2303 17382 3518 40379 1956 38416 20475 1164 32184
is_linear=0
shrinkage=0.03


Tree=104
num_leaves=15
num_cat=0
split_feature=0 4 1 2 1 2 0 4 4 0 0 2 0 4
split_gain=0.682137 0.535459 0.458877 0.306699 0.182491 0.0876801 0.0477204 0.0395065 0.0279858 0.113083 0.0241613 0.0102516 0.0278198 0.0268499
threshold=0.95125790871679794 0.066874186587333864 0.8500000000000002 0.86520925462774623 0.52500000000000013 0.72385923423582088 0.16046085767447951 0.75755570237379299 3.3837052484386736e-06 0.035358966328203685 0.86818606639280926 0.70949527351466812 0.023788626305758957 1.9077318482274567e-05
decision_type=2 2 2 2 2 2 2 2 2 2 2 2 2 2
left_child=2 -2 3 7 -5 -3 -4 8 9 -1 -11 13 -13 -10
right_child=1 5 6 4 -6 -7 -8 -9 11 10 -12 12 -14 -15
leaf_value=-0.0002928763651925269 0.00020032261734736996 0.00039365586219352174 0.00010199175349113603 3.7373610852027289e-05 0.00010199175349113603 0.0006478154518475683 0.00020032261734736996 3.7373610852027289e-05 -5.5666425848411037e-05 -0.00013582275719609057 -5.5666425848411037e-05 -2.8106281817329823e-05 2.7271645957479715e-06 -2.8106281817329823e-05
leaf_weight=1934 750 590 507 6155 14724 3714 5158 1454 1209 4826 772 5172 31498 21087
leaf_count=1934 750 590 507 6155 14724 3714 5158 1454 1209 4826 772 5172 31498 21087
internal_value=3.96383e-05 0.00037917 2.14751e-05 3.66089e-06 0.000101992 0.000586989 0.000200323 -2.72445e-05 -3.19193e-05 -8.63702e-05 -5.56664e-05 -2.49627e-05 -1.52082e-05 -4.10044e-05
internal_weight=99550 5054 94496 88831 20879 4304 5665 67952 66498 7532 5598 58966 36670 22296
internal_count=99550 5054 94496 88831 20879 4304 5665 67952 66498 7532 5598 58966 36670 22296
is_linear=0
shrinkage=0.03


Tree=105
num_leaves=12
num_cat=0
split_feature=0 4 1 0 4 0 1 0 7 1 7
split_gain=0.231153 0.2834 0.107091 0.0635984 0.0586993 0.141375 0.049285 0.163151 0.100245 0.0206918 0.00166813
threshold=0.95125790871679794 0.066874186587333864 0.8500000000000002 0.83368690172210347 8.2079964549564028e-06 0.13707750104367736 0.52500000000000013 0.83710336359217774 1.2424533248940004 0.8500000000000002 2.4414009612931857
decision_type=2 2 2 2 2 2 2 2 2 2 2
left_child=2 -2 4 -4 5 -1 7 -6 -8 -3 -11
right_child=1 9 3 -5 6 -7 8 -9 -10 10 -12
leaf_value=-0.00022237343387835102 9.6894781452372779e-05 0.00033875484965245118 4.0568923928486055e-05 9.6894781452372779e-05 -4.7979508858946376e-05 -4.7979508858946376e-05 -7.0659102966789558e-06 -7.0659102966789558e-06 4.0568923928486055e-05 0.00048775703424883555 0.00060087627265602349
leaf_weight=4666 744 3655 3208 2384 32085 4327 27229 8561 11773 410 209
leaf_count=4666 744 3655 3208 2384 32085 4327 27229 8561 11773 410 209
internal_value=2.98845e-06 0.000201367 -7.57743e-06 9.68948e-05 -1.57569e-05 -8.84058e-05 -7.55319e-06 -3.06695e-05 1.65377e-05 0.000366115 0.000526858
internal_weight=99251 5018 94233 5592 88641 8993 79648 40646 39002 4274 619
internal_count=99251 5018 94233 5592 88641 8993 79648 40646 39002 4274 619
is_linear=0
shrinkage=0.03


Tree=106
num_leaves=15
num_cat=0
split_feature=2 1 7 2 2 7 7 7 4 4 4 4 7 2
split_gain=0.704011 0.546543 0.223671 0.151554 0.0936947 0.0759622 0.0648938 0.0608759 0.0317248 0.0204721 0.0125399 0.00540682 0.00277491 0.00123529
threshold=0.99707334944142667 0.8500000000000002 2.0126758453675748 0.94569006162006952 0.70949527351466812 0.89587973461402759 2.740319461670996 1.2424533248940004 8.2079964549564028e-06 0.81379534278845145 5.415744872117046e-05 0.73740429217503867 2.3502401828962087 0.8649207029794278
decision_type=2 2 2 2 2 2 2 2 2 2 2 2 2 2
left_child=1 3 -2 4 10 -3 12 -5 -6 13 -1 -12 -4 -10
right_child=2 5 6 7 8 -7 -8 -9 9 -11 11 -13 -14 -15
leaf_value=-0.00010890718955328604 0.00024475657584539101 0.00011693947239417968 0.00050099060349029646 4.6730117802251964e-05 -3.5017342489101939e-05 0.00024475657584539101 0.00089757946469863441 0.00011693947239417968 5.3760155109002347e-07 4.6730117802251964e-05 -6.3485735031094576e-05 -3.5017342489101939e-05 0.00057614642841669311 1.0928250397542886e-05
leaf_weight=5626 326 1506 995 523 5440 4178 592 7214 36803 232 20221 745 977 14297
leaf_count=5626 326 1506 995 523 5440 4178 592 7214 36803 232 20221 745 977 14297
internal_value=2.099e-05 7.21032e-06 0.000482303 -1.08776e-05 -2.26661e-05 0.000244757 0.000621724 0.000116126 -8.98846e-07 7.92069e-06 -6.91358e-05 -5.84589e-05 0.000538499 3.4449e-06
internal_weight=99675 96785 2890 91101 83364 5684 2564 7737 56772 51332 26592 20966 1972 51100
internal_count=99675 96785 2890 91101 83364 5684 2564 7737 56772 51332 26592 20966 1972 51100
is_linear=0
shrinkage=0.03


Tree=107
num_leaves=15
num_cat=0
split_feature=7 4 0 2 0 2 7 0 0 0 4 4 0 7
split_gain=0.241149 0.126354 0.184926 0.115505 0.194736 0.100546 0.172806 0.0411262 0.0314145 0.0173141 0.0109666 0.0107314 0.0199031 0.0103705
threshold=1.2424533248940004 0.22732436193573105 0.86818606639280926 0.71676940635557951 0.035358966328203685 0.99899322516675126 2.9700856263602158 0.94952624896541249 0.95886729867197584 0.91392876952886593 0.74161051773683095 4.991461365122519e-06 0.53334370721131574 1.7005986908310777
decision_type=2 2 2 2 2 2 2 2 2 2 2 2 2 2
left_child=3 -2 -3 9 -5 7 8 13 -7 10 -1 12 -6 -4
right_child=1 2 5 4 11 6 -8 -9 -10 -11 -12 -13 -14 -15
leaf_value=-7.9047674862438113e-05 4.6318148687375176e-05 9.4643418748774095e-05 0.00016478140567296692 -2.3832929066483297e-05 1.124260981044594e-05 0.00032410158460082758 0.0011814782035259167 0.00031220340426235134 0.00060415842445587836 -2.3832929066483297e-05 -4.7545091665096384e-05 4.6318148687375176e-05 2.8780379248910558e-05 0.00022147665449760313
leaf_weight=23772 931 8706 4082 9495 2354 1021 247 2118 361 2476 629 39094 1538 2940
leaf_count=23772 931 8706 4082 9495 2354 1021 247 2118 361 2476 629 39094 1538 2940
internal_value=1.21555e-05 0.000104133 0.000142969 -1.14965e-05 1.44046e-05 0.000234919 0.000452023 0.00019618 0.000324102 -6.20704e-05 -7.12573e-05 4.63181e-05 1.12426e-05 0.000164781
internal_weight=99764 20406 19475 79358 52481 10769 1629 9140 1382 26877 24401 42986 3892 7022
internal_count=99764 20406 19475 79358 52481 10769 1629 9140 1382 26877 24401 42986 3892 7022
is_linear=0
shrinkage=0.03


Tree=108
num_leaves=15
num_cat=0
split_feature=1 7 2 1 7 4 4 2 2 4 2 2 2 4
split_gain=0.387989 0.115816 0.0799126 0.145765 0.0667868 0.101231 0.0213062 0.0170227 0.0162865 0.0102159 0.0339451 0.00569152 0.000870083 0.000655
threshold=0.8500000000000002 0.89587973461402759 0.94758421325152764 0.52500000000000013 2.249904835165133 0.58747195834894239 0.81379534278845145 0.87314886671764558 0.99887161004508929 1.3184185037484754e-05 0.71702660750274794 0.85201345567025777 0.72385923423582088 0.64003740808407428
decision_type=2 2 2 2 2 2 2 2 2 2 2 2 2 2
left_child=2 12 6 -4 5 -3 7 9 -6 10 -1 -11 -2 -7
right_child=1 4 3 -5 8 13 -8 -9 -10 11 -12 -13 -14 -15
leaf_value=-0.00012439938957065289 0.00010387230510538865 0.00020493578498779244 1.9525825341749419e-05 0.00010387230510538865 0.00043764056984680889 0.00038417480090890635 1.9525825341749419e-05 -4.7649765930300707e-06 0.00073177128880686025 -3.4132722079523308e-05 -4.6261656837910671e-05 -1.9533101321067334e-05 0.00020493578498779244 0.00043764056984680889
leaf_weight=5438 767 2675 1459 7964 204 704 320 9467 368 56445 4496 7665 757 882
leaf_count=5438 767 2675 1459 7964 204 704 320 9467 368 56445 4496 7665 757 882
internal_value=-1.77337e-06 0.000224978 -1.72329e-05 6.55956e-05 0.000305999 0.000265022 -2.65439e-05 -2.90558e-05 0.00061026 -3.43012e-05 -6.26094e-05 -2.99139e-05 0.000103872 0.000437641
internal_weight=99611 6357 93254 9423 4833 4261 83831 83511 572 74044 9934 64110 1524 1586
internal_count=99611 6357 93254 9423 4833 4261 83831 83511 572 74044 9934 64110 1524 1586
is_linear=0
shrinkage=0.03


Tree=109
num_leaves=15
num_cat=0
split_feature=2 1 4 0 2 4 2 0 0 0 0 0 2 1
split_gain=0.340264 0.373411 0.105856 0.0733004 0.0697998 0.0595946 0.101576 0.0544613 0.0403579 0.0391119 0.0292413 0.0159192 0.013395 0.0120831
threshold=0.8649207029794278 0.52500000000000013 3.190924051743594e-05 0.96202647802419972 0.99899322516675126 0.0011528772282501378 0.71702660750274794 0.0056677497923374185 0.9073277353309096 0.13291094265878203 0.069158812984824194 0.91958197159692656 0.9438290797026655 0.8500000000000002
decision_type=2 2 2 2 2 2 2 2 2 2 2 2 2 2
left_child=3 -2 -3 5 10 6 7 -1 -6 -8 -4 -9 -12 -7
right_child=1 2 4 -5 8 13 9 11 -10 -11 12 -13 -14 -15
leaf_value=-0.00051008824306935112 3.8430151250491064e-05 0.00010981359607913547 0.00015896413830396227 3.8430151250491064e-05 0.00029070114985424 -2.0984287142700036e-05 -0.00010850647396469446 -0.00016977545823925125 0.00048350319890111371 -5.0510581121675312e-05 0.00018433945510239799 -0.00010850647396469446 0.00023538997469259529 4.1211016467597154e-06
leaf_weight=394 7011 433 1127 434 313 53793 3219 7120 1439 3034 9264 532 9200 2031
leaf_count=394 7011 433 1127 434 313 53793 3219 7120 1439 3034 9264 532 9200 2031
internal_value=1.27021e-05 9.96223e-05 0.000181197 -2.2762e-05 0.000208115 -3.01879e-05 -8.4831e-05 -0.000166502 0.00038953 -5.05106e-05 0.000191872 -0.000148747 0.000209715 -1.61902e-05
internal_weight=99344 28787 21776 70557 21343 70123 14299 8046 1752 6253 19591 7652 18464 55824
internal_count=99344 28787 21776 70557 21343 70123 14299 8046 1752 6253 19591 7652 18464 55824
is_linear=0
shrinkage=0.03


Tree=110
num_leaves=9
num_cat=0
split_feature=0 2 1 2 1 7 0 2
split_gain=0.576739 0.521977 0.342185 0.243727 0.161505 0.179781 0.158102 0.0701999
threshold=0.88870131224393856 0.93786933133194983 0.52500000000000013 0.71676940635557951 0.8500000000000002 2.1383330595080281 0.96202647802419972 0.99899322516675126
decision_type=2 2 2 2 2 2 2 2
left_child=2 6 -1 -4 5 -3 -2 -6
right_child=1 4 3 -5 7 -7 -8 -9
leaf_value=-9.3711263276944324e-05 5.2827906449741568e-05 0.00019684862615526635 -3.0373190852874414e-05 5.2827906449741568e-05 0.0005055007808585011 0.00044672196739413303 0.00019684862615526635 0.0009902965842540992
leaf_weight=40269 14247 4119 8974 27691 1145 2068 681 353
leaf_count=40269 14247 4119 8974 27691 1145 2068 681 353
internal_value=5.80829e-06 0.000138996 -3.33406e-05 3.29649e-05 0.000340869 0.000273118 5.28279e-05 0.000620326
internal_weight=99547 22613 76934 36665 7685 6187 14928 1498
internal_count=99547 22613 76934 36665 7685 6187 14928 1498
is_linear=0
shrinkage=0.03


Tree=111
num_leaves=15
num_cat=0
split_feature=1 0 0 2 0 2 0 4 4 1 0 2 4 0
split_gain=0.433492 0.554889 0.157875 0.10715 0.079988 0.0729091 0.0648586 0.107203 0.0293228 0.0161287 0.186657 0.0419936 0.0319602 0.0421593
threshold=0.8500000000000002 0.83710336359217774 0.96202647802419972 0.94569006162006952 0.88678163150325429 0.72385923423582088 0.92399195209145557 0.65949962085051095 0.81379534278845145 0.52500000000000013 0.13291094265878203 0.8649207029794278 0.013673122611047141 0.035358966328203685
decision_type=2 2 2 2 2 2 2 2 2 2 2 2 2 2
left_child=2 -2 3 8 -5 -3 -7 -8 9 10 12 -11 -1 -14
right_child=1 5 -4 4 -6 6 7 -9 -10 11 -12 -13 13 -15
leaf_value=-0.00018833198467585656 0.00011401394149143318 0.00033768183921654001 0.00011401394149143318 6.6782736345918142e-06 4.6307873730773586e-05 0.00047806193259717435 0.00064531095794356644 0.0013591442100183151 6.6782736345918142e-06 -3.540659890431896e-05 -3.540659890431896e-05 -1.510424430310576e-05 -0.00014661925402008384 -8.2426536004700043e-05
leaf_weight=5857 3278 268 1379 4502 4988 1387 1132 228 313 27432 25675 9080 6937 7124
leaf_count=5857 3278 268 1379 4502 4988 1387 1132 228 313 27432 25675 9080 6937 7124
internal_value=1.65584e-06 0.00024263 -1.46024e-05 -2.13982e-05 4.63079e-05 0.00056135 0.000618442 0.000765894 -3.29513e-05 -3.68868e-05 -4.87856e-05 -2.20276e-05 -0.000129446 -0.000104907
internal_weight=99580 6293 93287 91908 9490 3015 2747 1360 82418 82105 45593 36512 19918 14061
internal_count=99580 6293 93287 91908 9490 3015 2747 1360 82418 82105 45593 36512 19918 14061
is_linear=0
shrinkage=0.03


Tree=112
num_leaves=11
num_cat=0
split_feature=0 7 0 4 7 1 0 4 4 0
split_gain=0.680413 0.137842 0.0774856 0.0603113 0.0756045 0.0864114 0.00707583 0.0201101 0.00344137 0.00156813
threshold=0.96202647802419972 2.249904835165133 0.89980532322078954 0.81379534278845145 1.2424533248940004 0.52500000000000013 0.02457343973219395 9.9005047117239914e-06 0.74161051773683095 0.95886729867197584
decision_type=2 2 2 2 2 2 2 2 2 2
left_child=1 3 -3 4 6 -6 8 -8 -1 -4
right_child=-2 2 9 -5 5 -7 7 -9 -10 -11
leaf_value=-5.2233014326186517e-05 0.00063179111809129307 0.00011573977883170336 0.00025065001781883993 0.00011573977883170336 1.2130738858045166e-05 5.2955419969637216e-05 -3.1305774801841534e-05 -9.2101917142503539e-06 -3.1305774801841534e-05 0.00031484612264362141
leaf_weight=11342 1547 412 1471 341 3117 14331 7757 59062 293 208
leaf_count=11342 1547 412 1471 341 3117 14331 7757 59062 293 208
internal_value=7.72532e-06 -2.09887e-06 0.000238815 -7.33546e-06 -9.82894e-06 4.66521e-05 -2.23906e-05 -1.86306e-05 -4.3981e-05 0.000314846
internal_weight=99881 98334 2091 96243 95902 17448 78454 66819 11635 1679
internal_count=99881 98334 2091 96243 95902 17448 78454 66819 11635 1679
is_linear=0
shrinkage=0.03


Tree=113
num_leaves=15
num_cat=0
split_feature=0 2 1 0 1 0 2 2 0 2 4 0 0 2
split_gain=0.927315 0.589645 0.311407 0.133062 0.107544 0.36564 0.179474 0.0854729 0.0520807 0.0484207 0.0363545 0.0166959 0.0102686 0.00381382
threshold=0.96202647802419972 0.97932899620196434 0.8500000000000002 0.77252978645265113 0.52500000000000013 0.46923231426626449 0.8649207029794278 0.99200948670712552 0.1154138781130314 0.72385923423582088 0.73740429217503867 0.91736582666635524 0.13291094265878203 0.71676940635557951
decision_type=2 2 2 2 2 2 2 2 2 2 2 2 2 2
left_child=1 2 4 -3 5 10 13 11 -4 -2 12 -5 -1 -6
right_child=9 3 8 7 6 -7 -8 -9 -10 -11 -12 -13 -14 -15
leaf_value=-0.00017381748249200172 0.00036525565884164529 0.00012736295840627506 4.4834755060530855e-05 0.00024076067823917461 -3.5021678100485636e-05 -3.5021678100485636e-05 4.4834755060530855e-05 0.00036525565884164529 0.00012736295840627506 0.00080238199243540937 -9.3205790793642903e-05 0.00030300816854040994 -0.00013252915918377883 -1.0091156302892377e-05
leaf_weight=19343 214 1144 423 856 9844 18720 12531 3422 4408 1337 1280 804 7561 17598
leaf_count=19343 214 1144 423 856 9844 18720 12531 3422 4408 1337 1280 804 7561 17598
internal_value=7.23574e-06 -4.29431e-06 -2.34756e-05 0.000278202 -3.76934e-05 -6.85065e-05 -1.5369e-06 0.000354158 0.000127363 0.000734806 -0.00015139 0.000240761 -0.000162219 -3.50217e-05
internal_weight=99485 97934 91708 6226 86877 46904 39973 5082 4831 1551 28184 1660 26904 27442
internal_count=99485 97934 91708 6226 86877 46904 39973 5082 4831 1551 28184 1660 26904 27442
is_linear=0
shrinkage=0.03


Tree=114
num_leaves=15
num_cat=0
split_feature=7 0 4 0 4 7 2 0 2 7 7 4 4 7
split_gain=0.349064 0.345198 0.117452 0.147575 0.112711 0.071244 0.0381144 0.0265869 0.0163783 0.0332584 0.0270692 0.0101297 0.00702127 0.00501453
threshold=1.4978661367769956 0.88678163150325429 1.9077318482274567e-05 0.15546155720949176 0.29545375798265439 2.9174053685313028 0.8649207029794278 0.96202647802419972 0.87314886671764558 0.89587973461402759 1.2424533248940004 0.78232367005773551 4.991461365122519e-06 1.8688348091416842
decision_type=2 2 2 2 2 2 2 2 2 2 2 2 2 2
left_child=2 -2 3 12 -3 6 -6 8 10 -10 11 -4 -1 -8
right_child=1 4 7 -5 5 -7 13 -9 9 -11 -12 -13 -14 -15
leaf_value=-0.00023962493915957524 6.7539836911404943e-05 0.00018494237750479864 -2.6611408146291364e-05 -5.6513268205610389e-05 0.00026953298358202947 0.00078483540149913592 0.00033517202022651741 6.7539836911404943e-05 6.3919954630043903e-06 2.9972182109190795e-05 6.3919954630043903e-06 -7.7986222064676169e-06 -0.00016417610037377145 0.0003900044033926788
leaf_weight=4543 4780 216 60770 5488 325 329 2624 708 543 10501 2959 763 1483 3760
leaf_count=4543 4780 216 60770 5488 325 329 2624 708 543 10501 2959 763 1483 3760
internal_value=2.17322e-06 0.000153684 -1.86046e-05 -0.00010791 0.000302345 0.000354124 0.000332888 -5.1169e-06 -7.59547e-06 2.61603e-05 -1.33763e-05 -2.19892e-05 -0.000221087 0.000367523
internal_weight=99792 12034 87758 11514 7254 7038 6709 76244 75536 11044 64492 61533 6026 6384
internal_count=99792 12034 87758 11514 7254 7038 6709 76244 75536 11044 64492 61533 6026 6384
is_linear=0
shrinkage=0.03


Tree=115
num_leaves=15
num_cat=0
split_feature=2 0 7 1 7 1 0 2 0 0 7 2 7 2
split_gain=0.533226 0.226461 0.199964 0.119805 0.0730654 0.0509243 0.0387529 0.0308277 0.0626481 0.0291625 0.0324689 0.0231791 0.0218547 0.0158649
threshold=0.97932899620196434 0.96202647802419972 2.249904835165133 0.8500000000000002 1.4978661367769956 0.8500000000000002 0.77252978645265113 0.70949527351466812 0.023788626305758957 0.90126043371856224 2.6735537653587347 0.86909053175326456 2.524928003624769 0.99716559143045824
decision_type=2 2 2 2 2 2 2 2 2 2 2 2 2 2
left_child=1 3 4 7 -2 9 -6 -1 -9 -4 -11 -10 -7 -8
right_child=2 -3 5 -5 6 12 13 8 11 10 -12 -13 -14 -15
leaf_value=-5.6084017305280954e-05 0.00012623763582786455 0.00012623763582786455 0.00032076328282972698 5.3504317814758541e-05 0.00018903637773007377 0.00058741974547191645 0.0002506220527887271 -3.6693777410228337e-05 -1.4066632372186386e-05 0.00040532683646081626 0.00058741974547191645 1.2219904838900068e-05 0.00092529795714654025 0.00032076328282972698
leaf_weight=26478 265 909 286 4828 895 202 2654 6798 39003 979 511 15033 304 769
leaf_count=26478 265 909 286 4828 895 202 2654 6798 39003 979 511 15033 304 769
internal_value=8.08438e-06 -1.07415e-05 0.000263217 -1.9229e-05 0.00014891 0.000492617 0.000251835 -2.90645e-05 -1.73035e-05 0.000416536 0.00048989 1.60409e-06 0.000758303 0.000312208
internal_weight=99914 93049 6865 92140 4583 2282 4318 87312 60834 1776 1490 54036 506 3423
internal_count=99914 93049 6865 92140 4583 2282 4318 87312 60834 1776 1490 54036 506 3423
is_linear=0
shrinkage=0.03


Tree=116
num_leaves=13
num_cat=0
split_feature=7 2 1 0 0 1 0 2 1 7 0 0
split_gain=0.291339 0.269502 0.185732 0.228066 0.086243 0.0932571 0.209179 0.0948822 0.0524502 0.0153013 0.00504212 0.00368386
threshold=2.524928003624769 0.99874469429018109 0.8500000000000002 0.83710336359217774 0.95257444074377429 0.52500000000000013 0.13707750104367736 0.8649207029794278 0.8500000000000002 2.8617925509761908 0.85984357818961155 0.035358966328203685
decision_type=2 2 2 2 2 2 2 2 2 2 2 2
left_child=2 -2 4 -4 5 6 11 -7 9 -3 -8 -1
right_child=1 8 3 -5 -6 7 10 -9 -10 -11 -12 -13
leaf_value=-0.00014002022536515623 0.00022514943584770372 0.00055378868577807749 7.0402762758768955e-05 0.00022514943584770372 7.0402762758768955e-05 -2.0917825004613111e-05 -5.835281723903133e-05 2.3883075256865852e-05 0.0011391217524975299 0.0008500354308545446 -2.0917825004613111e-05 -0.00011454787170873093
leaf_weight=10326 226 522 3263 2692 3755 26704 18131 15255 265 233 8253 10212
leaf_count=10326 226 522 3263 2692 3755 26704 18131 15255 265 233 8253 10212
internal_value=1.92028e-07 0.00045587 -5.57143e-06 0.000156818 -1.6012e-05 -2.26366e-05 -5.16952e-05 9.85959e-06 0.000775266 0.000646217 -2.09178e-05 -0.000127361
internal_weight=99837 1246 98591 5955 92636 88881 46922 41959 1020 755 26384 20538
internal_count=99837 1246 98591 5955 92636 88881 46922 41959 1020 755 26384 20538
is_linear=0
shrinkage=0.03


Tree=117
num_leaves=13
num_cat=0
split_feature=1 2 2 7 2 4 4 4 2 2 2 2
split_gain=0.256897 0.164882 0.114987 0.0635324 0.0539325 0.102774 0.0252043 0.0147937 0.0157045 0.00662106 0.00303681 0.000117964
threshold=0.8500000000000002 0.94569006162006952 0.99899322516675126 1.2424533248940004 0.73073675821169848 0.60474315084886432 0.78232367005773551 3.3837052484386736e-06 0.71702660750274794 0.87314886671764558 0.70949527351466812 0.86909053175326456
decision_type=2 2 2 2 2 2 2 2 2 2 2 2
left_child=1 6 4 -3 -2 -6 7 8 -1 10 -9 -12
right_child=2 3 -4 -5 5 -7 -8 9 -10 -11 11 -13
leaf_value=-0.00010131250287749479 9.6548520524853497e-05 3.9713318519833011e-05 0.00071510743346896275 9.6548520524853497e-05 0.00016108318552368386 0.00043749749565490011 3.9713318519833011e-05 -2.7617293352374418e-05 -3.695277610423476e-05 9.1050855727515893e-06 -1.4461330069076025e-05 -7.4883303826631754e-06
leaf_weight=4303 1337 545 361 9548 3057 1456 894 23028 3786 8632 40038 2313
leaf_count=4303 1337 545 361 9548 3057 1456 894 23028 3786 8632 40038 2313
internal_value=9.3854e-06 -3.07976e-06 0.000196177 9.65485e-05 0.000164037 0.000225618 -1.71219e-05 -1.97991e-05 -5.8317e-05 -1.55885e-05 -1.88489e-05 -1.40807e-05
internal_weight=99298 93087 6211 10093 5850 4513 82994 82100 8089 74011 65379 42351
internal_count=99298 93087 6211 10093 5850 4513 82994 82100 8089 74011 65379 42351
is_linear=0
shrinkage=0.03


Tree=118
num_leaves=15
num_cat=0
split_feature=1 0 0 0 4 0 7 1 4 4 0 0 0 0
split_gain=0.579439 0.456554 0.207735 0.0894022 0.080242 0.0788723 0.0345634 0.0713837 0.0133387 0.0115118 0.0992455 0.0101456 0.00860237 0.00142553
threshold=0.8500000000000002 0.83710336359217774 0.96202647802419972 0.95759151433594536 0.44882355350373465 0.90126043371856224 1.7005986908310777 0.52500000000000013 0.81379534278845145 3.190924051743594e-05 0.022902973461896185 0.91958197159692656 0.00409635715186596 0.28186765406280762
decision_type=2 2 2 2 2 2 2 2 2 2 2 2 2 2
left_child=2 -2 6 4 -3 -6 8 -8 9 10 12 13 -1 -12
right_child=1 3 -4 -5 5 -7 7 -9 -10 -11 11 -13 -14 -15
leaf_value=-0.00038424709509435909 0.00010730248195804502 0.00032164500182775693 0.00010730248195804502 0.0009601655540408011 0.00044838085715659225 0.00071620913768948892 -1.6223724398119496e-05 2.8852913535663919e-05 -1.6223724398119496e-05 -5.1548732853299782e-05 -0.00011666443805697697 -6.6873100590459907e-05 -0.00023774234528658498 -9.3433122716616746e-05
leaf_weight=451 3258 559 1351 389 665 1379 479 5230 308 72855 5646 867 1869 4168
leaf_count=451 3258 559 1351 389 665 1379 479 5230 308 72855 5646 867 1869 4168
internal_value=-2.31299e-05 0.000256484 -4.18785e-05 0.000535988 0.000472253 0.000575117 -4.95967e-05 2.18856e-05 -5.43331e-05 -5.61907e-05 -8.21975e-05 -6.68731e-05 -0.000266376 -0.000106809
internal_weight=99474 6250 93224 2992 2603 2044 91873 5709 86164 85856 13001 10681 2320 9814
internal_count=99474 6250 93224 2992 2603 2044 91873 5709 86164 85856 13001 10681 2320 9814
is_linear=0
shrinkage=0.03


Tree=119
num_leaves=15
num_cat=0
split_feature=1 7 4 2 7 7 4 4 2 7 7 2 2 7
split_gain=0.0902999 0.123332 0.0580517 0.0257348 0.0215077 0.0154498 0.0128912 0.00785376 0.00915892 0.00849499 0.00835985 0.00691789 0.00546925 0.00336949
threshold=0.8500000000000002 0.89587973461402759 0.60334498747261034 0.99716559143045824 2.249904835165133 2.0126758453675748 0.81379534278845145 1.9077318482274567e-05 0.86909053175326456 0.89587973461402759 1.2424533248940004 0.73073675821169848 0.99229607785163754 1.2424533248940004
decision_type=2 2 2 2 2 2 2 2 2 2 2 2 2 2
left_child=3 -2 4 6 12 -5 7 11 10 -10 -9 -1 -3 -4
right_child=1 2 13 5 -6 -7 -8 8 9 -11 -12 -13 -14 -15
leaf_value=-3.6840209159264432e-05 6.8922157567833688e-05 0.00015243563749846233 0.00031666712826340101 3.808306702773786e-05 0.00027475713668605108 6.8922157567833688e-05 3.808306702773786e-05 -2.8808652031253286e-06 1.2145005764129943e-05 2.1633101857529028e-05 1.2145005764129943e-05 -4.804137818261253e-06 0.00021359638709225672 0.0004157426415374605
leaf_weight=8034 1498 2570 460 241 336 1950 335 57560 649 17957 3222 3339 298 1091
leaf_count=8034 1498 2570 460 241 336 1950 335 57560 649 17957 3222 3339 298 1091
internal_value=1.74434e-05 0.000127799 0.000235949 1.0045e-05 0.000162933 6.89222e-05 7.24398e-06 5.18314e-06 8.52336e-06 2.16331e-05 2.65691e-06 -1.81316e-05 0.000152436 0.000386582
internal_weight=99540 6253 4755 93287 3204 2191 91096 90761 79388 18606 60782 11373 2868 1551
internal_count=99540 6253 4755 93287 3204 2191 91096 90761 79388 18606 60782 11373 2868 1551
is_linear=0
shrinkage=0.03


Tree=120
num_leaves=9
num_cat=0
split_feature=0 2 1 0 1 2 7 2
split_gain=0.195059 0.243262 0.260888 0.0658877 0.0259733 0.0191248 0.00743001 0.0001517
threshold=0.96202647802419972 0.86909053175326456 0.52500000000000013 0.069158812984824194 0.8500000000000002 0.72385923423582088 0.89587973461402759 0.99683172209105464
decision_type=2 2 2 2 2 2 2 2
left_child=1 4 -3 -4 -1 -2 -5 -7
right_child=5 2 3 6 -6 7 -8 -9
leaf_value=-3.6511187991171048e-05 0.00016544035990301783 2.2346120037141789e-05 8.6837910187434817e-05 0.00012613913504522632 2.2346120037141789e-05 0.00037157141086993303 0.00016544035990301783 0.00040288927230054498
leaf_weight=71049 204 5496 938 234 2535 895 17302 423
leaf_count=71049 204 5496 938 234 2535 895 17302 423
internal_value=-3.75797e-07 -5.63525e-06 7.73658e-05 0.00015133 -3.26735e-05 0.000336516 0.00016544 0.00038192
internal_weight=99076 97554 23970 18474 73584 1522 17536 1318
internal_count=99076 97554 23970 18474 73584 1522 17536 1318
is_linear=0
shrinkage=0.03


Tree=121
num_leaves=15
num_cat=0
split_feature=0 0 2 0 1 2 1 4 1 4 0 4 4 4
split_gain=0.235521 0.120898 0.220535 0.172027 0.161868 0.0907899 0.0496121 0.0400978 0.0303131 0.0292955 0.016101 0.00661131 0.00657167 0.00585802
threshold=0.96202647802419972 0.02457343973219395 0.86909053175326456 0.91736582666635524 0.52500000000000013 0.70949527351466812 0.52500000000000013 3.3837052484386736e-06 0.77500000000000013 0.28907179094357899 0.023788626305758957 0.78232367005773551 0.74161051773683095 2.1032243256724484e-05
decision_type=2 2 2 2 2 2 2 2 2 2 2 2 2 2
left_child=1 6 5 4 -4 -3 10 -7 -2 -5 12 -9 -1 -6
right_child=8 2 3 9 13 7 -8 11 -10 -11 -12 -13 -14 -15
leaf_value=-0.00015753322576898083 0.0003282672109217269 -3.1402845181029447e-05 4.4446575625368512e-05 0.00011992441797505673 8.2185496800212622e-05 -5.0553818834137124e-06 -3.1402845181029447e-05 2.9467066122873254e-05 0.0007233085909726947 0.00019368119869290153 -8.0389818026905578e-05 4.4446575625368512e-05 -0.00011349009158904364 0.00011992441797505673
leaf_weight=7358 1351 22505 4200 368 210 3709 3912 36083 201 6162 254 499 260 12483
leaf_count=7358 1351 22505 4200 368 210 3709 3912 36083 201 6162 254 499 260 12483
internal_value=1.33091e-05 7.50045e-06 1.98192e-05 9.83774e-05 4.61676e-05 -9.4843e-06 -8.26248e-05 2.12921e-05 0.000379862 0.000193681 -0.000129377 3.67901e-05 -0.00014659 0.000119924
internal_weight=99555 98003 86219 23423 16893 62796 11784 40291 1552 6530 7872 36582 7618 12693
internal_count=99555 98003 86219 23423 16893 62796 11784 40291 1552 6530 7872 36582 7618 12693
is_linear=0
shrinkage=0.03


Tree=122
num_leaves=12
num_cat=0
split_feature=7 1 7 2 1 2 4 7 4 2 2
split_gain=0.109502 0.190189 0.0832457 0.072227 0.0573744 0.0420533 0.0163245 0.00963931 0.008874 0.017385 0.00270599
threshold=1.2424533248940004 0.52500000000000013 1.8688348091416842 0.87707348143536379 0.8500000000000002 0.94011082102997434 0.81379534278845145 2.9700856263602158 8.2079964549564028e-06 0.71676940635557951 0.94758421325152764
decision_type=2 2 2 2 2 2 2 2 2 2 2
left_child=3 -2 4 6 10 -4 8 -7 -1 -10 -3
right_child=1 2 5 -5 -6 7 -8 -9 9 -11 -12
leaf_value=-7.7206153542588345e-05 3.7648594041522904e-06 5.798548204674375e-05 0.00014104683179480361 3.7648594041522904e-06 0.00014104683179480361 0.00024630031271563602 -2.0996335892104912e-05 0.00043376566893323727 -6.1422862315454037e-05 -3.5229312994837653e-05 9.9516156920773685e-05
leaf_weight=9121 3231 5811 308 3778 2197 4583 267 262 23049 43167 4028
leaf_count=9121 3231 5811 308 3778 2197 4583 267 262 23049 43167 4028
internal_value=-1.92444e-05 4.2712e-05 0.000112206 -3.51823e-05 6.89978e-05 0.000213096 -4.57575e-05 0.000256525 -4.94623e-05 -4.56396e-05 5.79855e-05
internal_weight=99802 20420 17189 79382 12036 5153 75604 4845 75337 66216 9839
internal_count=99802 20420 17189 79382 12036 5153 75604 4845 75337 66216 9839
is_linear=0
shrinkage=0.03


Tree=123
num_leaves=14
num_cat=0
split_feature=1 0 0 2 2 2 0 7 2 7 0 7 2
split_gain=0.227852 0.475172 0.144735 0.0824627 0.0522241 0.0383492 0.0286602 0.0106288 0.01039 0.0199678 0.0101115 0.00854864 0.000755413
threshold=0.8500000000000002 0.83710336359217774 0.91736582666635524 0.71702660750274794 0.94758421325152764 0.70949527351466812 0.96202647802419972 2.249904835165133 0.97932899620196434 1.4978661367769956 0.94553073402494203 0.89587973461402759 0.72404055242268461
decision_type=2 2 2 2 2 2 2 2 2 2 2 2 2
left_child=2 -2 5 -3 6 11 -4 10 12 -10 -5 -1 -7
right_child=1 3 4 7 -6 8 -8 -9 9 -11 -12 -13 -14
leaf_value=-6.5525417551417508e-05 8.3045467894133718e-05 0.00028533378696447289 2.7073407137606242e-05 0.00048959758022977724 8.3045467894133718e-05 -2.0035988564557945e-05 5.5059437515869985e-05 0.00068185774080629924 5.8986516622540465e-06 2.7073407137606242e-05 0.00060393073912918659 -3.477803839061632e-05 -1.2565452350551428e-05
leaf_weight=21253 3310 274 8906 1733 3906 19124 768 499 202 2476 440 2946 33588
leaf_count=21253 3310 274 8906 1733 3906 19124 768 499 202 2476 440 2946 33588
internal_value=1.30654e-06 0.000176553 -1.04625e-05 0.000487622 8.00548e-05 -2.5908e-05 2.70734e-05 0.000555354 -1.21432e-05 2.70734e-05 0.000526004 -5.74129e-05 -1.52761e-05
internal_weight=99425 6256 93169 2946 13580 79589 9674 2672 55390 2678 2173 24199 52712
internal_count=99425 6256 93169 2946 13580 79589 9674 2672 55390 2678 2173 24199 52712
is_linear=0
shrinkage=0.03


Tree=124
num_leaves=15
num_cat=0
split_feature=2 1 7 0 0 1 0 7 1 7 1 7 2 0
split_gain=0.27491 0.300668 0.239043 0.106799 0.0667901 0.0220862 0.0821557 0.0218662 0.00718642 0.00490021 0.00714921 0.00271136 0.00220254 0.00101555
threshold=0.87314886671764558 0.52500000000000013 1.8688348091416842 0.81013876199722301 0.96202647802419972 0.8500000000000002 0.83368690172210347 1.2424533248940004 0.8500000000000002 2.9174053685313028 0.8500000000000002 1.7005986908310777 0.99257878232514163 0.012440915219485761
decision_type=2 2 2 2 2 2 2 2 2 2 2 2 2 2
left_child=4 -2 5 -4 7 11 -7 8 13 10 -5 -3 -13 -1
right_child=1 2 3 9 -6 6 -8 -9 -10 -11 -12 12 -14 -15
leaf_value=-4.5592713639323322e-05 3.9898480430824446e-05 0.00011006790698142431 0.00023264993992907839 0.00039906904655283233 3.9898480430824446e-05 0.00015494425370630524 0.00023264993992907839 6.8845594018289985e-06 -1.1967554238723696e-05 0.00054212935319876583 0.00048090395282306277 0.00013250608034386479 0.00015494425370630524 -3.2333921777715887e-05
leaf_weight=5661 4712 8782 618 3301 560 1250 1219 4038 2370 330 819 1222 254 64568
leaf_count=5661 4712 8782 618 3301 560 1250 1219 4038 2370 330 819 1222 254 64568
internal_value=7.22005e-06 9.94751e-05 0.000180237 0.000354463 -1.96781e-05 0.000110837 0.000199821 -2.61294e-05 -3.08197e-05 0.000428879 0.000419679 0.000110068 0.000154944 -3.34033e-05
internal_weight=99704 22507 17795 5068 77197 12727 2469 76637 72599 4450 4120 10258 1476 70229
internal_count=99704 22507 17795 5068 77197 12727 2469 76637 72599 4450 4120 10258 1476 70229
is_linear=0
shrinkage=0.03


Tree=125
num_leaves=15
num_cat=0
split_feature=2 1 7 2 2 4 7 2 4 2 4 4 4 4
split_gain=0.209546 0.131918 0.0979482 0.0734967 0.0526105 0.0422106 0.0336731 0.0207882 0.0271918 0.0112522 0.0169529 0.00823256 0.00533748 0.000115533
threshold=0.99899322516675126 0.8500000000000002 2.8029010331479989 0.94929573612967555 0.71702660750274794 0.20722450641933024 2.249904835165133 0.71702660750274794 1.500365641632362e-05 0.70949527351466812 0.72234337440482943 0.066874186587333864 0.81379534278845145 1.9077318482274567e-05
decision_type=2 2 2 2 2 2 2 2 2 2 2 2 2 2
left_child=1 3 6 7 -3 -5 -2 8 -1 10 13 -9 -13 -10
right_child=2 4 -4 5 -6 -7 -8 11 9 -11 -12 12 -14 -15
leaf_value=-0.0001097110985139805 0.00014998793839012499 4.9418482010098922e-05 0.00070102692609305987 8.8482908216033569e-06 0.00014998793839012499 4.9418482010098922e-05 0.00032656075575059681 -3.4097603131779928e-05 -7.3764389031257804e-05 -3.4097603131779928e-05 -4.4944118672119049e-05 -1.5153070150028346e-05 8.8482908216033569e-06 -7.1481098308664407e-05
leaf_weight=5620 298 981 442 311 4926 6916 1025 9810 257 7645 1075 39008 227 21073
leaf_count=5620 298 981 442 311 4926 6916 1025 9810 257 7645 1075 39008 227 21073
internal_value=-9.02837e-06 -1.48736e-05 0.00031485 -2.37033e-05 0.00012254 4.94185e-05 0.0001854 -3.17219e-05 -4.91476e-05 -3.78177e-05 -5.57906e-05 -1.90476e-05 -1.2372e-05 -7.37644e-05
internal_weight=99614 97849 1765 91942 5907 7227 1323 84715 35670 30050 22405 49045 39235 21330
internal_count=99614 97849 1765 91942 5907 7227 1323 84715 35670 30050 22405 49045 39235 21330
is_linear=0
shrinkage=0.03


Tree=126
num_leaves=10
num_cat=0
split_feature=0 1 0 1 0 2 4 4 2
split_gain=0.156088 0.090546 0.140428 0.0517944 0.361524 0.173198 0.0166157 0.00296438 0.000599165
threshold=0.96202647802419972 0.8500000000000002 0.82983021019026648 0.52500000000000013 0.13291094265878203 0.71676940635557951 3.190924051743594e-05 0.78232367005773551 0.99683172209105464
decision_type=2 2 2 2 2 2 2 2 2
left_child=1 3 -3 4 7 -5 -7 -1 -2
right_child=8 2 -4 5 -6 6 -8 -9 -10
leaf_value=-0.00015138525100098305 0.00027763248467063835 4.0202087226700423e-05 0.00013910390495858521 -1.8736831717760081e-05 -1.8736831717760081e-05 1.0732627754470169e-05 4.0202087226700423e-05 -8.4335675556677722e-05 0.00032216420442820744
leaf_weight=20027 1126 3224 2878 9904 27136 2823 31752 274 435
leaf_count=20027 1126 3224 2878 9904 27136 2823 31752 274 435
internal_value=-7.29123e-06 -1.20325e-05 9.98663e-05 -1.94621e-05 -4.12683e-05 3.79461e-06 4.02021e-05 -0.000149935 0.00029024
internal_weight=99579 98018 6102 91916 47437 44479 34575 20301 1561
internal_count=99579 98018 6102 91916 47437 44479 34575 20301 1561
is_linear=0
shrinkage=0.03


Tree=127
num_leaves=10
num_cat=0
split_feature=0 1 0 0 1 4 4 7 4
split_gain=0.310418 0.118202 0.204385 0.0455427 0.26762 0.0887831 0.0318386 0.0213701 0.00185351
threshold=0.96202647802419972 0.8500000000000002 0.83710336359217774 0.88870131224393856 0.52500000000000013 0.22732436193573105 0.73740429217503867 1.2424533248940004 0.0064590552749697059
decision_type=2 2 2 2 2 2 2 2 2
left_child=1 3 -3 4 6 -5 8 -7 -1
right_child=-2 2 -4 5 -6 7 -8 -9 -10
leaf_value=-9.3325047931098223e-05 0.00043696765732407171 6.4974516403593476e-05 0.00022109205775157242 1.2141759850128277e-05 1.2141759850128277e-05 3.8558138126860873e-05 -3.0291111994275275e-05 6.4974516403593476e-05 -7.7883559967326143e-05
leaf_weight=9241 1521 3298 2791 3061 32681 8723 1862 7089 29268
leaf_count=9241 1521 3298 2791 3061 32681 8723 1862 7089 29268
internal_value=1.18184e-05 5.21646e-06 0.000133212 -3.26318e-06 -1.39962e-05 3.82797e-05 -7.2724e-05 6.49745e-05 -8.15914e-05
internal_weight=99535 98014 6089 91925 73052 18873 40371 15812 38509
internal_count=99535 98014 6089 91925 73052 18873 40371 15812 38509
is_linear=0
shrinkage=0.03


Tree=128
num_leaves=14
num_cat=0
split_feature=0 4 1 0 4 0 0 7 4 7 1 0 7
split_gain=0.386456 0.353127 0.225109 0.0388071 0.0370202 0.098854 0.04397 0.0188431 0.00586781 0.0056609 0.0160911 0.0048822 0.00342308
threshold=0.95125790871679794 0.066874186587333864 0.8500000000000002 0.1154138781130314 8.2079964549564028e-06 0.14137889817357066 0.02554961480200291 2.249904835165133 0.81379534278845145 1.4978661367769956 0.52500000000000013 0.88678163150325429 0.89587973461402759
decision_type=2 2 2 2 2 2 2 2 2 2 2 2 2
left_child=2 -2 4 -4 5 -1 -6 8 9 -8 -11 -9 -3
right_child=1 12 3 -5 6 -7 7 11 -10 10 -12 -13 -14
leaf_value=-0.00019743605332961817 0.00011863575105493631 0.00037005816423992059 4.5187358087869354e-05 0.00011863575105493631 -5.3771174715720167e-05 -5.3771174715720167e-05 -1.9148628627907009e-05 1.528097365989082e-05 1.528097365989082e-05 -9.7423452283638075e-06 -3.3606182882060506e-07 4.5187358087869354e-05 0.00044037460411519997
leaf_weight=4759 745 813 393 5222 10187 4281 61363 237 281 1040 5752 977 3487
leaf_count=4759 745 813 393 5222 10187 4281 61363 237 281 1040 5752 977 3487
internal_value=-2.43447e-06 0.000253366 -1.60944e-05 0.000118636 -2.8261e-05 -8.57972e-05 -2.17452e-05 -1.20114e-05 -1.46254e-05 -1.59531e-05 -3.36062e-07 4.51874e-05 0.000427169
internal_weight=99537 5045 94492 5615 88877 9040 79837 69650 68436 68155 6792 1214 4300
internal_count=99537 5045 94492 5615 88877 9040 79837 69650 68436 68155 6792 1214 4300
is_linear=0
shrinkage=0.03


Tree=129
num_leaves=14
num_cat=0
split_feature=1 0 0 0 4 4 4 4 4 7 7 0 0
split_gain=0.173262 0.275976 0.0807495 0.0599049 0.0473291 0.0276152 0.0197988 0.00408193 0.0016171 0.00239293 0.00135143 0.00112095 0.00045817
threshold=0.8500000000000002 0.83710336359217774 0.035358966328203685 0.96202647802419972 0.013673122611047141 0.43060373386562117 4.5953200775272769e-05 0.81379534278845145 0.73740429217503867 1.2424533248940004 2.3502401828962087 0.91958197159692656 0.95886729867197584
decision_type=2 2 2 2 2 2 2 2 2 2 2 2 2
left_child=2 -2 4 6 -1 11 -4 10 9 -6 -8 -3 -7
right_child=1 5 3 -5 8 12 7 -9 -10 -11 -12 -13 -14
leaf_value=-0.00014138900978092136 8.5375483229944789e-05 0.00024111773880026749 -2.095184868744579e-05 8.5375483229944789e-05 -4.2962011686884431e-05 0.00043292689695366378 1.5486439591767014e-05 4.8178275410331353e-05 -2.095184868744579e-05 -2.7231470042445546e-05 3.2200798669855454e-05 0.00034003308468643278 0.00048033624640178666
leaf_weight=4424 3298 274 10521 1371 10395 2182 64159 278 508 207 1286 226 306
leaf_count=4424 3298 274 10521 1371 10395 2182 64159 278 508 207 1286 226 306
internal_value=1.43049e-05 0.000166734 4.01684e-06 1.6513e-05 -5.84167e-05 0.00039686 1.09811e-05 1.71804e-05 -2.53674e-05 -3.35111e-05 1.62233e-05 0.000241118 0.000438948
internal_weight=99435 6286 93149 77615 15534 2988 76244 65723 11110 10602 65445 500 2488
internal_count=99435 6286 93149 77615 15534 2988 76244 65723 11110 10602 65445 500 2488
is_linear=0
shrinkage=0.03


Tree=130
num_leaves=13
num_cat=0
split_feature=0 0 4 2 4 2 4 4 2 2 4 4
split_gain=0.295352 0.0981077 0.09451 0.112983 0.0718922 0.0320672 0.0150862 0.0124104 0.00464352 0.00432921 0.0325487 0.00157929
threshold=0.89082346484065067 0.96202647802419972 0.22732436193573105 0.71702660750274794 9.9005047117239914e-06 0.70949527351466812 0.72234337440482943 0.0011528772282501378 0.72385923423582088 0.71702660750274794 1.690495541550874e-06 0.81379534278845145
decision_type=2 2 2 2 2 2 2 2 2 2 2 2
left_child=4 2 -2 -4 9 6 -6 -7 -3 -1 -11 -9
right_child=1 8 3 -5 5 7 -8 11 -10 10 -12 -13
leaf_value=-0.00011002087496062341 5.3753491535863558e-05 0.00022288755350389605 9.6237644204102518e-05 0.00019416780322718425 -4.2962123479321541e-05 -7.6074686813986228e-06 -7.6074686813986228e-06 1.9949393127028206e-05 0.00036830553858166346 -8.8731764238907877e-05 -4.4057031148279724e-05 5.3753491535863558e-05
leaf_weight=4568 3052 215 3623 13901 18998 3145 963 45388 1321 3288 785 206
leaf_count=4568 3052 215 3623 13901 18998 3145 963 45388 1321 3288 785 206
internal_value=1.92327e-05 0.000115918 9.86418e-05 0.000138722 -8.41109e-06 1.84738e-06 -3.0179e-05 1.49641e-05 0.000347133 -8.99614e-05 -6.74427e-05 2.04921e-05
internal_weight=99453 22112 20576 17524 77341 68700 19961 48739 1536 8641 4073 45594
internal_count=99453 22112 20576 17524 77341 68700 19961 48739 1536 8641 4073 45594
is_linear=0
shrinkage=0.03


Tree=131
num_leaves=11
num_cat=0
split_feature=2 0 7 7 7 4 2 0 4 4
split_gain=0.0330452 0.0888682 0.0966516 0.0500212 0.0274054 0.0269412 0.0198799 0.013177 0.00606821 3.65667e-07
threshold=0.87314886671764558 0.89460386149585258 2.9174053685313028 1.8688348091416842 1.2424533248940004 0.71606744825275714 0.9707093045471501 0.96202647802419972 0.78232367005773551 0.75755570237379299
decision_type=2 2 2 2 2 2 2 2 2 2
left_child=4 -2 3 5 7 -3 -5 8 9 -1
right_child=1 2 -4 6 -6 -7 -8 -9 -10 -11
leaf_value=-2.0446996763607041e-05 1.6047034728606273e-05 6.4430474611598969e-05 0.00062542244444557576 0.00012555791895016162 1.6047034728606273e-05 0.00012555791895016162 0.00022297019625544393 2.0117512893117507e-06 -7.4976271962323242e-06 -1.9466909875136619e-05
leaf_weight=71053 12952 5302 319 291 4151 353 3301 510 766 785
leaf_count=71053 12952 5302 319 291 4151 353 3301 510 766 785
internal_value=4.71775e-06 3.66965e-05 0.000112814 9.50644e-05 -4.60245e-06 6.44305e-05 0.000186685 -1.20235e-05 -1.7007e-05 -2.04366e-05
internal_weight=99783 22518 9566 9247 77265 5655 3592 73114 72604 71838
internal_count=99783 22518 9566 9247 77265 5655 3592 73114 72604 71838
is_linear=0
shrinkage=0.03


Tree=132
num_leaves=15
num_cat=0
split_feature=0 1 0 0 4 4 0 0 4 4 4 0 4 4
split_gain=0.282592 0.147752 0.200447 0.0487291 0.0888609 0.0259523 0.0118751 0.00647283 0.0177155 0.0050133 0.0017684 0.000761468 0.00248347 0.000446477
threshold=0.96319668320938956 0.8500000000000002 0.83710336359217774 0.91736582666635524 0.066874186587333864 4.5953200775272769e-05 0.014963782392442228 0.012440915219485761 3.3837052484386736e-06 0.81379534278845145 0.041755572071097598 0.02554961480200291 0.0064590552749697059 5.415744872117046e-05
decision_type=2 2 2 2 2 2 2 2 2 2 2 2 2 2
left_child=1 3 -3 5 -5 7 10 -1 -9 11 -7 12 -8 -13
right_child=-2 2 -4 4 -6 6 9 8 -10 -11 -12 13 -14 -15
leaf_value=-0.00012322752529980046 0.00046053314080395677 6.03485363543427e-05 0.00022721104863035474 7.5657031329809389e-06 6.03485363543427e-05 -3.9720528103900656e-05 -2.6007087219339898e-05 -8.9336370045361866e-05 -3.9720528103900656e-05 7.5657031329809389e-06 -2.6007087219339898e-05 -1.9622182024361492e-05 -1.9622182024361492e-05 -1.2692520657719576e-05
leaf_weight=1422 1181 3287 2859 1827 10706 361 244 6690 5019 277 4880 254 3662 56880
leaf_count=1422 1181 3287 2859 1827 10706 361 244 6690 5019 277 4880 254 3662 56880
internal_value=-5.70438e-07 -6.11104e-06 0.0001363 -1.56032e-05 3.93829e-05 -2.42515e-05 -1.66466e-05 -6.27944e-05 -5.54452e-05 -1.22936e-05 -3.97205e-05 -1.41161e-05 -2.60071e-05 -1.32373e-05
internal_weight=99549 98368 6146 92222 12533 79689 66558 13131 11709 61317 5241 61040 3906 57134
internal_count=99549 98368 6146 92222 12533 79689 66558 13131 11709 61317 5241 61040 3906 57134
is_linear=0
shrinkage=0.03


Tree=133
num_leaves=12
num_cat=0
split_feature=0 2 7 2 4 4 0 2 0 0 0
split_gain=0.207311 0.0386472 0.112211 0.0226076 0.0145062 0.00976531 0.0609056 0.0162067 0.033283 0.00900512 0.00231609
threshold=0.96202647802419972 0.98009065922454186 2.249904835165133 0.72385923423582088 0.81379534278845145 8.2079964549564028e-06 0.15546155720949176 0.70949527351466812 0.023788626305758957 0.95125790871679794 0.0024145897477865223
decision_type=2 2 2 2 2 2 2 2 2 2 2
left_child=1 4 9 -2 5 6 10 -7 -9 -3 -1
right_child=3 2 -4 -5 -6 7 -8 8 -10 -11 -12
leaf_value=-0.0002224158444116975 0.00017765733578399003 3.6841029953771751e-05 0.00017765733578399003 0.00040345125213847756 3.6841029953771751e-05 -1.7644344176918918e-05 -1.7644344176918918e-05 -5.2157042659488306e-06 1.6102117672766817e-05 0.00010724918286888089 -0.00012133409527266376
leaf_weight=214 206 3559 1901 1328 342 23340 4315 5872 53053 426 4680
leaf_count=214 206 3559 1901 1328 342 23340 4315 5872 53053 426 4680
internal_value=7.40778e-06 1.97277e-06 7.64869e-05 0.000353342 -2.80485e-06 -4.63679e-06 -3.39316e-05 -1.35707e-06 7.21294e-06 3.6841e-05 -0.000125799
internal_weight=99236 97702 5886 1534 91816 91474 9209 82265 58925 3985 4894
internal_count=99236 97702 5886 1534 91816 91474 9209 82265 58925 3985 4894
is_linear=0
shrinkage=0.03


Tree=134
num_leaves=10
num_cat=0
split_feature=2 7 1 1 7 2 4 1 1
split_gain=0.0828315 0.0975784 0.0223804 0.0200006 0.0630984 0.0137362 0.00652954 0.00124795 0.00014138
threshold=0.99899322516675126 2.9174053685313028 0.8500000000000002 0.8500000000000002 0.89587973461402759 0.97932899620196434 0.81379534278845145 0.52500000000000013 0.52500000000000013
decision_type=2 2 2 2 2 2 2 2 2
left_child=3 2 -2 5 -5 6 8 -7 -1
right_child=1 -3 -4 4 -6 7 -8 -9 -10
leaf_value=-3.5271828007092369e-05 7.7631752175377812e-05 0.00066936522825682132 0.00035393569424224387 -7.3066626827519844e-07 7.7631752175377812e-05 -1.6425708908248906e-05 -1.6425708908248906e-05 -7.3066626827519844e-07 -3.2843879073118616e-05
leaf_weight=47278 1209 304 263 1522 4411 479 324 3618 40392
leaf_count=47278 1209 304 263 1522 4411 479 324 3618 40392
internal_value=-2.20238e-05 0.000180967 7.9716e-05 -2.57034e-05 2.76817e-05 -2.9143e-05 -3.21208e-05 -7.30666e-07 -3.41536e-05
internal_weight=99800 1776 1472 98024 5933 92091 87994 4097 87670
internal_count=99800 1776 1472 98024 5933 92091 87994 4097 87670
is_linear=0
shrinkage=0.03


Tree=135
num_leaves=12
num_cat=0
split_feature=1 2 4 2 1 4 2 7 2 4 2
split_gain=0.122859 0.0984749 0.164202 0.0303071 0.119999 0.103071 0.0257112 0.0100646 0.00447178 0.0038337 0.000411272
threshold=0.8500000000000002 0.73073675821169848 0.60194965051979143 0.70949527351466812 0.52500000000000013 3.190924051743594e-05 0.99079550730161803 0.89587973461402759 0.86909053175326456 0.72234337440482943 0.76098892797337847
decision_type=2 2 2 2 2 2 2 2 2 2 2
left_child=3 -2 6 7 -5 -6 -3 9 10 -1 -4
right_child=1 2 8 4 5 -7 -8 -9 -10 -11 -12
leaf_value=-5.029318330053608e-05 5.9786553478118202e-05 0.00013751480056706109 0.0003385084200526583 -1.703168377992197e-05 1.3425540956237337e-05 5.9786553478118202e-05 0.00029976802808625674 -1.703168377992197e-05 0.0004910109179567596 -3.1211810834846209e-05 0.00040763655441258909
leaf_weight=22244 1368 2574 202 31202 2830 32729 630 3462 1256 871 225
leaf_count=22244 1368 2574 202 31202 2830 32729 630 3462 1256 871 225
internal_value=-2.51777e-07 0.000128451 0.000215243 -8.87802e-06 1.90798e-06 4.38828e-05 0.000137515 -3.59714e-05 0.000462021 -4.53919e-05 0.000375802
internal_weight=99593 6255 4887 93338 66761 35559 3204 26577 1683 23115 427
internal_count=99593 6255 4887 93338 66761 35559 3204 26577 1683 23115 427
is_linear=0
shrinkage=0.03


Tree=136
num_leaves=13
num_cat=0
split_feature=0 4 7 2 7 0 2 0 2 0 2 2
split_gain=0.315598 0.0852007 0.051727 0.0246155 0.0585476 0.0176502 0.0274557 0.0147241 0.0104321 0.0275817 0.00682148 7.76921e-05
threshold=0.96202647802419972 0.81379534278845145 2.0126758453675748 0.97932899620196434 1.7005986908310777 0.017301805317401889 0.73073675821169848 0.77252978645265113 0.87314886671764558 0.067110155709087863 0.65308270043270367 0.70949527351466812
decision_type=2 2 2 2 2 2 2 2 2 2 2 2
left_child=1 3 -2 5 -5 6 10 -6 11 -10 -1 -7
right_child=2 -3 -4 4 7 8 -8 -9 9 -11 -12 -13
leaf_value=-0.00019623330696096452 0.00031231817463385681 0.00021566155226408496 0.0006834306925304714 2.5732991872708367e-05 6.6485704930657532e-05 -7.3574344695051057e-06 -2.4079073871721902e-05 0.00010723841798860669 7.8211874045772049e-06 2.5732991872708367e-05 -8.4306503955976195e-05 -5.2309074232589656e-06
leaf_weight=540 1069 358 496 1258 639 23689 2348 4320 1094 13972 5286 44586
leaf_count=540 1069 358 496 1258 639 23689 2348 4320 1094 13972 5286 44586
internal_value=7.77146e-06 1.02585e-06 0.000430297 -1.18472e-06 5.65751e-05 -5.10916e-06 -4.71753e-05 0.000107238 -9.82842e-07 2.16112e-05 -9.47127e-05 -5.96883e-06
internal_weight=99655 98090 1565 97732 6217 91515 8174 4959 83341 15066 5826 68275
internal_count=99655 98090 1565 97732 6217 91515 8174 4959 83341 15066 5826 68275
is_linear=0
shrinkage=0.03


Tree=137
num_leaves=14
num_cat=0
split_feature=0 4 2 1 0 2 4 2 0 4 0 1 0
split_gain=0.0888694 0.285162 0.0690691 0.110628 0.125348 0.0664531 0.0236394 0.0235711 0.0228243 0.0148944 0.0201644 0.00632641 0.00557027
threshold=0.95257444074377429 0.092160578299673737 0.70949527351466812 0.52500000000000013 0.85684610716998588 0.72385923423582088 2.1032243256724484e-05 0.8649207029794278 0.91513968259096157 0.72234337440482943 0.00409635715186596 0.8500000000000002 0.067110155709087863
decision_type=2 2 2 2 2 2 2 2 2 2 2 2 2
left_child=2 -2 8 4 -4 -3 -5 11 9 10 -1 -8 -9
right_child=1 5 3 6 -6 -7 7 12 -10 -11 -12 -13 -14
leaf_value=-0.00023018809287705759 5.5366913956779634e-05 0.00018789067462799154 -2.4095394722444338e-05 7.9081689843510004e-06 7.9081689843510004e-06 0.00038175579848747108 2.852347372955507e-05 4.1945193843167354e-05 -2.4095394722444338e-05 -4.4759774817533534e-05 -7.1570998644123946e-05 4.1945193843167354e-05 5.5366913956779634e-05
leaf_weight=744 723 513 24552 2513 5939 3438 14873 1104 1999 1010 22924 1399 17917
leaf_count=744 723 513 24552 2513 5939 3438 14873 1104 1999 1010 22924 1399 17917
internal_value=-5.33766e-06 0.000122357 -1.16232e-05 4.36624e-06 -2.40954e-05 0.000320414 3.99117e-05 4.91388e-05 -5.2557e-05 -6.54242e-05 -7.65666e-05 2.85235e-05 5.53669e-05
internal_weight=99648 4674 94974 68297 30491 3951 37806 35293 26677 24678 23668 16272 19021
internal_count=99648 4674 94974 68297 30491 3951 37806 35293 26677 24678 23668 16272 19021
is_linear=0
shrinkage=0.03


Tree=138
num_leaves=10
num_cat=0
split_feature=0 1 0 7 0 4 7 4 4
split_gain=0.153506 0.0559096 0.270618 0.230532 0.0515929 0.025713 0.0167326 0.0165804 0.00399751
threshold=0.96202647802419972 0.52500000000000013 0.13707750104367736 1.2424533248940004 0.069158812984824194 0.092160578299673737 2.1383330595080281 0.78232367005773551 0.018294819254970233
decision_type=2 2 2 2 2 2 2 2 2
left_child=1 2 7 -3 -5 -6 -2 8 -1
right_child=6 3 -4 4 5 -7 -8 -9 -10
leaf_value=-0.00014061698505691081 0.00023810544807691204 3.4077494541218555e-07 3.4077494541218555e-07 6.0024480619886039e-05 0.00010059333132089801 0.00015142745531036722 0.00045526085992749897 -5.674681445284491e-05 -0.00011153165019531431
leaf_weight=6112 1098 34240 26906 466 411 15508 453 278 14162
leaf_count=6112 1098 34240 26906 466 411 15508 453 278 14162
internal_value=5.75662e-06 1.07249e-06 -2.23208e-05 2.30023e-05 0.000119708 0.000141162 0.000301782 -0.000113834 -0.000120307
internal_weight=99634 98083 47458 50625 16385 15919 1551 20552 20274
internal_count=99634 98083 47458 50625 16385 15919 1551 20552 20274
is_linear=0
shrinkage=0.03


Tree=139
num_leaves=10
num_cat=0
split_feature=0 4 2 1 0 4 0 4 4
split_gain=0.116631 0.282038 0.0555263 0.0345843 0.0208708 0.0079397 0.00457765 0.00407651 9.30743e-05
threshold=0.95125790871679794 0.079077261733014007 0.97932899620196434 0.8500000000000002 0.77252978645265113 9.9005047117239914e-06 0.20771885709837082 0.81379534278845145 4.024938489877173e-05
decision_type=2 2 2 2 2 2 2 2 2
left_child=2 -2 3 5 -4 -1 -5 8 -7
right_child=1 -3 4 6 -6 7 -8 -9 -10
leaf_value=-6.7213994988018296e-05 4.3882567007176465e-05 0.0003006357168081938 4.1017154638111847e-06 -1.8465663292262251e-05 4.3882567007176465e-05 -4.345696151367128e-05 4.1017154638111847e-06 -1.8465663292262251e-05 -3.8808408678891311e-05
leaf_weight=9282 802 4269 1116 558 4095 4179 4079 301 70842
leaf_count=9282 802 4269 1116 558 4095 4179 4079 301 70842
internal_value=-2.24278e-05 0.000117718 -2.99532e-05 -3.56791e-05 4.38826e-05 -4.1033e-05 4.10172e-06 -3.78059e-05 -3.90679e-05
internal_weight=99523 5071 94452 89241 5211 84604 4637 75322 75021
internal_count=99523 5071 94452 89241 5211 84604 4637 75322 75021
is_linear=0
shrinkage=0.03


Tree=140
num_leaves=12
num_cat=0
split_feature=1 0 2 0 7 0 2 2 7 2 0
split_gain=0.331228 0.163772 0.0666939 0.0587885 0.0492139 0.0364781 0.0218851 0.0105429 0.00799173 0.000604537 0.000458673
threshold=0.8500000000000002 0.16566415503621104 0.97932899620196434 0.96202647802419972 1.4978661367769956 0.84077325090765964 0.72404055242268461 0.99896760489058267 0.89587973461402759 0.98071517107046347 0.95759151433594536
decision_type=2 2 2 2 2 2 2 2 2 2 2
left_child=2 -2 3 -1 -4 8 -7 10 -3 -10 -8
right_child=1 5 4 -5 -6 6 7 -9 9 -11 -12
leaf_value=-3.9245240842518171e-05 8.5890202297562483e-05 0.00018567849163507566 2.0334820365325966e-05 2.0334820365325966e-05 8.5890202297562483e-05 0.00028251945499572248 0.00037145843044180803 0.00055028538412929962 0.00024404626439118962 0.00028251945499572248 0.0004264185576017319
leaf_weight=87064 506 760 246 884 5226 367 2015 373 1762 217 201
leaf_count=87064 506 760 246 884 5226 367 2015 373 1762 217 201
internal_value=-1.32155e-05 0.00019909 -2.73099e-05 -3.36328e-05 7.43024e-05 0.000285467 0.000358581 0.000401855 0.000206457 0.000250851 0.000376634
internal_weight=99621 6201 93420 87948 5472 5695 2956 2589 2739 1979 2216
internal_count=99621 6201 93420 87948 5472 5695 2956 2589 2739 1979 2216
is_linear=0
shrinkage=0.03


Tree=141
num_leaves=10
num_cat=0
split_feature=2 7 2 7 2 4 1 4 4
split_gain=0.0248733 0.0939874 0.0289652 0.0231995 0.00978631 0.0380226 0.0074616 0.00417016 0.00184477
threshold=0.94193851583988997 1.8688348091416842 0.97363340253731157 2.8617925509761908 0.71702660750274794 1.3184185037484754e-05 0.8500000000000002 0.81379534278845145 4.5953200775272769e-05
decision_type=2 2 2 2 2 2 2 2 2
left_child=4 -2 -3 -4 5 -1 7 -6 -7
right_child=1 2 3 -5 6 8 -8 -9 -10
leaf_value=-8.3364076667302671e-05 2.2990021277411706e-05 9.0069395951907879e-05 0.000171498482991499 0.0004118358353550746 1.1984014275227985e-06 -3.0889744320759983e-05 2.2990021277411706e-05 1.3961099590752865e-05 -3.4766465062057992e-07
leaf_weight=5521 8556 317 4348 394 46337 2021 2769 208 29049
leaf_count=5521 8556 317 4348 394 46337 2021 2769 208 29049
internal_value=7.13968e-06 4.48114e-05 0.000157149 0.00019155 1.16868e-06 -1.05861e-05 9.89074e-06 4.93218e-06 -3.47665e-07
internal_weight=99520 13615 5059 4742 85905 36591 49314 46545 31070
internal_count=99520 13615 5059 4742 85905 36591 49314 46545 31070
is_linear=0
shrinkage=0.03


Tree=142
num_leaves=15
num_cat=0
split_feature=1 0 2 7 0 0 2 0 2 0 0 2 0 0
split_gain=0.169801 0.278379 0.0506554 0.031545 0.0296929 0.0200612 0.0166635 0.0157545 0.0151757 0.0802623 0.00835819 0.00772725 0.00545026 0.00441256
threshold=0.8500000000000002 0.87570779398083698 0.99716559143045824 2.602003343538398 0.93395699653774511 0.014963782392442228 0.72385923423582088 0.95759151433594536 0.71676940635557951 0.080185010097920909 0.82261591218411934 0.71702660750274794 0.89460386149585258 0.92914307489991199
decision_type=2 2 2 2 2 2 2 2 2 2 2 2 2 2
left_child=2 -2 4 6 5 11 -3 12 13 -10 -4 -1 -8 -7
right_child=1 3 10 -5 -6 8 7 -9 9 -11 -12 -13 -14 -15
leaf_value=-9.4078210457796945e-05 7.5021853710482162e-05 0.00024461961213024798 3.2693776309289273e-05 0.00071709817072833858 3.2693776309289273e-05 -3.6338779576039502e-05 0.00032622425565845774 0.00054697155631737958 -1.6466979707718368e-05 8.9615357830232819e-06 7.5021853710482162e-05 -3.7009367707477386e-05 0.0004024202257632724 -1.6466979707718368e-05
leaf_weight=3645 3733 210 212 276 6796 22269 249 257 12189 42616 2015 3295 1539 330
leaf_count=3645 3733 210 212 276 6796 22269 249 257 12189 42616 2015 3295 1539 330
internal_value=4.49852e-06 0.00015569 -5.64651e-06 0.000414217 -9.6343e-06 -1.47707e-05 0.000376845 0.000407829 -1.03893e-05 -1.85915e-06 7.50219e-05 -6.36294e-05 0.00037309 -3.10748e-05
internal_weight=99631 6264 93367 2531 91140 84344 2255 2045 77404 54805 2227 6940 1788 22599
internal_count=99631 6264 93367 2531 91140 84344 2255 2045 77404 54805 2227 6940 1788 22599
is_linear=0
shrinkage=0.03


Tree=143
num_leaves=9
num_cat=0
split_feature=4 1 2 2 4 2 1 4
split_gain=0.037697 0.0162209 0.0521039 0.00887883 0.0174124 0.00189661 0.117005 0.001393
threshold=2.1032243256724484e-05 0.52500000000000013 0.8649207029794278 0.71702660750274794 1.690495541550874e-06 0.99899322516675126 0.8500000000000002 1.6886436965013466e-05
decision_type=2 2 2 2 2 2 2 2
left_child=3 -2 -3 7 -5 -4 -7 -1
right_child=1 2 5 4 -6 6 -8 -9
leaf_value=-9.3622768655905519e-05 -2.1550682241230431e-05 -8.6101662148391748e-06 3.9358372008122283e-05 -6.3137660780611762e-05 -3.6038734169991304e-05 5.5765808216328904e-05 0.00059188652264745777 -6.3137660780611762e-05
leaf_weight=5894 40317 26036 19678 3683 1939 1358 367 356
leaf_count=5894 40317 26036 19678 3683 1939 1358 367 356
internal_value=-1.43479e-05 -7.56006e-06 4.33035e-06 -6.45174e-05 -3.71527e-05 4.20064e-05 7.21732e-05 -8.91226e-05
internal_weight=99628 87756 47439 11872 5622 21403 1725 6250
internal_count=99628 87756 47439 11872 5622 21403 1725 6250
is_linear=0
shrinkage=0.03


Tree=144
num_leaves=9
num_cat=0
split_feature=1 2 1 7 7 2 7 2
split_gain=0.239634 0.0987548 0.101133 0.0553168 0.0176771 0.0235131 0.00424674 0.0233524
threshold=0.8500000000000002 0.86909053175326456 0.52500000000000013 2.740319461670996 1.4978661367769956 0.94929573612967555 0.89587973461402759 0.73073675821169848
decision_type=2 2 2 2 2 2 2 2
left_child=1 -1 -3 6 5 -4 7 -2
right_child=3 2 4 -5 -6 -7 -8 -9
leaf_value=-4.7356953510013254e-05 6.562149951599366e-05 -1.0748831273401003e-05 2.7436334121296327e-05 0.00063578091975231875 6.562149951599366e-05 4.6528916818644995e-05 0.00015921697889586853 0.00012986214019024438
leaf_weight=71872 1059 5737 6786 213 7898 1130 4538 418
leaf_count=71872 1059 5737 6786 213 7898 1130 4538 418
internal_value=-1.8455e-05 -3.04672e-05 2.58593e-05 0.00016171 6.56215e-05 2.74363e-05 0.00014482 0.000100507
internal_weight=99651 93423 21551 6228 15814 7916 6015 1477
internal_count=99651 93423 21551 6228 15814 7916 6015 1477
is_linear=0
shrinkage=0.03


Tree=145
num_leaves=14
num_cat=0
split_feature=1 2 4 2 1 4 7 7 2 4 4 4 2
split_gain=0.0692938 0.0424762 0.126051 0.0322499 0.0668529 0.0416519 0.0230233 0.0105786 0.00914677 0.0202016 0.0083792 0.00837088 0.00224145
threshold=0.8500000000000002 0.73073675821169848 0.58747195834894239 0.71676940635557951 0.52500000000000013 2.1032243256724484e-05 0.89587973461402759 2.249904835165133 0.72404055242268461 0.046881401846922029 0.73740429217503867 0.71916564824111473 0.8649207029794278
decision_type=2 2 2 2 2 2 2 2 2 2 2 2 2
left_child=3 -2 7 6 8 -6 10 -3 -5 -10 -1 -4 -7
right_child=1 2 11 4 5 12 -8 -9 9 -11 -12 -13 -14
leaf_value=-5.2792689245681768e-05 5.1404030220721133e-05 0.0001042192281396295 0.00033948342486870778 -8.4469090017141558e-06 1.6135080699479807e-05 3.5292015272539784e-05 -8.4469090017141558e-06 0.00023409123952286375 3.8440858488828265e-06 1.6135080699479807e-05 -2.6734862727207919e-05 0.0005311360970679203 5.1404030220721133e-05
leaf_weight=22473 1368 2719 1646 12989 2567 15437 3501 314 3396 14812 603 238 17414
leaf_count=22473 1368 2719 1646 12989 2567 15437 3501 314 3396 14812 603 238 17414
internal_value=6.45213e-06 0.000102859 0.000157034 -5.07005e-08 1.10964e-05 4.07171e-05 -2.79903e-05 0.000104219 -8.44691e-06 1.61351e-05 -4.50228e-05 0.000363963 5.1404e-05
internal_weight=99477 6285 4917 93192 66615 35418 26577 3033 31197 18208 23076 1884 32851
internal_count=99477 6285 4917 93192 66615 35418 26577 3033 31197 18208 23076 1884 32851
is_linear=0
shrinkage=0.03


Tree=146
num_leaves=7
num_cat=0
split_feature=0 2 7 4 0 0
split_gain=0.197378 0.163855 0.0990185 0.0241116 0.00619499 0.00139736
threshold=0.96202647802419972 0.97932899620196434 1.4978661367769956 0.81379534278845145 0.77252978645265113 0.035358966328203685
decision_type=2 2 2 2 2 2
left_child=1 3 -3 5 -4 -1
right_child=-2 2 4 -5 -6 -7
leaf_value=-2.3820694443134848e-05 0.0003374181243208278 6.5443092186575014e-05 0.0001161026452845557 6.5443092186575014e-05 0.0001667621983825364 -1.395435893433285e-05
leaf_weight=15576 1548 249 998 338 4989 75807
leaf_count=15576 1548 249 998 338 4989 75807
internal_value=1.4194e-06 -3.89373e-06 0.000144898 -1.40113e-05 0.000166762 -1.56363e-05
internal_weight=99505 97957 6236 91721 5987 91383
internal_count=99505 97957 6236 91721 5987 91383
is_linear=0
shrinkage=0.03


Tree=147
num_leaves=12
num_cat=0
split_feature=1 2 4 7 4 2 7 4 4 4 4
split_gain=0.0946169 0.102948 0.045127 0.0273684 0.0158594 0.0108336 0.032326 0.00988834 0.00241859 0.00054818 5.22653e-06
threshold=0.8500000000000002 0.99899322516675126 1.3184185037484754e-05 0.89587973461402759 0.81379534278845145 0.8649207029794278 0.89587973461402759 0.32527068341277282 0.78232367005773551 1.6886436965013466e-05 8.2079964549564028e-06
decision_type=2 2 2 2 2 2 2 2 2 2 2
left_child=2 3 10 -2 5 8 -7 -5 9 -4 -1
right_child=1 -3 4 7 -6 6 -8 -9 -10 -11 -12
leaf_value=-4.7902839184862371e-05 7.2096100286428327e-05 0.00061503174421487976 -1.4253772064773478e-05 0.00011342583159317662 7.2096100286428327e-05 2.234032388208604e-05 4.4749406472574228e-05 0.00017742940152393183 2.234032388208604e-05 9.1911939012831275e-06 -4.5218774946369899e-05
leaf_weight=9162 1515 373 648 364 344 852 23362 3991 515 57235 1081
leaf_count=9162 1515 373 648 364 344 852 23362 3991 515 57235 1081
internal_value=1.93554e-05 0.000132411 1.1781e-05 0.000101644 1.91165e-05 1.74027e-05 3.42738e-05 0.000154756 1.04069e-05 8.876e-06 -4.7624e-05
internal_weight=99442 6243 93199 5870 82956 82612 24214 4355 58398 57883 10243
internal_count=99442 6243 93199 5870 82956 82612 24214 4355 58398 57883 10243
is_linear=0
shrinkage=0.03


Tree=148
num_leaves=13
num_cat=0
split_feature=1 0 2 7 2 0 0 0 1 0 0 0
split_gain=0.407542 0.439867 0.0346604 0.116068 0.0315819 0.0209608 0.0156551 0.0107482 0.00826912 0.097453 0.00194834 0.00172714
threshold=0.8500000000000002 0.83710336359217774 0.94569006162006952 2.0126758453675748 0.86520925462774623 0.96202647802419972 0.90126043371856224 0.95759151433594536 0.52500000000000013 0.85684610716998588 0.13291094265878203 0.014073108322918417
decision_type=2 2 2 2 2 2 2 2 2 2 2 2
left_child=2 -2 5 -4 6 8 -3 -6 9 10 -1 -10
right_child=1 4 3 -5 7 -7 -8 -9 11 -11 -12 -13
leaf_value=-7.322894764502335e-05 0.00011681073381801035 0.0003197167506084163 1.4843160357297658e-05 0.00011681073381801035 0.00054936799293751524 1.4843160357297658e-05 0.00046447575039187234 0.00073262752914964805 -1.7359744432922923e-05 -1.7359744432922923e-05 -5.9519098249045832e-05 -5.4761033371472928e-06
leaf_weight=19995 3249 312 6985 3048 1911 719 422 352 2035 8373 17571 34727
leaf_count=19995 3249 312 6985 3048 1911 719 422 352 2035 8373 17571 34727
internal_value=7.35353e-06 0.00024195 -8.3283e-06 4.43508e-05 0.000522623 -1.46645e-05 0.000350767 0.000578184 -1.84191e-05 -2.69051e-05 -6.68181e-05 -7.81442e-06
internal_weight=99699 6246 93453 10033 2997 83420 734 2263 82701 45939 37566 36762
internal_count=99699 6246 93453 10033 2997 83420 734 2263 82701 45939 37566 36762
is_linear=0
shrinkage=0.03


Tree=149
num_leaves=9
num_cat=0
split_feature=1 7 7 4 2 4 4 4
split_gain=0.0176255 0.0747655 0.0171845 0.031029 0.0130515 0.0101364 0.00295218 0.00139762
threshold=0.8500000000000002 2.249904835165133 0.89587973461402759 0.60474315084886432 0.70949527351466812 0.73740429217503867 0.81379534278845145 0.60334498747261034
decision_type=2 2 2 2 2 2 2 2
left_child=4 2 -2 -4 5 -1 -6 -3
right_child=1 7 3 -5 6 -7 -8 -9
leaf_value=-3.9462107966480858e-05 1.4525505937863655e-05 0.00032950096781033522 4.4984072971430542e-05 0.00019179479404171748 -5.4221065278316167e-06 -1.6795747404529218e-05 1.4525505937863655e-05 0.00043125285353941322
leaf_weight=25738 1482 351 2868 1369 66609 770 265 217
leaf_count=25738 1482 351 2868 1369 66609 770 265 217
internal_value=-8.14612e-06 4.04707e-05 1.45255e-05 7.54426e-05 -1.14197e-05 -2.92332e-05 -4.35827e-06 0.000369064
internal_weight=99669 6287 5719 4237 93382 26508 66874 568
internal_count=99669 6287 5719 4237 93382 26508 66874 568
is_linear=0
shrinkage=0.03


Tree=150
num_leaves=15
num_cat=0
split_feature=0 0 4 4 0 2 0 4 2 0 4 0 0 0
split_gain=0.10498 0.04643 0.198706 0.0365193 0.0283604 0.0557089 0.0206543 0.0080307 0.00555405 0.00325347 0.00231864 0.000914975 0.000585866 0.000100496
threshold=0.96202647802419972 0.91736582666635524 0.079077261733014007 9.9005047117239914e-06 0.023788626305758957 0.70949527351466812 0.88041245006024849 3.3837052484386736e-06 0.71702660750274794 0.0032940637320280079 0.041755572071097598 0.79255081084556889 0.080185010097920909 0.15546155720949176
decision_type=2 2 2 2 2 2 2 2 2 2 2 2 2 2
left_child=1 3 -3 6 10 -6 7 9 -4 -1 -5 13 -9 -11
right_child=-2 2 8 4 5 -7 -8 12 -10 11 -12 -13 -14 -15
leaf_value=-0.00023427017655064058 0.00022530601041986174 -4.5047125982276794e-07 5.0608990933816205e-05 -5.540122191480435e-05 -3.5675467402663062e-05 -4.5047125982276794e-07 -5.540122191480435e-05 -0.00010582964851253112 0.00010166845312745517 -0.0001310181489979402 -3.5675467402663062e-05 -0.00010582964851253112 -8.3805728003383408e-05 -0.00012269923681064405
leaf_weight=250 1569 1878 2309 1729 17533 48224 399 635 9451 4052 7744 516 667 2491
leaf_count=250 1569 1878 2309 1729 17533 48224 399 635 9451 4052 7744 516 667 2491
internal_value=-1.80656e-05 -2.19691e-05 2.93819e-05 -3.02828e-05 -2.34463e-05 -1.59497e-05 -8.73562e-05 -0.00011221 0.000101668 -0.000127854 -5.54012e-05 -0.000124052 -8.38057e-05 -0.00012787
internal_weight=99447 97878 13638 84240 75230 65757 9010 8611 11760 7309 9473 7059 1302 6543
internal_count=99447 97878 13638 84240 75230 65757 9010 8611 11760 7309 9473 7059 1302 6543
is_linear=0
shrinkage=0.03


Tree=151
num_leaves=8
num_cat=0
split_feature=4 1 2 4 4 2 2
split_gain=0.0400141 0.0204455 0.0451601 0.0558374 0.0227116 0.0226359 0.00144103
threshold=0.81379534278845145 0.8500000000000002 0.72404055242268461 0.60474315084886432 8.2079964549564028e-06 0.94929573612967555 0.85628109850483514
decision_type=2 2 2 2 2 2 2
left_child=1 4 -3 -4 -1 6 -6
right_child=-2 2 3 -5 5 -7 -8
leaf_value=-5.0619830862604802e-05 0.00030744902391866127 2.2312054004123265e-05 7.0541309034490761e-05 0.00015262066383972683 -9.4464640335245781e-06 2.2312054004123265e-05 3.3059438466986025e-07
leaf_weight=9147 376 1344 3297 1598 57513 8549 17756
leaf_count=9147 376 1344 3297 1598 57513 8549 17756
internal_value=-1.0354e-06 -2.2077e-06 5.03602e-05 0.000118771 -5.7361e-06 -8.37423e-07 -7.14008e-06
internal_weight=99580 99204 6239 4895 92965 83818 75269
internal_count=99580 99204 6239 4895 92965 83818 75269
is_linear=0
shrinkage=0.03


Tree=152
num_leaves=15
num_cat=0
split_feature=0 0 4 2 0 4 4 2 2 2 4 2 0 0
split_gain=0.14926 0.0967954 0.107516 0.101606 0.120998 0.0361139 0.0295036 0.0223446 0.0140276 0.0116081 0.00659644 0.00504464 0.00365434 0.00186273
threshold=0.96202647802419972 0.016563644632697109 0.034860468567871068 0.70949527351466812 0.080185010097920909 1.690495541550874e-06 0.81379534278845145 0.73073675821169848 0.71702660750274794 0.99899322516675126 0.73740429217503867 0.65521994240538861 0.90288466215133678 0.94338241079822194
decision_type=2 2 2 2 2 2 2 2 2 2 2 2 2 2
left_child=1 2 8 10 -5 -6 9 11 -1 -7 13 -4 -11 -3
right_child=-2 3 7 4 5 6 -8 -9 -10 12 -12 -13 -14 -15
leaf_value=-0.0003566733097157827 0.00028516751490617641 -5.9328448010383876e-05 -0.00017320260521271812 -2.105252224258166e-05 8.8866951654146151e-06 4.2597702031952576e-05 0.00013600387088814436 -5.9328448010383876e-05 -0.00020849411836901998 6.667635487968942e-05 -2.105252224258166e-05 -0.00011883822460637503 9.0755007727426264e-05 -4.0190485126482768e-05
leaf_weight=1229 1532 22731 358 11830 2794 49670 217 1640 1092 295 684 3517 1189 744
leaf_count=1229 1532 22731 358 11830 2794 49670 217 1640 1092 295 684 3517 1189 744
internal_value=-8.56463e-06 -1.31598e-05 -0.000114288 -4.36873e-06 1.49009e-05 3.88259e-05 4.86082e-05 -5.93284e-05 -0.000287077 4.55061e-05 -5.7006e-05 -0.000134429 9.0755e-05 -5.93284e-05
internal_weight=99522 97990 7836 90154 65995 54165 51371 5515 2321 51154 24159 3875 1484 23475
internal_count=99522 97990 7836 90154 65995 54165 51371 5515 2321 51154 24159 3875 1484 23475
is_linear=0
shrinkage=0.03


Tree=153
num_leaves=12
num_cat=0
split_feature=1 0 2 2 0 0 4 0 0 4 4
split_gain=0.094074 0.183211 0.0570833 0.0450136 0.0162945 0.0131293 0.0113716 0.016887 0.00180804 0.0285124 0.0227037
threshold=0.8500000000000002 0.83710336359217774 0.72385923423582088 0.99176734511934739 0.77252978645265113 0.96202647802419972 0.4370024334629648 0.8626280650496484 0.91736582666635524 4.5953200775272769e-05 0.092160578299673737
decision_type=2 2 2 2 2 2 2 2 2 2 2
left_child=3 -2 -3 5 -5 8 -4 -8 9 -1 -10
right_child=1 2 6 4 -6 -7 7 -9 10 -11 -12
leaf_value=-3.3823731841892857e-05 7.5321695539259711e-05 0.00020029330246428164 0.000295198547080678 4.2862827984564379e-05 7.5321695539259711e-05 4.2862827984564379e-05 0.00035712075637737745 0.0004649590442685106 1.3323755244493185e-05 1.3323755244493185e-05 2.55537839261396e-05
leaf_weight=13098 3241 273 453 431 3170 986 207 2067 1859 65224 8589
leaf_count=13098 3241 273 453 431 3170 986 207 2067 1859 65224 8589
internal_value=2.27132e-05 0.000135469 0.000325265 1.51739e-05 7.53217e-05 1.0404e-05 0.000390104 0.000419043 8.24474e-06 6.68082e-06 1.99667e-05
internal_weight=99598 6241 3000 93357 3601 89756 2727 2274 88770 78322 10448
internal_count=99598 6241 3000 93357 3601 89756 2727 2274 88770 78322 10448
is_linear=0
shrinkage=0.03


Tree=154
num_leaves=13
num_cat=0
split_feature=0 1 0 4 0 0 4 4 0 7 7 0
split_gain=0.109159 0.0953713 0.0718172 0.0331082 0.0523388 0.0141276 0.00937697 0.00192315 0.00160786 0.00653138 0.00307913 0.000818016
threshold=0.96202647802419972 0.8500000000000002 0.1154138781130314 4.5953200775272769e-05 0.67293749190866958 0.023788626305758957 0.81379534278845145 0.013673122611047141 0.95125790871679794 1.2424533248940004 2.524928003624769 0.00409635715186596
decision_type=2 2 2 2 2 2 2 2 2 2 2 2
left_child=1 3 -3 4 11 7 8 -5 10 -10 -7 -1
right_child=-2 2 -4 5 -6 6 -8 -9 9 -11 -12 -13
leaf_value=-0.00014670136233904508 0.00024115990351408968 4.2725791822084153e-05 0.00011488573412694129 -3.6204154181975802e-05 -3.6204154181975802e-05 -1.047909978506208e-05 4.2725791822084153e-05 -2.1337475759592498e-05 2.9581962300112355e-06 1.7457690760582074e-05 2.9581962300112355e-06 -0.00010643725875185046
leaf_weight=482 1564 402 5603 619 3397 65341 300 7993 1363 1386 524 10289
leaf_count=482 1564 402 5603 619 3397 65341 300 7993 1363 1386 524 10289
internal_value=-7.40686e-06 -1.13884e-05 0.000104426 -1.89741e-05 -6.11409e-05 -1.12674e-05 -6.4708e-06 -3.62042e-05 -7.81041e-06 1.46651e-05 -8.74868e-06 -0.000108253
internal_weight=99263 97699 6005 91694 14168 77526 68914 8612 68614 2749 65865 10771
internal_count=99263 97699 6005 91694 14168 77526 68914 8612 68614 2749 65865 10771
is_linear=0
shrinkage=0.03


Tree=155
num_leaves=6
num_cat=0
split_feature=0 1 0 2 2
split_gain=0.0435006 0.0334316 0.0640683 0.0344502 0.010905
threshold=0.96202647802419972 0.8500000000000002 0.19385240972042087 0.94569006162006952 0.72385923423582088
decision_type=2 2 2 2 2
left_child=1 3 -3 -1 -2
right_child=4 2 -4 -5 -6
leaf_value=-1.2789812014492309e-05 7.8749842428988358e-05 3.0224040291682104e-05 7.8749842428988358e-05 3.0224040291682104e-05 0.00020097056485812774
leaf_weight=82146 216 563 5499 9304 1322
leaf_count=82146 216 563 5499 9304 1322
internal_value=8.72685e-07 -1.62494e-06 6.65959e-05 -6.14781e-06 0.000159125
internal_weight=99050 97512 6062 91450 1538
internal_count=99050 97512 6062 91450 1538
is_linear=0
shrinkage=0.03


Tree=156
num_leaves=10
num_cat=0
split_feature=0 4 4 0 0 4 7 4 4
split_gain=0.047115 0.227827 0.0190432 0.0529577 0.0204387 0.0444559 0.013208 0.0201951 0.00504779
threshold=0.95125790871679794 0.066874186587333864 4.5953200775272769e-05 0.9073277353309096 0.0065176617354154595 3.3837052484386736e-06 1.7005986908310777 0.29545375798265439 0.81379534278845145
decision_type=2 2 2 2 2 2 2 2 2
left_child=2 -2 3 4 -1 -6 8 -8 -4
right_child=1 -3 6 -5 5 -7 7 -9 -10
leaf_value=-0.00023482836771560088 3.8260875640009506e-05 0.00026268127082458521 -7.9460038050918564e-06 -2.2069967982709164e-05 -0.00013491436005577312 -5.3888716689830004e-05 1.5845879173204336e-05 3.8260875640009506e-05 1.5845879173204336e-05
leaf_weight=777 760 4292 74000 1004 7023 5211 200 5761 328
leaf_count=777 760 4292 74000 1004 7023 5211 200 5761 328
internal_value=-3.97155e-06 8.52752e-05 -8.75348e-06 -4.10191e-05 -8.57075e-05 -7.62182e-05 -3.12086e-06 3.82609e-05 -6.56912e-06
internal_weight=99356 5052 94304 14015 13011 12234 80289 5961 74328
internal_count=99356 5052 94304 14015 13011 12234 80289 5961 74328
is_linear=0
shrinkage=0.03


Tree=157
num_leaves=15
num_cat=0
split_feature=0 4 0 7 2 0 0 4 2 4 0 2 0 0
split_gain=0.0629519 0.118915 0.174538 0.0496428 0.04848 0.0337975 0.0275856 0.0977399 0.0215534 0.0205158 0.0108634 0.00736477 0.012312 0.00827728
threshold=0.89460386149585258 0.079077261733014007 0.95125790871679794 2.3502401828962087 0.72404055242268461 0.069158812984824194 0.00409635715186596 0.56288995568814937 0.72385923423582088 0.058250599528949128 0.95387771166861068 0.71702660750274794 0.012440915219485761 0.082246411591768279
decision_type=2 2 2 2 2 2 2 2 2 2 2 2 2 2
left_child=4 -2 3 -3 6 -6 7 9 -4 -1 -10 12 -8 -13
right_child=1 2 8 -5 5 -7 11 -9 10 -11 -12 13 -14 -15
leaf_value=-0.00055281781410246018 8.727704725310593e-06 4.9580855153326565e-05 0.00015472917341509664 0.00015472917341509664 -1.8239737391683284e-05 8.727704725310593e-06 -0.00010352649979149381 -0.00010352649979149381 0.00022181130472591454 -0.00028374843939368404 0.00031313375244241913 -3.1517023122846279e-05 -3.9680463662246055e-05 -1.8239737391683284e-05
leaf_weight=466 2691 13533 564 942 7983 27752 2000 430 523 572 3171 4245 28699 6096
leaf_count=466 2691 13533 564 942 7983 27752 2000 430 523 572 3171 4245 28699 6096
internal_value=-7.81572e-06 3.77472e-05 9.0434e-05 4.95809e-05 -2.02918e-05 5.46361e-06 -4.19431e-05 -0.000169683 0.000259877 -0.00040496 0.000288893 -3.73698e-05 -4.47943e-05 -1.82397e-05
internal_weight=99667 21424 18733 14475 78243 35735 42508 1468 4258 1038 3694 41040 30699 10341
internal_count=99667 21424 18733 14475 78243 35735 42508 1468 4258 1038 3694 41040 30699 10341
is_linear=0
shrinkage=0.03


Tree=158
num_leaves=4
num_cat=0
split_feature=0 4 1
split_gain=0.0727326 0.0189687 0.0181717
threshold=0.96202647802419972 0.81379534278845145 0.8500000000000002
decision_type=2 2 2
left_child=1 2 -1
right_child=-2 -3 -4
leaf_value=8.789211421837594e-08 0.00021112874478312871 0.00010779580846959709 5.3673510388111765e-05
leaf_weight=91434 1556 367 6073
leaf_count=91434 1556 367 6073
internal_value=7.69912e-06 4.46287e-06 3.42587e-06
internal_weight=99430 97874 97507
internal_count=99430 97874 97507
is_linear=0
shrinkage=0.03


Tree=159
num_leaves=9
num_cat=0
split_feature=7 1 2 0 7 2 0 0
split_gain=0.12973 0.12139 0.0801145 0.016213 0.0137262 0.0106296 0.0248571 0.0106178
threshold=1.2424533248940004 0.52500000000000013 0.87314886671764558 0.94338241079822194 2.9700856263602158 0.71702660750274794 0.082246411591768279 0.069158812984824194
decision_type=2 2 2 2 2 2 2 2
left_child=2 -2 3 5 7 -1 -7 -3
right_child=1 4 -4 -5 -6 6 -8 -9
leaf_value=-3.2915894035591862e-05 3.7204901297722577e-05 8.3418936262844644e-05 3.7204901297722577e-05 1.0053425524643257e-05 0.00033808654934650153 -2.1219740314312475e-05 -5.5600622994302945e-06 0.00013304272079565124
leaf_weight=34828 3275 460 6199 2777 279 11557 23549 16347
leaf_count=34828 3275 460 6199 2777 279 11557 23549 16347
internal_value=1.21591e-05 7.96716e-05 -5.26177e-06 -1.70981e-05 0.000129633 -2.11736e-05 -9.52359e-06 0.000126153
internal_weight=99271 20361 78910 72711 17086 69934 35106 16807
internal_count=99271 20361 78910 72711 17086 69934 35106 16807
is_linear=0
shrinkage=0.03


Tree=160
num_leaves=7
num_cat=0
split_feature=7 4 7 2 2 2
split_gain=0.0404549 0.0230457 0.0218234 0.0253551 0.000398598 0.000167707
threshold=2.9174053685313028 0.81379534278845145 1.2424533248940004 0.87707348143536379 0.99716559143045824 0.81774838450966525
decision_type=2 2 2 2 2 2
left_child=1 2 3 -1 5 -4
right_child=-2 -3 4 -5 -6 -7
leaf_value=-1.0016733787120413e-05 0.0003338520846688147 0.00016971051287229623 1.9797449532917482e-05 1.5009895538632205e-05 4.3951837947004142e-05 3.1721620613347473e-05
leaf_weight=74933 338 361 1141 3714 2420 16548
leaf_count=74933 338 361 1141 3714 2420 16548
internal_value=6.68796e-06 5.56894e-06 4.63097e-06 -2.50021e-06 3.252e-05 3.09536e-05
internal_weight=99455 99117 98756 78647 20109 17689
internal_count=99455 99117 98756 78647 20109 17689
is_linear=0
shrinkage=0.03


Tree=161
num_leaves=8
num_cat=0
split_feature=0 4 0 4 0 4 0
split_gain=0.0407509 0.0181183 0.00676931 0.0035744 0.0804619 0.00243291 0.00216828
threshold=0.023788626305758957 0.74161051773683095 0.96202647802419972 0.034860468567871068 0.0065176617354154595 0.81379534278845145 0.018253182061016563
decision_type=2 2 2 2 2 2 2
left_child=1 3 5 4 -1 -2 -5
right_child=2 -3 -4 6 -6 -7 -8
leaf_value=-0.00034652859160053448 1.5184498629701298e-05 -1.3440326219994834e-05 7.805585134240602e-05 -6.1585582609077749e-05 -6.9352588286961038e-05 4.6850902167772711e-05 -3.8040462813753821e-05
leaf_weight=957 86287 324 1592 5792 2535 320 1726
leaf_count=957 86287 324 1592 5792 2535 320 1726
internal_value=9.89199e-06 -4.3654e-05 1.67733e-05 -6.26406e-05 -8.77269e-05 1.5646e-05 -5.09783e-05
internal_weight=99533 11334 88199 11010 3492 86607 7518
internal_count=99533 11334 88199 11010 3492 86607 7518
is_linear=0
shrinkage=0.03


Tree=162
num_leaves=11
num_cat=0
split_feature=0 2 0 0 1 4 2 4 4 2
split_gain=0.0432562 0.0331319 0.123227 0.0377632 0.132018 0.0736802 0.0201461 0.00614478 6.49538e-05 4.25108e-05
threshold=0.96202647802419972 0.70949527351466812 0.080185010097920909 0.88678163150325429 0.52500000000000013 0.22732436193573105 0.72385923423582088 0.74161051773683095 0.72234337440482943 0.99683172209105464
decision_type=2 2 2 2 2 2 2 2 2 2
left_child=1 7 -3 4 -4 -5 -2 8 -1 -8
right_child=6 2 3 5 -6 -7 9 -9 -10 -11
leaf_value=-4.5293001237501287e-05 6.8958443884732816e-05 -2.0541813981738094e-05 4.6734823806523274e-06 3.9203520072212167e-05 3.9203520072212167e-05 6.8958443884732816e-05 0.00020991020996778207 -2.0541813981738094e-05 -3.2990966600095254e-05 0.00022719132321176498
leaf_weight=25815 214 16520 15419 2277 21166 15386 886 683 405 416
leaf_count=25815 214 16520 15419 2277 21166 15386 886 683 405 416
internal_value=-9.29056e-06 -1.17595e-05 -9.8614e-07 2.98888e-05 1.24963e-05 6.59108e-05 0.000149676 -4.00975e-05 -4.51042e-05 0.000215602
internal_weight=99187 97671 70768 54248 36585 17663 1516 26903 26220 1302
internal_count=99187 97671 70768 54248 36585 17663 1516 26903 26220 1302
is_linear=0
shrinkage=0.03


Tree=163
num_leaves=9
num_cat=0
split_feature=4 4 1 2 2 4 2 4
split_gain=0.0674163 0.0245962 0.0529773 0.0821635 0.00661178 0.0159629 0.00648773 0.000184285
threshold=0.81379534278845145 5.415744872117046e-05 0.52500000000000013 0.71676940635557951 0.71702660750274794 1.3184185037484754e-05 0.8649207029794278 1.690495541550874e-06
decision_type=2 2 2 2 2 2 2 2
left_child=1 4 -3 -4 5 -1 -5 -6
right_child=-2 2 3 6 7 -7 -8 -9
leaf_value=-8.5815901536143255e-05 0.00041824159913503837 -8.9809128219958275e-06 1.2466436155677432e-05 4.8533869615815519e-05 -1.569713353327796e-05 -2.924968135021674e-05 7.371846654189694e-05 -8.9809128219958275e-06
leaf_weight=5456 357 38101 8657 16231 3680 2164 21300 3381
leaf_count=5456 357 38101 8657 16231 3680 2164 21300 3381
internal_value=7.30181e-06 5.81528e-06 1.20569e-05 3.39138e-05 -3.00188e-05 -4.93972e-05 6.28285e-05 -9.10219e-06
internal_weight=99327 98970 84289 46188 14681 7620 37531 7061
internal_count=99327 98970 84289 46188 14681 7620 37531 7061
is_linear=0
shrinkage=0.03


Tree=164
num_leaves=6
num_cat=0
split_feature=7 0 7 0 0
split_gain=0.0467392 0.0154761 0.0177423 0.00472905 0.00279771
threshold=2.8617925509761908 0.96319668320938956 2.524928003624769 0.017301805317401889 0.95125790871679794
decision_type=2 2 2 2 2
left_child=1 2 3 -1 -5
right_child=-2 -3 -4 4 -6
leaf_value=-3.1011364216867574e-05 0.00031142785673421859 0.00010553504784223802 4.8906201708982412e-05 -8.4225566126126295e-06 1.8860457093297033e-05
leaf_weight=8306 417 1097 743 85560 3521
leaf_count=8306 417 1097 743 85560 3521
internal_value=-5.136e-06 -6.46948e-06 -7.72264e-06 -9.36283e-06 -7.34397e-06
internal_weight=99644 99227 98130 97387 89081
internal_count=99644 99227 98130 97387 89081
is_linear=0
shrinkage=0.03


Tree=165
num_leaves=5
num_cat=0
split_feature=0 4 2 0
split_gain=0.14641 0.0398393 0.0180691 7.96705e-05
threshold=0.96202647802419972 5.415744872117046e-05 0.70949527351466812 0.96319668320938956
decision_type=2 2 2 2
left_child=1 -1 -3 -2
right_child=3 2 -4 -5
leaf_value=-5.3156045929622014e-05 0.00027030051263901946 -2.3228751525984566e-05 8.7128635823933946e-06 0.00029344408880240973
leaf_weight=14655 384 21473 61840 1149
leaf_count=14655 384 21473 61840 1149
internal_value=-2.9902e-06 -7.54378e-06 4.80087e-07 0.000287827
internal_weight=99501 97968 83313 1533
internal_count=99501 97968 83313 1533
is_linear=0
shrinkage=0.03


Tree=166
num_leaves=5
num_cat=0
split_feature=0 7 2 0
split_gain=0.199587 0.0394097 0.0402696 2.74389e-05
threshold=0.96202647802419972 2.602003343538398 0.99955416747700321 0.88870131224393856
decision_type=2 2 2 2
left_child=1 3 -3 -1
right_child=-2 2 -4 -5
leaf_value=-2.2646423926181498e-05 0.00032106763100735983 6.391550655488853e-05 0.00015021515457905681 -2.1394547120871485e-05
leaf_weight=76668 1562 214 564 20342
leaf_count=76668 1562 214 564 20342
internal_value=-1.52618e-05 -2.06373e-05 0.000150215 -2.23841e-05
internal_weight=99350 97788 778 97010
internal_count=99350 97788 778 97010
is_linear=0
shrinkage=0.03


Tree=167
num_leaves=6
num_cat=0
split_feature=4 0 7 7 4
split_gain=0.0520052 0.0220234 0.0245526 0.00478006 0.00451523
threshold=0.81379534278845145 0.96202647802419972 2.602003343538398 2.0126758453675748 6.6684448695397705e-05
decision_type=2 2 2 2 2
left_child=1 2 4 -3 -1
right_child=-2 3 -4 -5 -6
leaf_value=-4.4829676330520885e-05 0.00033747930292908645 4.9502408715582911e-05 2.9291739959175315e-05 0.00015585616286278761 -2.6963808161640313e-05
leaf_weight=15085 355 1051 780 506 81681
leaf_count=15085 355 1051 780 506 81681
internal_value=-2.4467e-05 -2.5767e-05 -2.7554e-05 8.61375e-05 -2.97494e-05
internal_weight=99458 99103 97546 1557 96766
internal_count=99458 99103 97546 1557 96766
is_linear=0
shrinkage=0.03


Tree=168
num_leaves=6
num_cat=0
split_feature=0 7 0 7 7
split_gain=0.0203156 0.00729728 0.00227824 0.0143272 0.00113579
threshold=0.95125790871679794 2.524928003624769 0.96202647802419972 1.2424533248940004 2.0126758453675748
decision_type=2 2 2 2 2
left_child=1 -1 3 -2 -4
right_child=2 -3 4 -5 -6
leaf_value=-2.2759524061056771e-05 9.2776414043839505e-06 9.2776414043839505e-06 5.2423478529616136e-05 4.8728975264005796e-05 0.00010741692394763507
leaf_weight=93974 1717 652 1028 1818 506
leaf_count=93974 1717 652 1028 1818 506
internal_value=-1.84083e-05 -2.15428e-05 4.00981e-05 2.68364e-05 7.06216e-05
internal_weight=99695 94626 5069 3535 1534
internal_count=99695 94626 5069 3535 1534
is_linear=0
shrinkage=0.03


Tree=169
num_leaves=11
num_cat=0
split_feature=0 1 0 4 0 4 4 0 1 0
split_gain=0.0500047 0.0324896 0.071795 0.00816519 0.00499547 0.0131615 0.00279624 0.0366743 0.000287533 0.000225247
threshold=0.96202647802419972 0.8500000000000002 0.83710336359217774 0.81379534278845145 0.95125790871679794 0.066874186587333864 3.3837052484386736e-06 0.52400578558444988 0.77500000000000013 0.0032940637320280079
decision_type=2 2 2 2 2 2 2 2 2 2
left_child=1 3 -3 4 6 -6 7 9 -2 -1
right_child=8 2 -4 -5 5 -7 -8 -9 -10 -11
leaf_value=-0.00012270480898193649 0.00016299835745561724 2.8966782322031399e-05 8.3007503466797224e-05 2.8966782322031399e-05 4.9804911114939924e-07 1.0528430931048258e-05 -7.8616278952953209e-06 -1.7196432368208971e-05 0.00020329654126157386 -9.2612487861004159e-05
leaf_weight=243 1368 3288 2824 318 635 2422 80690 2204 202 5482
leaf_count=243 1368 3288 2824 318 635 2422 80690 2204 202 5482
internal_value=3.94527e-07 -2.29432e-06 6.46781e-05 -6.74456e-06 -7.90992e-06 1.05284e-05 -9.53233e-06 -2.65312e-05 0.000168309 -9.3911e-05
internal_weight=99676 98106 6112 91994 91676 3057 88619 7929 1570 5725
internal_count=99676 98106 6112 91994 91676 3057 88619 7929 1570 5725
is_linear=0
shrinkage=0.03


Tree=170
num_leaves=4
num_cat=0
split_feature=4 7 4
split_gain=0.0345155 0.0308142 0.0103637
threshold=0.81379534278845145 2.8617925509761908 3.3837052484386736e-06
decision_type=2 2 2
left_child=1 2 -1
right_child=-2 -3 -4
leaf_value=-2.4391272171476739e-05 0.00030911801676292811 0.00015904023599814509 1.0651267445575099e-05
leaf_weight=8290 345 421 90578
leaf_count=8290 345 421 90578
internal_value=1.00049e-05 8.96246e-06 7.71276e-06
internal_weight=99634 99289 98868
internal_count=99634 99289 98868
is_linear=0
shrinkage=0.03


Tree=171
num_leaves=3
num_cat=0
split_feature=4 4
split_gain=0.0248644 4.87163e-05
threshold=0.81379534278845145 1.3184185037484754e-05
decision_type=2 2
left_child=1 -1
right_child=-2 -3
leaf_value=-2.5285634616919351e-05 0.00022044840649450346 -2.3100897475655613e-05
leaf_weight=10386 377 88854
leaf_count=10386 377 88854
internal_value=-2.2405e-05 -2.33298e-05
internal_weight=99617 99240
internal_count=99617 99240
is_linear=0
shrinkage=0.03


Tree=172
num_leaves=6
num_cat=0
split_feature=0 1 0 4 0
split_gain=0.0708789 0.0440396 0.0858565 0.0127682 0.00621601
threshold=0.96202647802419972 0.8500000000000002 0.82983021019026648 0.81379534278845145 0.88870131224393856
decision_type=2 2 2 2 2
left_child=1 3 -3 4 -1
right_child=-2 2 -4 -5 -6
leaf_value=-8.8113993874003802e-06 0.00020647377237059848 3.8477655835121905e-05 0.0001041751870217553 3.8477655835121905e-05 1.0549742495625611e-05
leaf_weight=72766 1547 3191 2863 346 18774
leaf_count=72766 1547 3191 2863 346 18774
internal_value=5.06008e-06 1.8766e-06 8.02428e-05 -3.28745e-06 -4.84054e-06
internal_weight=99487 97940 6054 91886 91540
internal_count=99487 97940 6054 91886 91540
is_linear=0
shrinkage=0.03


Tree=173
num_leaves=11
num_cat=0
split_feature=7 0 0 4 4 1 0 1 1 0
split_gain=0.0364946 0.033226 0.0185901 0.0104993 0.00791159 0.0134507 0.00538675 0.00763365 0.000156082 1.80636e-05
threshold=2.249904835165133 0.88268314348533761 0.96202647802419972 0.81379534278845145 0.45167678514917503 0.8500000000000002 0.014963782392442228 0.8500000000000002 0.52500000000000013 0.0024145897477865223
decision_type=2 2 2 2 2 2 2 2 2 2
left_child=2 -2 3 6 -3 -6 9 8 -8 -1
right_child=1 4 -4 -5 5 -7 7 -9 -10 -11
leaf_value=-1.8127901210981371e-05 7.233751026415887e-05 0.00013817055397375287 7.233751026415887e-05 4.2266434597596746e-05 0.00018652394346065448 0.0003721412852318563 8.1672563043780795e-06 2.6403840087983795e-05 1.0773181475757385e-05 -1.4037668066997027e-05
leaf_weight=1183 265 274 1160 335 1473 463 42318 5558 40515 5849
leaf_count=1183 265 274 1160 335 1473 463 42318 5558 40515 5849
internal_value=1.69242e-05 0.000130656 1.40185e-05 1.21954e-05 0.000204004 0.000231084 1.05412e-05 1.25517e-05 9.44197e-06 -1.47283e-05
internal_weight=99393 2475 96918 95758 2210 1936 95423 88391 82833 7032
internal_count=99393 2475 96918 95758 2210 1936 95423 88391 82833 7032
is_linear=0
shrinkage=0.03


Tree=174
num_leaves=12
num_cat=0
split_feature=0 2 7 0 2 4 2 4 0 2 4
split_gain=0.0291002 0.0242598 0.0359679 0.0176188 0.0159623 0.00992375 0.00437765 0.00403568 0.00121616 0.00635082 0.00157925
threshold=0.96202647802419972 0.97857930575000196 1.7005986908310777 0.035358966328203685 0.87314886671764558 0.78232367005773551 0.72385923423582088 8.2079964549564028e-06 0.02457343973219395 0.72385923423582088 0.74161051773683095
decision_type=2 2 2 2 2 2 2 2 2 2 2
left_child=1 3 -3 8 5 -5 -2 -6 10 -10 -1
right_child=6 2 -4 4 7 -7 -8 -9 9 -11 -12
leaf_value=-4.7390710264411791e-05 6.1035807515646609e-05 2.1898272983534831e-05 6.1035807515646609e-05 -1.3198606757649988e-05 6.4847498079403335e-06 6.4847498079403335e-06 0.00014946648567802252 2.1898272983534831e-05 -3.2466685633846339e-05 -1.9776623870598694e-05 -3.2466685633846339e-05
leaf_weight=11315 208 1448 5009 60689 242 688 1354 13983 1899 1965 308
leaf_count=11315 208 1448 5009 60689 242 688 1354 13983 1899 1965 308
internal_value=-2.1462e-06 -4.20389e-06 5.19839e-05 -8.18738e-06 -2.21556e-06 -8.92877e-06 0.000126276 2.18983e-05 -3.73377e-05 -2.27477e-05 -4.21857e-05
internal_weight=99108 97546 6457 91089 75602 61377 1562 14225 15487 3864 11623
internal_count=99108 97546 6457 91089 75602 61377 1562 14225 15487 3864 11623
is_linear=0
shrinkage=0.03


Tree=175
num_leaves=6
num_cat=0
split_feature=4 1 2 2 2
split_gain=0.0204391 0.0211589 0.0358973 0.00332029 0.0019991
threshold=0.81379534278845145 0.8500000000000002 0.73073675821169848 0.97932899620196434 0.99896760489058267
decision_type=2 2 2 2 2
left_child=1 3 -3 -1 -4
right_child=-2 2 4 -5 -6
leaf_value=-2.3595608277762026e-05 0.00020633841617262525 6.2465734219003135e-06 7.3913749248916946e-05 5.0587044088433122e-07 9.3883957379818132e-05
leaf_weight=87409 364 1364 4536 5466 391
leaf_count=87409 364 1364 4536 5466 391
internal_value=-1.77459e-05 -1.85705e-05 3.46703e-05 -2.21772e-05 9.33526e-05
internal_weight=99530 99166 6291 92875 4927
internal_count=99530 99166 6291 92875 4927
is_linear=0
shrinkage=0.03


Tree=176
num_leaves=6
num_cat=0
split_feature=0 2 0 1 1
split_gain=0.086766 0.0256903 0.0033605 0.115513 0.0358527
threshold=0.96202647802419972 0.72385923423582088 0.89813163364306103 0.52500000000000013 0.8500000000000002
decision_type=2 2 2 2 2
left_child=2 -2 3 -1 -4
right_child=1 -3 4 -5 -6
leaf_value=-3.7932342913076293e-05 0.0001216605973047678 0.00030133734010163467 1.3196709395511404e-05 1.3196709395511404e-05 0.0001216605973047678
leaf_weight=41255 229 1330 17048 37574 1980
leaf_count=41255 229 1330 17048 37574 1980
internal_value=1.24436e-05 0.000234416 8.90487e-06 6.17334e-06 2.02201e-05
internal_weight=99416 1559 97857 78829 19028
internal_count=99416 1559 97857 78829 19028
is_linear=0
shrinkage=0.03


Tree=177
num_leaves=2
num_cat=0
split_feature=1
split_gain=0.00257734
threshold=0.8500000000000002
decision_type=2
left_child=-1
right_child=-2
leaf_value=1.6278072118688922e-05 3.6185161466037887e-05
leaf_weight=93288 6245
leaf_count=93288 6245
internal_value=1.75275e-05
internal_weight=99533
internal_count=99533
is_linear=0
shrinkage=0.03


Tree=178
num_leaves=15
num_cat=0
split_feature=4 1 0 0 4 4 0 0 0 0 4 0 0 0
split_gain=0.173825 0.0999828 0.199854 0.0413407 0.102196 0.0624336 0.0186279 0.0149106 0.00781903 0.00460707 0.00130143 0.0126483 0.00880006 0.000205856
threshold=0.81379534278845145 0.8500000000000002 0.82983021019026648 0.91736582666635524 0.079077261733014007 5.415744872117046e-05 0.023788626305758957 0.67293749190866958 0.95886729867197584 0.021355902776122097 0.44882355350373465 0.90126043371856224 0.92172623891383421 0.91131720039993536
decision_type=2 2 2 2 2 2 2 2 2 2 2 2 2 2
left_child=1 3 -3 5 -5 7 -7 9 10 -1 12 -12 -4 -8
right_child=-2 2 8 4 -6 6 13 -9 -10 -11 11 -13 -14 -15
leaf_value=-0.00013223875965917168 0.00065175370222646484 4.9708842233947101e-05 0.00017841844816587768 8.147987480561051e-06 4.9708842233947101e-05 -4.3711483833620286e-05 -2.3368414291086197e-06 -4.3711483833620286e-05 0.00032381056006478698 -8.5672377584504139e-05 0.00025604050244945376 0.00029686497724925497 0.00025604050244945376 8.147987480561051e-06
leaf_weight=2464 364 3235 393 1950 11552 8489 55865 2358 323 8610 709 1417 234 1566
leaf_count=2464 364 3235 393 1950 11552 8489 55865 2358 323 8610 709 1417 234 1566
internal_value=-1.72733e-06 -4.13258e-06 0.000111404 -1.19864e-05 3.65395e-05 -2.02436e-05 -8.23111e-06 -7.91919e-05 0.000307128 -9.60445e-05 0.000269919 0.000281368 0.000230713 -2.03568e-06
internal_weight=99529 99165 6311 92854 13502 79352 65920 13432 3076 11074 2753 2126 627 57431
internal_count=99529 99165 6311 92854 13502 79352 65920 13432 3076 11074 2753 2126 627 57431
is_linear=0
shrinkage=0.03


Tree=179
num_leaves=8
num_cat=0
split_feature=0 4 7 0 4 4 4
split_gain=0.0751093 0.0186476 0.0139353 0.0568464 0.0103985 0.00183214 0.000178233
threshold=0.96202647802419972 0.81379534278845145 1.8688348091416842 0.81013876199722301 3.3837052484386736e-06 0.3619923035897728 0.78232367005773551
decision_type=2 2 2 2 2 2 2
left_child=1 2 4 -4 -1 -2 -6
right_child=5 -3 3 -5 6 -7 -8
leaf_value=-2.6073915592375662e-05 0.00013789338896250615 0.00011561266853024695 3.200366990435814e-05 6.2140091833530077e-05 9.0746167206499987e-06 0.0002347022800269604 2.4499607133774964e-05
leaf_weight=8254 209 357 740 4166 84052 1319 679
leaf_count=8254 209 357 740 4166 84052 1319 679
internal_value=1.29129e-05 9.66574e-06 8.66752e-06 5.79401e-05 6.06724e-06 0.00022156 9.19851e-06
internal_weight=99776 98248 97891 4906 92985 1528 84731
internal_count=99776 98248 97891 4906 92985 1528 84731
is_linear=0
shrinkage=0.03


Tree=180
num_leaves=13
num_cat=0
split_feature=0 4 4 0 2 0 4 0 2 7 4 2
split_gain=0.0841543 0.17227 0.0431138 0.0491586 0.0351588 0.0260243 0.00991588 0.00504414 0.00159701 0.00126233 0.00122964 1.07895e-08
threshold=0.91736582666635524 0.066874186587333864 0.0011528772282501378 0.030786348506808284 0.72385923423582088 0.53334370721131574 0.22732436193573105 0.014073108322918417 0.99229607785163754 0.89587973461402759 0.81379534278845145 0.94758421325152764
decision_type=2 2 2 2 2 2 2 2 2 2 2 2
left_child=2 -2 5 -4 9 7 -6 -1 10 -3 -5 -8
right_child=1 4 3 8 6 -7 11 -9 -10 -11 -12 -13
leaf_value=-0.00013230557232722019 2.8793782276686893e-05 8.6623421565815948e-05 -2.8475471830066064e-05 1.0795487189926638e-05 0.00012860456503396701 -2.8475471830066064e-05 0.00017840158953279483 -7.6416423371041155e-05 2.8793782276686893e-05 0.00012860456503396701 2.0338313304837759e-05 0.00018191606849551198
leaf_weight=1731 1898 1895 10696 57507 220 3453 5682 9124 1620 585 257 4877
leaf_count=1731 1898 1895 10696 57507 220 3453 5682 9124 1620 585 257 4877
internal_value=2.09744e-06 6.71804e-05 -9.59281e-06 9.65189e-08 0.000144453 -5.70475e-05 0.000170586 -8.53402e-05 1.28576e-05 8.66234e-05 1.18828e-05 0.000180042
internal_weight=99545 15157 84388 70080 13259 14308 10779 10855 59384 2480 57764 10559
internal_count=99545 15157 84388 70080 13259 14308 10779 10855 59384 2480 57764 10559
is_linear=0
shrinkage=0.03


Tree=181
num_leaves=6
num_cat=0
split_feature=1 0 2 0 0
split_gain=0.00692876 0.208604 0.0728978 0.0184108 0.00177675
threshold=0.52500000000000013 0.85984357818961155 0.8649207029794278 0.069158812984824194 0.035358966328203685
decision_type=2 2 2 2 2
left_child=1 4 -2 -4 -1
right_child=2 -3 3 -5 -6
leaf_value=-8.3806643365549709e-05 -2.9681928331953846e-06 -2.9681928331953846e-06 2.5219241141516447e-05 6.5860419751538957e-05 -6.9278390048440523e-05
leaf_weight=10392 29930 9343 1209 20451 28299
leaf_count=10392 29930 9343 1209 20451 28299
internal_value=-2.68565e-06 -1.08848e-05 4.94843e-06 5.34067e-05 -7.31826e-05
internal_weight=99624 48034 51590 21660 38691
internal_count=99624 48034 51590 21660 38691
is_linear=0
shrinkage=0.03


Tree=182
num_leaves=5
num_cat=0
split_feature=0 7 0 0
split_gain=0.0356297 0.00928158 0.00630412 0.000114653
threshold=0.96202647802419972 2.602003343538398 0.92288896720856439 0.92709953710436832
decision_type=2 2 2 2
left_child=1 3 -3 -1
right_child=-2 2 -4 -5
leaf_value=2.283739009978405e-06 0.00015053060186080228 3.9818401912297745e-05 7.7012989269945923e-05 5.7400538990459592e-06
leaf_weight=87801 1505 202 574 9580
leaf_count=87801 1505 202 574 9580
internal_value=5.71725e-06 3.49538e-06 7.7013e-05 2.62381e-06
internal_weight=99662 98157 776 97381
internal_count=99662 98157 776 97381
is_linear=0
shrinkage=0.03


Tree=183
num_leaves=7
num_cat=0
split_feature=1 0 4 0 0 4
split_gain=0.0354409 0.234517 0.0858652 0.0160309 0.00476569 0.0023756
threshold=0.8500000000000002 0.84077325090765964 0.4370024334629648 0.95886729867197584 0.96202647802419972 0.81379534278845145
decision_type=2 2 2 2 2 2
left_child=4 -2 -3 -4 5 -1
right_child=1 2 3 -5 -6 -7
leaf_value=-3.3683038700151109e-06 3.5116150586502497e-05 0.00017127371066558532 0.00037570324357550614 0.00061299397040679414 3.5116150586502497e-05 1.6194208192684969e-05
leaf_weight=91488 3272 535 2131 294 1380 327
leaf_count=91488 3272 535 2131 294 1380 327
internal_value=2.80338e-06 7.20609e-05 0.000307431 0.000404713 -1.82863e-06 -2.72773e-06
internal_weight=99427 6232 2960 2425 93195 91815
internal_count=99427 6232 2960 2425 93195 91815
is_linear=0
shrinkage=0.03


Tree=184
num_leaves=11
num_cat=0
split_feature=0 4 1 0 4 0 1 0 0 0
split_gain=0.0660156 0.0199426 0.0186395 0.0296432 0.0044017 0.0555795 0.0199079 0.0335903 0.00095699 0.000939075
threshold=0.96202647802419972 0.81379534278845145 0.8500000000000002 0.1154138781130314 2.1032243256724484e-05 0.88041245006024849 0.52500000000000013 0.85684610716998588 0.0024145897477865223 0.13707750104367736
decision_type=2 2 2 2 2 2 2 2 2 2
left_child=1 2 4 -4 5 9 7 -6 -8 -1
right_child=-2 -3 3 -5 6 -7 8 -9 -10 -11
leaf_value=-8.1939828138553598e-05 0.00020638285772726586 0.00010724610538579068 3.0388054291379573e-05 5.7128535876835594e-05 -3.7160265150996748e-06 -3.7160265150996748e-06 8.9203478922102967e-06 8.9203478922102967e-06 2.2420225886583346e-05 -6.3552788691435054e-05
leaf_weight=5945 1534 349 428 5605 31569 1335 259 8175 39998 4361
leaf_count=5945 1534 349 428 5605 31569 1335 259 8175 39998 4361
internal_value=1.11664e-05 8.10935e-06 7.01097e-06 5.71285e-05 3.64757e-06 -1.35877e-05 6.15562e-06 -3.71603e-06 2.15567e-05 -7.41662e-05
internal_weight=99558 98024 97675 6033 91642 11641 80001 39744 40257 10306
internal_count=99558 98024 97675 6033 91642 11641 80001 39744 40257 10306
is_linear=0
shrinkage=0.03


Tree=185
num_leaves=11
num_cat=0
split_feature=1 0 2 4 4 0 2 0 0 0
split_gain=0.0674841 0.304303 0.138138 0.0329032 0.0228235 0.00979427 0.00912812 0.0052386 0.00290286 0.00262414
threshold=0.52500000000000013 0.85984357818961155 0.8649207029794278 1.9077318482274567e-05 0.78232367005773551 0.069158812984824194 0.70949527351466812 0.012440915219485761 0.13291094265878203 0.96083729201927792
decision_type=2 2 2 2 2 2 2 2 2 2
left_child=1 4 6 -4 8 -5 -2 -8 -1 -9
right_child=2 -3 3 5 -6 -7 7 9 -10 -11
leaf_value=-9.0551848753345093e-05 1.1879645612377603e-05 1.1879645612377603e-05 5.4129806603249453e-05 8.2372936546824918e-05 -3.2387948362351052e-05 0.00011809479097127306 2.7567209201579835e-05 4.2055556079471461e-05 -7.3943231787461803e-05 5.4129806603249453e-05
leaf_weight=20029 10609 9314 335 1145 589 20349 1006 18039 18055 236
leaf_count=20029 10609 9314 335 1145 589 20349 1006 18039 18055 236
internal_value=1.28042e-05 -1.28184e-05 3.65777e-05 9.638e-05 -7.66555e-05 0.000110616 1.18796e-05 4.32548e-05 -8.26801e-05 5.03194e-05
internal_weight=99706 47987 51719 21829 38673 21494 29890 19281 38084 18275
internal_count=99706 47987 51719 21829 38673 21494 29890 19281 38084 18275
is_linear=0
shrinkage=0.03


Tree=186
num_leaves=11
num_cat=0
split_feature=1 0 0 4 0 4 0 4 0 0
split_gain=0.0183129 0.179977 0.00691036 0.00809345 0.0349854 0.00637692 0.00802689 0.00339093 0.00070532 0.000207098
threshold=0.8500000000000002 0.83710336359217774 0.023788626305758957 0.041755572071097598 0.0065176617354154595 3.3837052484386736e-06 0.87056134548038255 0.81379534278845145 0.02457343973219395 0.012440915219485761
decision_type=2 2 2 2 2 2 2 2 2 2
left_child=2 -2 3 4 -1 6 -4 8 -7 -6
right_child=1 -3 5 -5 9 7 -8 -9 -10 -11
leaf_value=-0.00023268760187032946 1.6702522370884772e-05 0.00025007102339306628 -1.918524943746889e-05 -1.918524943746889e-05 -0.000109617003816645 -1.1334672931782549e-05 -1.1334672931782549e-05 1.6702522370884772e-05 -3.8936643807979343e-06 -4.4494697906154124e-05
leaf_weight=952 3263 3054 5646 7744 783 346 1013 297 74945 1797
leaf_count=952 3263 3054 5646 7744 783 346 1013 297 74945 1797
internal_value=-6.34426e-06 4.30887e-05 -9.68363e-06 -3.17065e-05 -6.98041e-05 -6.66396e-06 -1.91852e-05 -3.4841e-06 -4.50229e-06 -4.44947e-05
internal_weight=99840 6317 93523 11276 3532 82247 6659 75588 75291 2580
internal_count=99840 6317 93523 11276 3532 82247 6659 75588 75291 2580
is_linear=0
shrinkage=0.03


Tree=187
num_leaves=2
num_cat=0
split_feature=1
split_gain=0.0101238
threshold=0.8500000000000002
decision_type=2
left_child=-1
right_child=-2
leaf_value=-8.7013327116615223e-06 3.0768676236646155e-05
leaf_weight=93249 6239
leaf_count=93249 6239
internal_value=-6.22584e-06
internal_weight=99488
internal_count=99488
is_linear=0
shrinkage=0.03


Tree=188
num_leaves=7
num_cat=0
split_feature=4 0 4 0 0 4
split_gain=0.0854134 0.03967 0.00862782 0.0295106 0.0133757 0.000710958
threshold=0.81379534278845145 0.96202647802419972 8.2079964549564028e-06 0.93395699653774511 0.018253182061016563 1.6886436965013466e-05
decision_type=2 2 2 2 2 2
left_child=1 2 3 -1 -4 -6
right_child=-2 -3 4 -5 5 -7
leaf_value=-9.2006528798354971e-05 0.00044667523123440001 0.00013076383640188449 -3.545014893919503e-05 -3.545014893919503e-05 -2.5460988016203499e-05 -1.4984368666080536e-05
leaf_weight=8974 352 1529 7242 362 1526 79466
leaf_count=8974 352 1529 7242 362 1526 79466
internal_value=-1.91533e-05 -2.08125e-05 -2.31891e-05 -5.06135e-05 -2.02868e-05 -1.54718e-05
internal_weight=99451 99099 97570 9336 88234 80992
internal_count=99451 99099 97570 9336 88234 80992
is_linear=0
shrinkage=0.03


Tree=189
num_leaves=4
num_cat=0
split_feature=2 4 4
split_gain=0.0176 0.0127786 0.00234685
threshold=0.99695710213171729 0.43384598990814999 0.81379534278845145
decision_type=2 2 2
left_child=2 -2 -1
right_child=1 -3 -4
leaf_value=-1.7474361074663017e-05 1.9909719211329711e-05 9.7506875127671797e-05 1.9909719211329711e-05
leaf_weight=96331 390 2587 345
leaf_count=96331 390 2587 345
internal_value=-1.49011e-05 5.69331e-05 -1.71137e-05
internal_weight=99653 2977 96676
internal_count=99653 2977 96676
is_linear=0
shrinkage=0.03


Tree=190
num_leaves=7
num_cat=0
split_feature=1 0 0 0 0 0
split_gain=0.0528361 0.0636538 0.0231586 0.00572065 0.000614179 0.000243559
threshold=0.8500000000000002 0.20052726007997992 0.91736582666635524 0.84077325090765964 0.95759151433594536 0.92709953710436832
decision_type=2 2 2 2 2 2
left_child=2 -2 -1 -3 -5 -4
right_child=1 3 5 4 -6 -7
leaf_value=-8.9230968429582665e-06 4.2233215054788295e-05 0.00012172947870479243 2.6216334914271302e-05 0.00017634752146242162 0.00021781061757320382 3.5709434457207697e-05
leaf_weight=79756 551 2760 3198 2563 392 10369
leaf_count=79756 551 2760 3198 2563 392 10369
internal_value=2.90327e-06 8.72257e-05 -2.75927e-06 0.000152878 0.00018192 3.34738e-05
internal_weight=99589 6266 93323 5715 2955 13567
internal_count=99589 6266 93323 5715 2955 13567
is_linear=0
shrinkage=0.03


Tree=191
num_leaves=5
num_cat=0
split_feature=7 0 0 0
split_gain=0.0722495 0.0588652 0.00522977 0.0021656
threshold=2.602003343538398 0.95886729867197584 0.035358966328203685 0.95125790871679794
decision_type=2 2 2 2
left_child=2 -2 -1 -4
right_child=1 -3 3 -5
leaf_value=3.6622936164045431e-06 0.00014898305518876655 0.00061620678142578563 2.1380087799956459e-05 4.2569551159096334e-05
leaf_weight=15681 662 317 78287 4596
leaf_count=15681 662 317 78287 4596
internal_value=2.20985e-05 0.000278416 1.95498e-05 2.25556e-05
internal_weight=99543 979 98564 82883
internal_count=99543 979 98564 82883
is_linear=0
shrinkage=0.03


Tree=192
num_leaves=7
num_cat=0
split_feature=0 0 2 7 4 4
split_gain=0.0135535 0.00573889 0.0433325 0.064155 0.00621141 0.00347917
threshold=0.96202647802419972 0.023788626305758957 0.86520925462774623 0.89587973461402759 0.81379534278845145 0.74161051773683095
decision_type=2 2 2 2 2 2
left_child=1 5 4 -4 -3 -1
right_child=-2 2 3 -5 -6 -7
leaf_value=-2.3568131140539107e-05 9.6146948088240861e-05 -3.1817516745014727e-06 1.8985586479696661e-05 5.0833047954604032e-05 1.8985586479696661e-05 -3.1817516745014727e-06
leaf_weight=11048 1507 60975 811 24691 211 330
leaf_count=11048 1507 60975 811 24691 211 330
internal_value=6.89172e-06 5.51915e-06 8.14841e-06 4.11529e-05 -3.18175e-06 -1.45119e-05
internal_weight=99573 98066 86688 25502 61186 11378
internal_count=99573 98066 86688 25502 61186 11378
is_linear=0
shrinkage=0.03


Tree=193
num_leaves=7
num_cat=0
split_feature=2 7 2 1 7 2
split_gain=0.0299092 0.099215 0.0192296 0.0432488 0.000857265 0.000381966
threshold=0.99899322516675126 2.740319461670996 0.71702660750274794 0.8500000000000002 2.9174053685313028 0.70949527351466812
decision_type=2 2 2 2 2 2
left_child=2 -2 5 -4 -3 -1
right_child=1 4 3 -5 -6 -7
leaf_value=-2.7011307067895301e-05 5.4398372446072549e-05 0.0004278459946690696 -5.9741653748673163e-06 5.4398372446072549e-05 0.00051308348671069129 -1.996568947225471e-05
leaf_weight=27204 1212 261 56173 4923 286 9312
leaf_count=27204 1212 261 56173 4923 286 9312
internal_value=-5.78214e-06 0.000116789 -7.99209e-06 2.3021e-06 0.000473268 -2.52152e-05
internal_weight=99371 1759 97612 61096 547 36516
internal_count=99371 1759 97612 61096 547 36516
is_linear=0
shrinkage=0.03


Tree=194
num_leaves=3
num_cat=0
split_feature=0 0
split_gain=0.00616906 5.35552e-05
threshold=0.023788626305758957 0.012440915219485761
decision_type=2 2
left_child=1 -1
right_child=-2 -3
leaf_value=-3.0849499938943734e-05 -5.3236156635950126e-06 -2.6686593777622091e-05
leaf_weight=5854 88199 5474
leaf_count=5854 88199 5474
internal_value=-8.00052e-06 -2.88404e-05
internal_weight=99527 11328
internal_count=99527 11328
is_linear=0
shrinkage=0.03


Tree=195
num_leaves=5
num_cat=0
split_feature=4 2 0 0
split_gain=0.0212119 0.00317165 0.0517959 0.00385255
threshold=0.81379534278845145 0.99716559143045824 0.81013876199722301 0.96202647802419972
decision_type=2 2 2 2
left_child=1 3 -3 -1
right_child=-2 2 -4 -5
leaf_value=-5.5428150693746164e-06 0.00022787980614334094 1.1886211149965269e-05 0.00011220962193496353 1.1886211149965269e-05
leaf_weight=95352 357 230 2547 1128
leaf_count=95352 357 230 2547 1128
internal_value=-2.6292e-06 -3.46056e-06 2.81429e-05 -4.37049e-06
internal_weight=99614 99257 2777 96480
internal_count=99614 99257 2777 96480
is_linear=0
shrinkage=0.03


Tree=196
num_leaves=6
num_cat=0
split_feature=1 0 0 0 0
split_gain=0.00588421 0.0792184 0.0159405 0.00298241 0.001238
threshold=0.8500000000000002 0.66475874977186333 0.94755735015496623 0.96202647802419972 0.83368690172210347
decision_type=2 2 2 2 2
left_child=3 -2 4 -1 -3
right_child=1 2 -4 -5 -6
leaf_value=1.7003306435468688e-06 1.7772296748393445e-05 9.6535928430967031e-05 0.00027703784615527101 1.7772296748393445e-05 0.00013549283506084897
leaf_weight=92155 2120 1099 735 1356 2299
leaf_count=92155 2120 1099 735 1356 2299
internal_value=4.62804e-06 3.28008e-05 0.000150393 2.74382e-06 0.000122925
internal_weight=99764 6253 4133 93511 3398
internal_count=99764 6253 4133 93511 3398
is_linear=0
shrinkage=0.03


Tree=197
num_leaves=2
num_cat=0
split_feature=0
split_gain=0.0191827
threshold=0.96202647802419972
decision_type=2
left_child=-1
right_child=-2
leaf_value=-2.6839759352849326e-05 7.9732621970409747e-05
leaf_weight=98307 1543
leaf_count=98307 1543
internal_value=-2.51921e-05
internal_weight=99850
internal_count=99850
is_linear=0
shrinkage=0.03


Tree=198
num_leaves=4
num_cat=0
split_feature=4 0 7
split_gain=0.0471882 0.00782984 0.000381102
threshold=0.81379534278845145 0.96202647802419972 2.602003343538398
decision_type=2 2 2
left_child=1 2 -1
right_child=-2 -3 -4
leaf_value=3.0878311359647272e-06 0.00034419560348766484 7.1563598738296538e-05 2.4088802501679235e-05
leaf_weight=96962 368 1533 783
leaf_count=96962 368 1533 783
internal_value=5.57044e-06 4.31178e-06 3.25631e-06
internal_weight=99646 99278 97745
internal_count=99646 99278 97745
is_linear=0
shrinkage=0.03


Tree=199
num_leaves=3
num_cat=0
split_feature=0 0
split_gain=0.0198544 0.00163204
threshold=0.95125790871679794 0.96202647802419972
decision_type=2 2
left_child=-1 -2
right_child=1 -3
leaf_value=-1.8958566386856405e-05 3.0577225263273863e-05 6.7433864838048889e-05
leaf_weight=94487 3511 1564
leaf_count=94487 3511 1564
internal_value=-1.58536e-05 4.19467e-05
internal_weight=99562 5075
internal_count=99562 5075
is_linear=0
shrinkage=0.03


Tree=200
num_leaves=5
num_cat=0
split_feature=0 1 0 1
split_gain=0.020002 0.00309744 0.00103518 0.00266265
threshold=0.95125790871679794 0.8500000000000002 0.96202647802419972 0.8500000000000002
decision_type=2 2 2 2
left_child=1 -1 3 -2
right_child=2 -3 -4 -5
leaf_value=1.1121522046886433e-05 4.7272070376773254e-05 3.4137082785469711e-05 9.4357397625401739e-05 7.9556389749957509e-05
leaf_weight=88671 3042 5594 1537 467
leaf_count=88671 3042 5594 1537 467
internal_value=1.56031e-05 1.24877e-05 7.3789e-05 6.47554e-05
internal_weight=99311 94265 5046 3509
internal_count=99311 94265 5046 3509
is_linear=0
shrinkage=0.03


Tree=201
num_leaves=3
num_cat=0
split_feature=0 0
split_gain=0.00841359 0.000413708
threshold=0.0024145897477865223 0.0016131615266203882
decision_type=2 2
left_child=1 -1
right_child=-2 -3
leaf_value=-6.8433199086830938e-05 2.4839237607404056e-05 -3.0455906574068483e-05
leaf_weight=786 98498 388
leaf_count=786 98498 388
internal_value=2.38875e-05 -5.59185e-05
internal_weight=99672 1174
internal_count=99672 1174
is_linear=0
shrinkage=0.03


Tree=202
num_leaves=5
num_cat=0
split_feature=0 0 4 4
split_gain=0.0825625 0.0161756 0.0921379 0.00651475
threshold=0.96202647802419972 0.012440915219485761 0.034860468567871068 0.81379534278845145
decision_type=2 2 2 2
left_child=1 2 -1 -3
right_child=-2 3 -4 -5
leaf_value=-0.00023637757126199096 0.00022888308218758677 1.1502923894173252e-05 -1.3541798277309802e-05 0.00011889483340207812
leaf_weight=1747 1559 91837 4191 339
leaf_count=1747 1559 91837 4191 339
internal_value=1.23495e-05 8.90658e-06 -3.9082e-05 1.19984e-05
internal_weight=99673 98114 5938 92176
internal_count=99673 98114 5938 92176
is_linear=0
shrinkage=0.03


Tree=203
num_leaves=2
num_cat=0
split_feature=7
split_gain=0.000925687
threshold=2.9700856263602158
decision_type=2
left_child=-1
right_child=-2
leaf_value=1.8309017018746987e-05 7.1813371447106334e-05
leaf_weight=99170 291
leaf_count=99170 291
internal_value=1.84663e-05
internal_weight=99461
internal_count=99461
is_linear=0
shrinkage=0.03


Tree=204
num_leaves=7
num_cat=0
split_feature=0 1 0 0 1 0
split_gain=0.0103794 0.0235087 0.160243 0.00615528 0.000399668 0.000137105
threshold=0.95125790871679794 0.52500000000000013 0.85684610716998588 0.012440915219485761 0.8500000000000002 0.035358966328203685
decision_type=2 2 2 2 2 2
left_child=1 2 5 -3 -2 -1
right_child=4 3 -4 -5 -6 -7
leaf_value=-6.3581799276184097e-05 4.42971928074934e-05 2.9069869661431552e-06 2.9069869661431552e-06 2.1710465903844344e-05 7.0065270935934184e-05 -5.9476869108744531e-05
leaf_weight=10311 4360 1822 8206 45982 622 28058
leaf_count=10311 4360 1822 8206 45982 622 28058
internal_value=5.32998e-06 3.102e-06 -1.20667e-05 1.78807e-05 4.75277e-05 -6.05816e-05
internal_weight=99361 94379 46575 47804 4982 38369
internal_count=99361 94379 46575 47804 4982 38369
is_linear=0
shrinkage=0.03


Tree=205
num_leaves=7
num_cat=0
split_feature=4 0 7 2 0 0
split_gain=0.0505141 0.0451702 0.00789063 0.00935042 0.00116952 9.10188e-06
threshold=0.81379534278845145 0.96202647802419972 2.602003343538398 0.99955416747700321 0.93395699653774511 0.95125790871679794
decision_type=2 2 2 2 2 2
left_child=1 2 4 -4 -1 -6
right_child=-2 -3 3 -5 5 -7
leaf_value=-3.4366352590995462e-06 0.00035007312881416653 0.00016288451992983394 3.9016007373833132e-05 8.0560214603121435e-05 8.4156120649749663e-06 1.062334220577654e-05
leaf_weight=90042 373 1522 201 557 3698 3141
leaf_count=90042 373 1522 201 557 3698 3141
internal_value=2.07721e-06 7.64681e-07 -1.76409e-06 8.05602e-05 -2.5282e-06 9.43098e-06
internal_weight=99534 99161 97639 758 96881 6839
internal_count=99534 99161 97639 758 96881 6839
is_linear=0
shrinkage=0.03


Tree=206
num_leaves=3
num_cat=0
split_feature=1 1
split_gain=0.0118722 0.000953214
threshold=0.52500000000000013 0.8500000000000002
decision_type=2 2
left_child=-1 -2
right_child=1 -3
leaf_value=-3.5456406229151282e-06 1.5715241175395624e-05 2.8267044017693549e-05
leaf_weight=47730 45283 6191
leaf_count=47730 45283 6191
internal_value=7.23191e-06 1.72254e-05
internal_weight=99204 51474
internal_count=99204 51474
is_linear=0
shrinkage=0.03


Tree=207
num_leaves=3
num_cat=0
split_feature=7 4
split_gain=0.00987004 0.0023509
threshold=2.9700856263602158 0.81379534278845145
decision_type=2 2
left_child=1 -1
right_child=-2 -3
leaf_value=1.000731973486219e-06 0.00018636488154208142 7.6762451419002704e-05
leaf_weight=98786 259 369
leaf_count=98786 259 369
internal_value=1.7675e-06 1.28345e-06
internal_weight=99414 99155
internal_count=99414 99155
is_linear=0
shrinkage=0.03


Tree=208
num_leaves=2
num_cat=0
split_feature=1
split_gain=0.000646469
threshold=0.8500000000000002
decision_type=2
left_child=-1
right_child=-2
leaf_value=4.7615784722254202e-06 1.4738205315574062e-05
leaf_weight=93426 6235
leaf_count=93426 6235
internal_value=5.38588e-06
internal_weight=99661
internal_count=99661
is_linear=0
shrinkage=0.03


Tree=209
num_leaves=3
num_cat=0
split_feature=0 4
split_gain=0.0817328 0.00195059
threshold=0.96202647802419972 0.81379534278845145
decision_type=2 2
left_child=1 -1
right_child=-2 -3
leaf_value=-3.2654628077238834e-06 0.00021739448681379494 6.7382902639097513e-05
leaf_weight=97651 1537 352
leaf_count=97651 1537 352
internal_value=3.94409e-07 -3.01103e-06
internal_weight=99540 98003
internal_count=99540 98003
is_linear=0
shrinkage=0.03


Tree=210
num_leaves=5
num_cat=0
split_feature=0 4 7 4
split_gain=0.0114547 0.151344 0.00360063 0.00153109
threshold=0.95125790871679794 0.066874186587333864 2.524928003624769 0.81379534278845145
decision_type=2 2 2 2
left_child=2 -2 3 -1
right_child=1 -3 -4 -5
leaf_value=-1.9187906191560265e-05 5.3158727417981679e-06 0.0001842101804290431 5.3158727417981679e-06 -6.6254960080872548e-06
leaf_weight=93719 762 4340 645 338
leaf_count=93719 762 4340 645 338
internal_value=-1.53963e-05 2.83871e-05 -1.77554e-05 -1.85669e-05
internal_weight=99804 5102 94702 94057
internal_count=99804 5102 94702 94057
is_linear=0
shrinkage=0.03


Tree=211
num_leaves=6
num_cat=0
split_feature=0 2 2 0 2
split_gain=0.0230049 0.0258676 0.00947738 0.00178617 0.0281949
threshold=0.96202647802419972 0.99899322516675126 0.72385923423582088 0.023788626305758957 0.86909053175326456
decision_type=2 2 2 2 2
left_child=1 3 -2 -1 -5
right_child=2 -3 -4 4 -6
leaf_value=-7.0628677908113356e-06 6.4440920816088119e-05 6.4440920816088119e-05 0.00016540680482523862 -7.5654552635188264e-07 3.4247084594838295e-05
leaf_weight=11465 215 1494 1352 63115 22050
leaf_count=11465 215 1494 1352 63115 22050
internal_value=8.3503e-06 6.52849e-06 0.000122353 4.05325e-06 5.54978e-06
internal_weight=99691 98124 1567 96630 85165
internal_count=99691 98124 1567 96630 85165
is_linear=0
shrinkage=0.03


Tree=212
num_leaves=7
num_cat=0
split_feature=0 4 0 0 4 4
split_gain=0.0122071 0.0703693 0.081862 0.00835833 0.00819844 0.000571551
threshold=0.91736582666635524 0.066874186587333864 0.95125790871679794 0.014963782392442228 0.022594915184783241 0.81379534278845145
decision_type=2 2 2 2 2 2
left_child=3 -2 -3 4 -1 -5
right_child=1 2 -4 5 -6 -7
leaf_value=-7.8211419887370072e-05 1.7823816371150458e-05 5.3346957987027549e-05 0.00019895705613886142 5.7475243128674885e-06 -1.1004096210189335e-05 1.7823816371150458e-05
leaf_weight=2087 1950 8929 4259 76968 4969 289
leaf_count=2087 1950 8929 4259 76968 4969 289
internal_value=7.64877e-06 3.24526e-05 8.88701e-05 3.19503e-06 -2.80579e-05 6.04973e-06
internal_weight=99451 15138 13188 84313 7056 77257
internal_count=99451 15138 13188 84313 7056 77257
is_linear=0
shrinkage=0.03


Tree=213
num_leaves=5
num_cat=0
split_feature=4 0 4 4
split_gain=0.0864323 0.0136383 0.152322 0.01937
threshold=0.81379534278845145 0.95125790871679794 0.066874186587333864 1.9077318482274567e-05
decision_type=2 2 2 2
left_child=1 3 -3 -1
right_child=-2 2 -4 -5
leaf_value=-4.2711078657487389e-05 0.0004592246324978514 1.945668392057188e-05 0.00020044075804728098 -8.3011081295732854e-07
leaf_weight=11290 364 766 4283 82998
leaf_count=11290 364 766 4283 82998
internal_value=-1.57972e-06 -3.27284e-06 4.47587e-05 -5.84532e-06
internal_weight=99701 99337 5049 94288
internal_count=99701 99337 5049 94288
is_linear=0
shrinkage=0.03


Tree=214
num_leaves=3
num_cat=0
split_feature=4 1
split_gain=0.0465241 0.00611112
threshold=0.81379534278845145 0.8500000000000002
decision_type=2 2
left_child=1 -1
right_child=-2 -3
leaf_value=-1.2051389033204623e-06 0.00034051862097560215 2.9373365365778215e-05
leaf_weight=92831 363 6279
leaf_count=92831 363 6279
internal_value=1.97577e-06 7.32404e-07
internal_weight=99473 99110
internal_count=99473 99110
is_linear=0
shrinkage=0.03


Tree=215
num_leaves=2
num_cat=0
split_feature=1
split_gain=0.00271116
threshold=0.8500000000000002
decision_type=2
left_child=-1
right_child=-2
leaf_value=1.3631086562238145e-05 3.3961984013978111e-05
leaf_weight=93188 6302
leaf_count=93188 6302
internal_value=1.49192e-05
internal_weight=99490
internal_count=99490
is_linear=0
shrinkage=0.03


Tree=216
num_leaves=5
num_cat=0
split_feature=0 7 7 0
split_gain=0.00668024 0.0163913 0.00802756 0.0128648
threshold=0.88870131224393856 2.9174053685313028 1.8688348091416842 0.92608190327882778
decision_type=2 2 2 2
left_child=-1 2 3 -2
right_child=1 -3 -4 -5
leaf_value=-2.127220081877801e-06 7.1474142162932524e-06 0.00023166509947270913 5.3505985437739449e-05 3.0326699827016352e-05
leaf_weight=76950 9153 313 3765 9375
leaf_count=76950 9153 313 3765 9375
internal_value=2.08485e-06 1.6422e-05 1.33897e-05 7.14741e-06
internal_weight=99556 22606 22293 18528
internal_count=99556 22606 22293 18528
is_linear=0
shrinkage=0.03


Tree=217
num_leaves=4
num_cat=0
split_feature=4 4 7
split_gain=0.00103641 0.000776094 0.00122233
threshold=8.2079964549564028e-06 0.81379534278845145 2.8617925509761908
decision_type=2 2 2
left_child=-1 2 -2
right_child=1 -3 -4
leaf_value=-8.3505102117296984e-06 1.625079865079042e-06 4.6520140836616873e-05 2.4235105687446199e-05
leaf_weight=9384 89495 352 413
leaf_count=9384 89495 352 413
internal_value=1.13785e-06 2.1244e-06 1.95007e-06
internal_weight=99644 90260 89908
internal_count=99644 90260 89908
is_linear=0
shrinkage=0.03


Tree=218
num_leaves=4
num_cat=0
split_feature=1 4 4
split_gain=0.0117253 0.00334409 0.00223741
threshold=0.8500000000000002 6.6684448695397705e-05 0.81379534278845145
decision_type=2 2 2
left_child=2 -2 -1
right_child=1 -3 -4
leaf_value=-1.8756717572813477e-05 3.0120241530263596e-06 3.4129021206327999e-05 3.0120241530263596e-06
leaf_weight=93179 231 6014 345
leaf_count=93179 231 6014 345
internal_value=-1.55576e-05 2.42393e-05 -1.82153e-05
internal_weight=99769 6245 93524
internal_count=99769 6245 93524
is_linear=0
shrinkage=0.03


Tree=219
num_leaves=6
num_cat=0
split_feature=0 4 4 4 4
split_gain=0.00950595 0.00611463 0.00167871 0.00151205 0.000753869
threshold=0.035358966328203685 0.81379534278845145 0.013673122611047141 3.3837052484386736e-06 0.77299474206438401
decision_type=2 2 2 2 2
left_child=2 3 -1 -2 -4
right_child=1 -3 4 -5 -6
leaf_value=-2.9339981375351668e-05 -1.0920584214227634e-06 0.00014457889610991603 -1.1318181718457291e-05 1.2247233000783291e-05 -1.0920584214227634e-06
leaf_weight=4470 6182 309 11130 77351 214
leaf_count=4470 6182 309 11130 77351 214
internal_value=7.56276e-06 1.15868e-05 -1.37709e-05 1.10931e-05 -7.63396e-06
internal_weight=99656 83842 15814 83533 11344
internal_count=99656 83842 15814 83533 11344
is_linear=0
shrinkage=0.03


Tree=220
num_leaves=8
num_cat=0
split_feature=4 7 0 0 7 0 0
split_gain=0.00966113 0.00982969 0.00615713 0.00346823 0.00526946 0.00895837 0.000778122
threshold=0.81379534278845145 2.6735537653587347 0.95886729867197584 0.96202647802419972 1.2424533248940004 0.91736582666635524 0.035358966328203685
decision_type=2 2 2 2 2 2 2
left_child=1 3 -3 4 6 -6 -1
right_child=-2 2 -4 -5 5 -7 -8
leaf_value=4.5186597620793636e-06 0.00017060908050688122 5.3877401512042356e-05 9.3082441598408869e-05 5.3877401512042356e-05 1.9387272454018032e-05 3.3935146379716189e-05 1.2041263750098149e-05
leaf_weight=15413 362 508 276 1363 13192 5694 62823
leaf_count=15413 362 508 276 1363 13192 5694 62823
internal_value=1.61209e-05 1.55558e-05 9.30824e-05 1.46724e-05 1.39929e-05 2.82152e-05 1.05593e-05
internal_weight=99631 99269 784 98485 97122 18886 78236
internal_count=99631 99269 784 98485 97122 18886 78236
is_linear=0
shrinkage=0.03


Tree=221
num_leaves=2
num_cat=0
split_feature=4
split_gain=0.000118759
threshold=0.81379534278845145
decision_type=2
left_child=-1
right_child=-2
leaf_value=-6.9030919583192805e-06 1.0221132676529347e-05
leaf_weight=98966 365
leaf_count=98966 365
internal_value=-6.84007e-06
internal_weight=99331
internal_count=99331
is_linear=0
shrinkage=0.03


Tree=222
num_leaves=4
num_cat=0
split_feature=1 4 4
split_gain=0.0129105 0.00907319 0.00254405
threshold=0.8500000000000002 0.28907179094357899 0.81379534278845145
decision_type=2 2 2
left_child=2 -2 -1
right_child=1 -3 -4
leaf_value=-1.5255565657571585e-06 2.1224727845277933e-05 6.5378709539589338e-05 2.1224727845277933e-05
leaf_weight=92646 538 5779 348
leaf_count=92646 538 5779 348
internal_value=1.8853e-06 4.33835e-05 -9.34075e-07
internal_weight=99311 6317 92994
internal_count=99311 6317 92994
is_linear=0
shrinkage=0.03


Tree=223
num_leaves=2
num_cat=0
split_feature=4
split_gain=0.00319481
threshold=0.81379534278845145
decision_type=2
left_child=-1
right_child=-2
leaf_value=3.1696677310225762e-06 9.1726960987295527e-05
leaf_weight=99223 367
leaf_count=99223 367
internal_value=3.49693e-06
internal_weight=99590
internal_count=99590
is_linear=0
shrinkage=0.03


Tree=224
num_leaves=5
num_cat=0
split_feature=0 4 7 4
split_gain=0.0262844 0.254237 0.023237 0.00231438
threshold=0.95125790871679794 0.066874186587333864 2.249904835165133 0.81379534278845145
decision_type=2 2 2 2
left_child=2 -2 3 -1
right_child=1 -3 -4 -5
leaf_value=-2.5748715685058725e-06 3.6391386474601607e-05 0.00027024451820322257 3.6391386474601607e-05 1.7213509722407596e-05
leaf_weight=92796 783 4297 1533 338
leaf_count=92796 783 4297 1533 338
internal_value=4.93894e-06 7.14116e-05 1.37119e-06 -1.96437e-06
internal_weight=99747 5080 94667 93134
internal_count=99747 5080 94667 93134
is_linear=0
shrinkage=0.03


Tree=225
num_leaves=6
num_cat=0
split_feature=7 1 0 0 0
split_gain=0.00410784 0.00281443 0.272308 0.0054195 0.00245201
threshold=2.9700856263602158 0.52500000000000013 0.85984357818961155 0.014963782392442228 0.73876842949539434
decision_type=2 2 2 2 2
left_child=1 2 4 -3 -1
right_child=-2 3 -4 -5 -6
leaf_value=-9.5660316012521275e-05 0.00010294119528818713 -1.3124017358486109e-05 -1.3124017358486109e-05 -1.9038655498726305e-06 -7.2638663360203687e-05
leaf_weight=34001 275 2198 9328 49145 4765
leaf_count=34001 275 2198 9328 49145 4765
internal_value=-1.26385e-05 -1.29592e-05 -1.81739e-05 -8.07409e-06 -9.28325e-05
internal_weight=99712 99437 48094 51343 38766
internal_count=99712 99437 48094 51343 38766
is_linear=0
shrinkage=0.03


Tree=226
num_leaves=4
num_cat=0
split_feature=0 4 4
split_gain=0.00439122 0.00604904 0.00396927
threshold=0.023788626305758957 0.81379534278845145 0.74161051773683095
decision_type=2 2 2
left_child=2 -2 -1
right_child=1 -3 -4
leaf_value=-3.7323542779900854e-05 -7.2026774114288655e-06 0.00012534011934338873 -1.6668715604130183e-05
leaf_weight=10987 87540 310 309
leaf_count=10987 87540 310 309
internal_value=-8.99768e-06 -6.73355e-06 -2.66039e-05
internal_weight=99146 87850 11296
internal_count=99146 87850 11296
is_linear=0
shrinkage=0.03


Tree=227
num_leaves=3
num_cat=0
split_feature=0 4
split_gain=0.0170162 0.000253628
threshold=0.96202647802419972 0.81379534278845145
decision_type=2 2
left_child=1 -1
right_child=-2 -3
leaf_value=3.3354424265547391e-06 0.00010270310956731136 2.8055413868278266e-05
leaf_weight=97647 1578 374
leaf_count=97647 1578 374
internal_value=5.0039e-06 3.43005e-06
internal_weight=99599 98021
internal_count=99599 98021
is_linear=0
shrinkage=0.03


Tree=228
num_leaves=3
num_cat=0
split_feature=2 7
split_gain=0.000675343 0.0341592
threshold=0.99716559143045824 2.0126758453675748
decision_type=2 2
left_child=-1 -2
right_child=1 -3
leaf_value=-6.4029717490383861e-06 1.1207603932385407e-06 0.00011256336937157476
leaf_weight=96904 273 2487
leaf_count=96904 273 2487
internal_value=-5.98618e-06 8.64449e-06
internal_weight=99664 2760
internal_count=99664 2760
is_linear=0
shrinkage=0.03


Tree=229
num_leaves=3
num_cat=0
split_feature=4 4
split_gain=0.00184217 2.77885e-06
threshold=5.415744872117046e-05 3.3837052484386736e-06
decision_type=2 2
left_child=1 -1
right_child=-2 -3
leaf_value=-3.35611238505261e-05 -2.1637003512948138e-05 -3.2567337872724822e-05
leaf_weight=8224 84622 6539
leaf_count=8224 84622 6539
internal_value=-2.33435e-05 -3.31232e-05
internal_weight=99385 14763
internal_count=99385 14763
is_linear=0
shrinkage=0.03


Tree=230
num_leaves=2
num_cat=0
split_feature=4
split_gain=0.000362115
threshold=9.9005047117239914e-06
decision_type=2
left_child=-1
right_child=-2
leaf_value=-8.8749127432494661e-06 -2.7865420263602136e-06
leaf_weight=9745 89848
leaf_count=9745 89848
internal_value=-3.38236e-06
internal_weight=99593
internal_count=99593
is_linear=0
shrinkage=0.03


Tree=231
num_leaves=3
num_cat=0
split_feature=4 4
split_gain=0.00326876 6.10507e-05
threshold=0.81379534278845145 8.2079964549564028e-06
decision_type=2 2
left_child=1 -1
right_child=-2 -3
leaf_value=4.2289449357491967e-06 9.4015584568555793e-05 6.7836210657041921e-06
leaf_weight=9296 385 89890
leaf_count=9296 385 89890
internal_value=6.88339e-06 6.54423e-06
internal_weight=99571 99186
internal_count=99571 99186
is_linear=0
shrinkage=0.03


Tree=232
num_leaves=3
num_cat=0
split_feature=0 0
split_gain=0.00758368 0.00029905
threshold=0.014963782392442228 0.017301805317401889
decision_type=2 2
left_child=-1 -2
right_child=1 -3
leaf_value=-1.3911969356515825e-05 3.2831738368568426e-06 1.8524588321093449e-05
leaf_weight=7067 1174 91185
leaf_count=7067 1174 91185
internal_value=1.6039e-05 1.83309e-05
internal_weight=99426 92359
internal_count=99426 92359
is_linear=0
shrinkage=0.03


Tree=233
num_leaves=4
num_cat=0
split_feature=0 4 0
split_gain=0.0207298 0.00985674 0.00256344
threshold=0.96202647802419972 0.81379534278845145 0.95125790871679794
decision_type=2 2 2
left_child=1 2 -1
right_child=-2 -3 -4
leaf_value=1.2786348263322648e-05 0.00012603334660339603 7.0336134818247114e-05 3.8906412650676226e-05
leaf_weight=94033 1526 363 3507
leaf_count=94033 1526 363 3507
internal_value=1.63498e-05 1.46389e-05 1.37259e-05
internal_weight=99429 97903 97540
internal_count=99429 97903 97540
is_linear=0
shrinkage=0.03


Tree=234
num_leaves=2
num_cat=0
split_feature=0
split_gain=0.00228879
threshold=0.017301805317401889
decision_type=2
left_child=-1
right_child=-2
leaf_value=-3.5082772057999835e-05 -1.8541435565427043e-05
leaf_weight=8206 91272
leaf_count=8206 91272
internal_value=-1.99063e-05
internal_weight=99478
internal_count=99478
is_linear=0
shrinkage=0.03


Tree=235
num_leaves=5
num_cat=0
split_feature=4 1 0 4
split_gain=0.0316747 0.018781 0.10136 5.79498e-05
threshold=0.81379534278845145 0.8500000000000002 0.66475874977186333 1.6886436965013466e-05
decision_type=2 2 2 2
left_child=1 3 -3 -1
right_child=-2 2 -4 -5
leaf_value=-4.6776118654418972e-06 0.00028073526705353684 2.4229240438842665e-05 0.00014074488898302597 -2.3546439409501956e-06
leaf_weight=10956 364 2134 4117 82066
leaf_count=10956 364 2134 4117 82066
internal_value=1.78016e-06 7.54511e-07 5.10868e-05 -2.62829e-06
internal_weight=99637 99273 6251 93022
internal_count=99637 99273 6251 93022
is_linear=0
shrinkage=0.03


Tree=236
num_leaves=4
num_cat=0
split_feature=0 0 0
split_gain=0.0668881 0.00278673 6.54476e-06
threshold=0.014963782392442228 0.91736582666635524 0.023788626305758957
decision_type=2 2 2
left_child=-1 2 -2
right_child=1 -3 -4
leaf_value=-5.9127438579595342e-05 3.2969319557482596e-05 4.8272897379168175e-05 3.4285401718451209e-05
leaf_weight=7083 4316 15179 73168
leaf_count=7083 4316 15179 73168
internal_value=2.9724e-05 3.65162e-05 3.42125e-05
internal_weight=99746 92663 77484
internal_count=99746 92663 77484
is_linear=0
shrinkage=0.03


Tree=237
num_leaves=5
num_cat=0
split_feature=4 0 0 0
split_gain=0.0058227 0.00406876 0.000475471 4.54468e-05
threshold=0.81379534278845145 0.95125790871679794 0.96202647802419972 0.023788626305758957
decision_type=2 2 2 2
left_child=1 3 -3 -1
right_child=-2 2 -4 -5
leaf_value=-1.7288119952133395e-05 0.0001066060332134403 6.1164326638178061e-06 2.619200527051844e-05 -1.5258146790402684e-05
leaf_weight=11354 360 3488 1526 82698
leaf_count=11354 360 3488 1526 82698
internal_value=-1.36615e-05 -1.40996e-05 1.22304e-05 -1.55034e-05
internal_weight=99426 99066 5014 94052
internal_count=99426 99066 5014 94052
is_linear=0
shrinkage=0.03


Tree=238
num_leaves=2
num_cat=0
split_feature=2
split_gain=0.00253614
threshold=0.71702660750274794
decision_type=2
left_child=-1
right_child=-2
leaf_value=-1.2394754207286126e-05 -2.4675178523966283e-06
leaf_weight=36613 63038
leaf_count=36613 63038
internal_value=-6.11499e-06
internal_weight=99651
internal_count=99651
is_linear=0
shrinkage=0.03


Tree=239
num_leaves=2
num_cat=0
split_feature=7
split_gain=0.00656189
threshold=2.9700856263602158
decision_type=2
left_child=-1
right_child=-2
leaf_value=-1.0831065304385045e-05 0.00013591767480512234
leaf_weight=99210 274
leaf_count=99210 274
internal_value=-1.04255e-05
internal_weight=99484
internal_count=99484
is_linear=0
shrinkage=0.03


Tree=240
num_leaves=2
num_cat=0
split_feature=4
split_gain=0.0139819
threshold=0.81379534278845145
decision_type=2
left_child=-1
right_child=-2
leaf_value=8.7345321558702203e-06 0.00019399635418781343
leaf_weight=99121 367
leaf_count=99121 367
internal_value=9.41989e-06
internal_weight=99488
internal_count=99488
is_linear=0
shrinkage=0.03


Tree=241
num_leaves=6
num_cat=0
split_feature=2 7 7 0 0
split_gain=0.0348563 0.106307 0.0247961 0.023345 0.00422938
threshold=0.99899322516675126 2.9700856263602158 2.3502401828962087 0.91131720039993536 0.95125790871679794
decision_type=2 2 2 2 2
left_child=4 2 -2 -4 -1
right_child=1 -3 3 -5 -6
leaf_value=-2.8213339892530847e-05 3.9791599759295138e-05 0.00068373153439722952 0.00011338070394213054 0.00028804556469182738 2.0989923546669196e-06
leaf_weight=93774 467 249 200 880 4334
leaf_count=93774 467 249 200 880 4334
internal_value=-2.44763e-05 0.000106457 3.97916e-05 0.00018697 -2.68743e-05
internal_weight=99904 1796 1547 1080 98108
internal_count=99904 1796 1547 1080 98108
is_linear=0
shrinkage=0.03


Tree=242
num_leaves=7
num_cat=0
split_feature=0 2 2 7 2 7
split_gain=0.0306782 0.0127311 0.00595686 0.011412 0.00572974 0.0424921
threshold=0.91736582666635524 0.60525446585520126 0.99143033224082477 1.8688348091416842 0.94758421325152764 2.1383330595080281
decision_type=2 2 2 2 2 2
left_child=2 -2 -1 -4 -3 -6
right_child=1 4 3 -5 5 -7
leaf_value=-2.2654922580951732e-05 2.140792851552774e-06 2.5315675466367664e-05 -1.0257064864699478e-05 2.140792851552774e-06 4.5077736937751845e-05 0.00018228009175711603
leaf_weight=82503 230 9986 505 1402 2799 2133
leaf_count=82503 230 9986 505 1402 2799 2133
internal_value=-1.39869e-05 2.53232e-05 -2.10416e-05 2.14079e-06 3.83861e-05 6.48398e-05
internal_weight=99558 15148 84410 1907 14918 4932
internal_count=99558 15148 84410 1907 14918 4932
is_linear=0
shrinkage=0.03


Tree=243
num_leaves=7
num_cat=0
split_feature=0 2 1 4 2 1
split_gain=0.00120248 0.0046405 0.00331419 0.00101454 0.000850251 0.00031394
threshold=0.96202647802419972 0.97932899620196434 0.8500000000000002 0.78232367005773551 0.72385923423582088 0.52500000000000013
decision_type=2 2 2 2 2 2
left_child=1 2 3 -1 -2 -3
right_child=4 5 -4 -5 -6 -7
leaf_value=1.0828833305471478e-06 1.9714112268162477e-05 1.1964746662275193e-05 1.1964746662275193e-05 7.0240799162802152e-06 4.8123466195295692e-05 1.9714112268162477e-05
leaf_weight=86054 217 495 4802 975 1288 5700
leaf_count=86054 217 495 4802 975 1288 5700
internal_value=6.61656e-06 6.20778e-06 4.21538e-06 2.08341e-06 3.32204e-05 1.97141e-05
internal_weight=99531 98026 91831 87029 1505 6195
internal_count=99531 98026 91831 87029 1505 6195
is_linear=0
shrinkage=0.03


Tree=244
num_leaves=4
num_cat=0
split_feature=7 0 7
split_gain=0.00523623 0.00449323 0.00615755
threshold=2.8617925509761908 0.96202647802419972 2.602003343538398
decision_type=2 2 2
left_child=1 2 -1
right_child=-2 -3 -4
leaf_value=6.0957235647419342e-06 0.00011633414136293221 6.0676101372879044e-05 3.3939080011086117e-05
leaf_weight=97275 402 1434 463
leaf_count=97275 402 1434 463
internal_value=8.41451e-06 7.97588e-06 7.20206e-06
internal_weight=99574 99172 97738
internal_count=99574 99172 97738
is_linear=0
shrinkage=0.03


Tree=245
num_leaves=2
num_cat=0
split_feature=1
split_gain=0.00376873
threshold=0.8500000000000002
decision_type=2
left_child=-1
right_child=-2
leaf_value=-8.3268838900377858e-06 1.5702493796136891e-05
leaf_weight=93086 6269
leaf_count=93086 6269
internal_value=-6.81056e-06
internal_weight=99355
internal_count=99355
is_linear=0
shrinkage=0.03


Tree=246
num_leaves=2
num_cat=0
split_feature=0
split_gain=0.00189122
threshold=0.96202647802419972
decision_type=2
left_child=-1
right_child=-2
leaf_value=1.8689416820948127e-06 3.5363847897878326e-05
leaf_weight=98016 1540
leaf_count=98016 1540
internal_value=2.38741e-06
internal_weight=99556
internal_count=99556
is_linear=0
shrinkage=0.03


Tree=247
num_leaves=2
num_cat=0
split_feature=4
split_gain=0.00593821
threshold=0.81379534278845145
decision_type=2
left_child=-1
right_child=-2
leaf_value=9.0663313494309822e-06 0.00012996515603872443
leaf_weight=99143 366
leaf_count=99143 366
internal_value=9.51231e-06
internal_weight=99509
internal_count=99509
is_linear=0
shrinkage=0.03


Tree=248
num_leaves=8
num_cat=0
split_feature=0 4 1 4 1 4 1
split_gain=0.0147217 0.0105529 0.00647793 0.00640204 0.00311231 0.00163718 0.00155792
threshold=0.023788626305758957 0.041755572071097598 0.57500000000000007 0.81379534278845145 0.8500000000000002 0.74161051773683095 0.52500000000000013
decision_type=2 2 2 2 2 2 2
left_child=1 2 -1 4 -2 6 -3
right_child=3 5 -4 -5 -6 -7 -8
leaf_value=-0.00010613634008756037 -2.9779809250155726e-06 -4.5312544799633475e-05 -4.9697798068699961e-05 0.0001305602474232991 1.9093101480323085e-05 -1.9062473888255183e-05 -2.6092058564491212e-05
leaf_weight=2869 81783 4802 656 331 6184 328 2716
leaf_count=2869 81783 4802 656 331 6184 328 2716
internal_value=-5.06768e-06 -3.7195e-05 -8.03331e-05 -9.29958e-07 -1.4262e-06 -1.90625e-05 -3.31216e-05
internal_weight=99669 11371 3525 88298 87967 7846 7518
internal_count=99669 11371 3525 88298 87967 7846 7518
is_linear=0
shrinkage=0.03


Tree=249
num_leaves=3
num_cat=0
split_feature=4 7
split_gain=0.0265853 0.00302553
threshold=0.81379534278845145 2.249904835165133
decision_type=2 2
left_child=1 -1
right_child=-2 -3
leaf_value=1.034370848299148e-06 0.00025978143533889769 3.4913669489754199e-05
leaf_weight=96697 360 2431
leaf_count=96697 360 2431
internal_value=2.80144e-06 1.86557e-06
internal_weight=99488 99128
internal_count=99488 99128
is_linear=0
shrinkage=0.03


Tree=250
num_leaves=2
num_cat=0
split_feature=0
split_gain=0.0117458
threshold=0.96202647802419972
decision_type=2
left_child=-1
right_child=-2
leaf_value=-3.7850260225163093e-06 7.8926648281403504e-05
leaf_weight=97927 1569
leaf_count=97927 1569
internal_value=-2.47993e-06
internal_weight=99496
internal_count=99496
is_linear=0
shrinkage=0.03


Tree=251
num_leaves=2
num_cat=0
split_feature=1
split_gain=0.00117602
threshold=0.8500000000000002
decision_type=2
left_child=-1
right_child=-2
leaf_value=-1.6224121007283964e-06 1.1767293739357324e-05
leaf_weight=93156 6302
leaf_count=93156 6302
internal_value=-7.73885e-07
internal_weight=99458
internal_count=99458
is_linear=0
shrinkage=0.03


Tree=252
num_leaves=3
num_cat=0
split_feature=0 0
split_gain=0.00501992 0.000267508
threshold=0.035358966328203685 0.91736582666635524
decision_type=2 2
left_child=-1 -2
right_child=1 -3
leaf_value=-2.3356993597396435e-05 -5.6426217247120434e-06 -1.2500775903974261e-06
leaf_weight=15640 68543 15256
leaf_count=15640 68543 15256
internal_value=-7.7551e-06 -4.84296e-06
internal_weight=99439 83799
internal_count=99439 83799
is_linear=0
shrinkage=0.03


Tree=253
num_leaves=3
num_cat=0
split_feature=4 1
split_gain=0.00110251 0.000396114
threshold=0.81379534278845145 0.8500000000000002
decision_type=2 2
left_child=1 -1
right_child=-2 -3
leaf_value=4.0246725235025397e-06 5.7039317493630494e-05 1.1816275354380979e-05
leaf_weight=93107 360 6267
leaf_count=93107 360 6267
internal_value=4.70632e-06 4.51616e-06
internal_weight=99734 99374
internal_count=99734 99374
is_linear=0
shrinkage=0.03


Tree=254
num_leaves=4
num_cat=0
split_feature=0 4 7
split_gain=8.12916e-05 0.00700359 0.00197747
threshold=0.012440915219485761 0.81379534278845145 2.8029010331479989
decision_type=2 2 2
left_child=-1 2 -2
right_child=1 -3 -4
leaf_value=-7.4786831714634262e-06 -4.678496619017121e-06 0.00013009740487312748 5.4213756175581797e-05
leaf_weight=5908 92761 349 515
leaf_count=5908 92761 349 515
internal_value=-4.06564e-06 -3.85019e-06 -4.35276e-06
internal_weight=99533 93625 93276
internal_count=99533 93625 93276
is_linear=0
shrinkage=0.03


Tree=255
num_leaves=8
num_cat=0
split_feature=0 1 0 7 7 0 0
split_gain=0.00883638 0.0186075 0.15976 0.0080777 0.00308904 0.00298785 5.95582e-05
threshold=0.015775374136865142 0.8500000000000002 0.83368690172210347 0.89587973461402759 2.602003343538398 0.96202647802419972 0.023788626305758957
decision_type=2 2 2 2 2 2 2
left_child=-1 4 -3 -4 5 6 -2
right_child=1 2 3 -5 -6 -7 -8
leaf_value=-3.3043361439657692e-05 -8.2115735813950334e-06 2.4490491611081726e-05 0.00013560960975043937 0.00026582260634196755 2.4490491611081726e-05 1.0566826794066017e-05 -4.385520292023457e-06
leaf_weight=7441 3838 3084 386 2615 695 1247 79953
leaf_count=7441 3838 3084 386 2615 695 1247 79953
internal_value=-1.60279e-06 9.4551e-07 5.16337e-05 0.000246729 -2.6527e-06 -3.35684e-06 -4.56087e-06
internal_weight=99259 91818 6085 3001 85733 85038 83791
internal_count=99259 91818 6085 3001 85733 85038 83791
is_linear=0
shrinkage=0.03


Tree=256
num_leaves=3
num_cat=0
split_feature=0 0
split_gain=0.00300946 0.000108574
threshold=0.95125790871679794 0.91736582666635524
decision_type=2 2
left_child=1 -1
right_child=-2 -3
leaf_value=-2.3530278664624931e-05 6.4418811341820482e-07 -2.0242105831040153e-05
leaf_weight=84396 5027 10183
leaf_count=84396 5027 10183
internal_value=-2.19743e-05 -2.31765e-05
internal_weight=99606 94579
internal_count=99606 94579
is_linear=0
shrinkage=0.03


Tree=257
num_leaves=3
num_cat=0
split_feature=7 0
split_gain=0.0326749 0.00811123
threshold=2.9700856263602158 0.02457343973219395
decision_type=2 2
left_child=1 -1
right_child=-2 -3
leaf_value=-3.0917530361767391e-05 0.0003285117240003096 -4.4499121378744529e-06
leaf_weight=11825 260 87702
leaf_count=11825 260 87702
internal_value=-6.71584e-06 -7.59486e-06
internal_weight=99787 99527
internal_count=99787 99527
is_linear=0
shrinkage=0.03


Tree=258
num_leaves=2
num_cat=0
split_feature=4
split_gain=0.000227467
threshold=0.81379534278845145
decision_type=2
left_child=-1
right_child=-2
leaf_value=-1.4830758091442117e-05 9.1717697869782819e-06
leaf_weight=99180 356
leaf_count=99180 356
internal_value=-1.47448e-05
internal_weight=99536
internal_count=99536
is_linear=0
shrinkage=0.03


Tree=259
num_leaves=6
num_cat=0
split_feature=0 4 4 0 0
split_gain=0.000748428 0.0555665 0.000108434 0.00410665 0.000225269
threshold=0.035358966328203685 0.013673122611047141 4.024938489877173e-05 0.88678163150325429 0.036470398306846626
decision_type=2 2 2 2 2
left_child=1 -1 3 -2 -4
right_child=2 -3 4 -5 -6
leaf_value=-0.00011409917591233244 -8.0438808467949848e-06 -8.0438808467949848e-06 -5.695669302183393e-06 -5.695669302183393e-06 -3.3660199109638401e-06
leaf_weight=4463 8911 11269 302 1649 73115
leaf_count=4463 8911 11269 302 1649 73115
internal_value=-5.60395e-06 -1.16089e-05 -4.47888e-06 -7.32141e-06 -4.06993e-06
internal_weight=99709 15732 83977 10560 73417
internal_count=99709 15732 83977 10560 73417
is_linear=0
shrinkage=0.03


Tree=260
num_leaves=2
num_cat=0
split_feature=0
split_gain=0.000677616
threshold=0.035358966328203685
decision_type=2
left_child=-1
right_child=-2
leaf_value=-3.6636235925237412e-06 3.1294077008645928e-06
leaf_weight=15686 83902
leaf_count=15686 83902
internal_value=2.05942e-06
internal_weight=99588
internal_count=99588
is_linear=0
shrinkage=0.03


Tree=261
num_leaves=7
num_cat=0
split_feature=0 2 7 2 0 0
split_gain=0.0132801 0.108271 0.00182255 0.0150813 0.00141364 0.00019575
threshold=0.0032940637320280079 0.70940781057269142 2.8617925509761908 0.99999105887836148 0.96202647802419972 0.0016131615266203882
decision_type=2 2 2 2 2 2
left_child=1 5 4 -4 -2 -1
right_child=2 -3 3 -5 -6 -7
leaf_value=-0.0005231763829760893 9.1240536410866721e-06 -3.4359032937932412e-05 4.0809205764232938e-05 0.00029468888560930175 3.9010350457783901e-05 -0.00046366888811462555
leaf_weight=239 95899 1080 205 216 1445 234
leaf_count=239 95899 1080 205 216 1445 234
internal_value=8.45493e-06 -7.8556e-05 9.83789e-06 7.20503e-05 9.56809e-06 -0.000494777
internal_weight=99318 1553 97765 421 97344 473
internal_count=99318 1553 97765 421 97344 473
is_linear=0
shrinkage=0.03


Tree=262
num_leaves=4
num_cat=0
split_feature=1 4 4
split_gain=0.000474056 0.00770305 4.00688e-05
threshold=0.8500000000000002 0.30822023171917168 0.81379534278845145
decision_type=2 2 2
left_child=2 -2 -1
right_child=1 -3 -4
leaf_value=-2.4938790141740049e-05 -2.0610100036290741e-05 1.4772569007553308e-05 -2.0610100036290741e-05
leaf_weight=92832 606 5628 342
leaf_count=92832 606 5628 342
internal_value=-2.43492e-05 -1.63349e-05 -2.48853e-05
internal_weight=99408 6234 93174
internal_count=99408 6234 93174
is_linear=0
shrinkage=0.03


Tree=263
num_leaves=4
num_cat=0
split_feature=1 0 0
split_gain=0.00087332 0.194823 0.0161628
threshold=0.8500000000000002 0.83368690172210347 0.90126043371856224
decision_type=2 2 2
left_child=-1 -2 -3
right_child=1 2 -4
leaf_value=4.0034659786319559e-06 9.7821803341829118e-06 0.0001458763009115434 0.00029643932610325319
leaf_weight=93204 3249 928 2103
leaf_count=93204 3249 928 2103
internal_value=4.73319e-06 1.55609e-05 0.000250405
internal_weight=99484 6280 3031
internal_count=99484 6280 3031
is_linear=0
shrinkage=0.03


Tree=264
num_leaves=2
num_cat=0
split_feature=4
split_gain=0.00596375
threshold=0.81379534278845145
decision_type=2
left_child=-1
right_child=-2
leaf_value=-6.8898016273963324e-06 0.00011410469321636246
leaf_weight=98839 367
leaf_count=98839 367
internal_value=-6.44105e-06
internal_weight=99206
internal_count=99206
is_linear=0
shrinkage=0.03


Tree=265
num_leaves=4
num_cat=0
split_feature=1 4 4
split_gain=0.0140813 0.00722398 0.00503645
threshold=0.8500000000000002 6.6684448695397705e-05 0.81379534278845145
decision_type=2 2 2
left_child=2 -2 -1
right_child=1 -3 -4
leaf_value=5.431025893928581e-06 2.979762524695589e-05 7.0429283073769963e-05 2.979762524695589e-05
leaf_weight=92839 240 5985 344
leaf_count=92839 240 5985 344
internal_value=9.41633e-06 5.30975e-05 6.49771e-06
internal_weight=99408 6225 93183
internal_count=99408 6225 93183
is_linear=0
shrinkage=0.03


Tree=266
num_leaves=8
num_cat=0
split_feature=0 4 4 0 7 7 7
split_gain=0.00976107 0.0931456 0.0252291 0.0326122 0.014796 0.00376984 0.000189177
threshold=0.91736582666635524 0.066874186587333864 8.2079964549564028e-06 0.88041245006024849 1.2424533248940004 2.0126758453675748 1.4978661367769956
decision_type=2 2 2 2 2 2 2
left_child=2 -2 3 -1 -3 6 -6
right_child=1 4 -4 -5 5 -7 -8
leaf_value=-6.315300834953944e-05 3.7292129421940539e-05 8.4352064219365185e-05 2.975789310219691e-05 2.6929551806847011e-06 0.00012275094972042776 0.00017609220344085841 0.00013605825213812116
leaf_weight=8227 1900 6245 75811 404 1790 2656 2583
leaf_count=8227 1900 6245 75811 404 1790 2656 2583
internal_value=2.82063e-05 5.03593e-05 2.42249e-05 -2.4372e-05 0.000117978 0.000147838 0.00013064
internal_weight=99616 15174 84442 8631 13274 7029 4373
internal_count=99616 15174 84442 8631 13274 7029 4373
is_linear=0
shrinkage=0.03


Tree=267
num_leaves=2
num_cat=0
split_feature=2
split_gain=8.72085e-05
threshold=0.71702660750274794
decision_type=2
left_child=-1
right_child=-2
leaf_value=6.967490208382317e-08 1.9096549627419585e-06
leaf_weight=36668 63040
leaf_count=36668 63040
internal_value=1.233e-06
internal_weight=99708
internal_count=99708
is_linear=0
shrinkage=0.03


Tree=268
num_leaves=2
num_cat=0
split_feature=2
split_gain=0.000285404
threshold=0.99716559143045824
decision_type=2
left_child=-1
right_child=-2
leaf_value=2.5905939111330759e-06 1.2343512976582472e-05
leaf_weight=96818 2777
leaf_count=96818 2777
internal_value=2.86266e-06
internal_weight=99595
internal_count=99595
is_linear=0
shrinkage=0.03


Tree=269
num_leaves=2
num_cat=0
split_feature=1
split_gain=0.0474382
threshold=0.8500000000000002
decision_type=2
left_child=-1
right_child=-2
leaf_value=-2.5339546079255517e-05 6.0178511615543027e-05
leaf_weight=93436 6226
leaf_count=93436 6226
internal_value=-1.99966e-05
internal_weight=99662
internal_count=99662
is_linear=0
shrinkage=0.03


Tree=270
num_leaves=2
num_cat=0
split_feature=2
split_gain=1.06886e-06
threshold=0.70949527351466812
decision_type=2
left_child=-1
right_child=-2
leaf_value=-6.3334917271424682e-06 -6.1087529575847392e-06
leaf_weight=27257 72364
leaf_count=27257 72364
internal_value=-6.17031e-06
internal_weight=99621
internal_count=99621
is_linear=0
shrinkage=0.03


Tree=271
num_leaves=5
num_cat=0
split_feature=1 0 0 0
split_gain=0.0180058 0.166749 0.00314151 0.000123755
threshold=0.8500000000000002 0.83368690172210347 0.96083729201927792 0.96202647802419972
decision_type=2 2 2 2
left_child=3 -2 -3 -1
right_child=1 2 -4 -5
leaf_value=-4.9120558158981593e-06 2.1628496154635165e-05 0.00023889735987604017 0.00035764860564711651 4.1954749142026816e-06
leaf_weight=91794 3174 2801 220 1362
leaf_count=91794 3174 2801 220 1362
internal_value=-1.48516e-06 4.80358e-05 0.000247661 -4.77885e-06
internal_weight=99351 6195 3021 93156
internal_count=99351 6195 3021 93156
is_linear=0
shrinkage=0.03


Tree=272
num_leaves=3
num_cat=0
split_feature=4 4
split_gain=0.00212683 4.55723e-05
threshold=5.415744872117046e-05 1.9077318482274567e-05
decision_type=2 2
left_child=1 -1
right_child=-2 -3
leaf_value=3.0728898171405847e-06 1.6324229306906794e-05 7.0997734223461346e-06
leaf_weight=11450 84875 3247
leaf_count=11450 84875 3247
internal_value=1.44997e-05 3.96297e-06
internal_weight=99572 14697
internal_count=99572 14697
is_linear=0
shrinkage=0.03


Tree=273
num_leaves=2
num_cat=0
split_feature=0
split_gain=0.0132428
threshold=0.96202647802419972
decision_type=2
left_child=-1
right_child=-2
leaf_value=-1.0652956046323435e-05 7.7642228540032493e-05
leaf_weight=98110 1552
leaf_count=98110 1552
internal_value=-9.2772e-06
internal_weight=99662
internal_count=99662
is_linear=0
shrinkage=0.03


Tree=274
num_leaves=3
num_cat=0
split_feature=2 2
split_gain=0.0162129 0.000213899
threshold=0.70949527351466812 0.71702660750274794
decision_type=2 2
left_child=-1 -2
right_child=1 -3
leaf_value=-1.3744823370314282e-05 9.1760888438891851e-06 1.4037904045186036e-05
leaf_weight=27287 9369 62707
leaf_count=27287 9369 62707
internal_value=5.94984e-06 1.34061e-05
internal_weight=99363 72076
internal_count=99363 72076
is_linear=0
shrinkage=0.03


Tree=275
num_leaves=2
num_cat=0
split_feature=1
split_gain=0.000483169
threshold=0.8500000000000002
decision_type=2
left_child=-1
right_child=-2
leaf_value=-3.6627950397200413e-06 4.9024694977632291e-06
leaf_weight=93429 6328
leaf_count=93429 6328
internal_value=-3.11942e-06
internal_weight=99757
internal_count=99757
is_linear=0
shrinkage=0.03


Tree=276
num_leaves=2
num_cat=0
split_feature=4
split_gain=0.00715409
threshold=6.6684448695397705e-05
decision_type=2
left_child=-1
right_child=-2
leaf_value=-3.4496614419278981e-05 -1.2191190527685094e-05
leaf_weight=15286 84356
leaf_count=15286 84356
internal_value=-1.56134e-05
internal_weight=99642
internal_count=99642
is_linear=0
shrinkage=0.03


Tree=277
num_leaves=3
num_cat=0
split_feature=0 2
split_gain=0.0330786 0.00485111
threshold=0.96202647802419972 0.71702660750274794
decision_type=2 2
left_child=1 -1
right_child=-2 -3
leaf_value=1.4502220809895225e-06 0.00014856024692419794 1.5264661630117872e-05
leaf_weight=36333 1578 61778
leaf_count=36333 1578 61778
internal_value=1.23413e-05 1.01489e-05
internal_weight=99689 98111
internal_count=99689 98111
is_linear=0
shrinkage=0.03


Tree=278
num_leaves=4
num_cat=0
split_feature=0 0 0
split_gain=0.0136958 0.00543988 2.22461e-05
threshold=0.91736582666635524 0.96202647802419972 0.96319668320938956
decision_type=2 2 2
left_child=-1 -2 -3
right_child=1 2 -4
leaf_value=-1.9470078867476001e-05 5.4392938898766655e-06 5.7999561517024221e-05 6.7097945860796382e-05
leaf_weight=84075 13650 391 1153
leaf_count=84075 13650 391 1153
internal_value=-1.4733e-05 1.14787e-05 6.48329e-05
internal_weight=99269 15194 1544
internal_count=99269 15194 1544
is_linear=0
shrinkage=0.03


Tree=279
num_leaves=2
num_cat=0
split_feature=4
split_gain=0.0148834
threshold=0.81379534278845145
decision_type=2
left_child=-1
right_child=-2
leaf_value=-5.4036213388238348e-06 0.00018320188115236334
leaf_weight=99036 377
leaf_count=99036 377
internal_value=-4.68654e-06
internal_weight=99413
internal_count=99413
is_linear=0
shrinkage=0.03


Tree=280
num_leaves=2
num_cat=0
split_feature=2
split_gain=0.000922423
threshold=0.70949527351466812
decision_type=2
left_child=-1
right_child=-2
leaf_value=1.6324004131370859e-05 2.2805649245907049e-05
leaf_weight=27200 72383
leaf_count=27200 72383
internal_value=2.10354e-05
internal_weight=99583
internal_count=99583
is_linear=0
shrinkage=0.03


Tree=281
num_leaves=2
num_cat=0
split_feature=4
split_gain=0.00634662
threshold=0.81379534278845145
decision_type=2
left_child=-1
right_child=-2
leaf_value=-1.7397070610166995e-05 0.00010879807516660852
leaf_weight=98715 359
leaf_count=98715 359
internal_value=-1.69387e-05
internal_weight=99074
internal_count=99074
is_linear=0
shrinkage=0.03


Tree=282
num_leaves=3
num_cat=0
split_feature=4 1
split_gain=0.00292024 0.000137376
threshold=9.9005047117239914e-06 0.8500000000000002
decision_type=2 2
left_child=-1 -2
right_child=1 -3
leaf_value=9.5037651252981939e-07 1.798272721110199e-05 2.2657550363280804e-05
leaf_weight=9672 83745 6084
leaf_count=9672 83745 6084
internal_value=1.66132e-05 1.82996e-05
internal_weight=99501 89829
internal_count=99501 89829
is_linear=0
shrinkage=0.03


Tree=283
num_leaves=2
num_cat=0
split_feature=0
split_gain=0.0059039
threshold=0.023788626305758957
decision_type=2
left_child=-1
right_child=-2
leaf_value=-1.2120299923429592e-05 1.0841380780071552e-05
leaf_weight=11377 88214
leaf_count=11377 88214
internal_value=8.21821e-06
internal_weight=99591
internal_count=99591
is_linear=0
shrinkage=0.03


Tree=284
num_leaves=3
num_cat=0
split_feature=0 0
split_gain=0.0234539 3.43664e-10
threshold=0.96202647802419972 0.023788626305758957
decision_type=2 2
left_child=1 -1
right_child=-2 -3
leaf_value=3.6247701906221746e-06 0.00012086723278400294 3.6616785389453145e-06
leaf_weight=11366 1560 86499
leaf_count=11366 1560 86499
internal_value=5.49767e-06 3.65743e-06
internal_weight=99425 97865
internal_count=99425 97865
is_linear=0
shrinkage=0.03


Tree=285
num_leaves=3
num_cat=0
split_feature=4 4
split_gain=0.0203831 0.00131565
threshold=3.3837052484386736e-06 0.81379534278845145
decision_type=2 2
left_child=-1 -2
right_child=1 -3
leaf_value=-4.5683586254769349e-05 3.3983065212165431e-06 6.0237447328488439e-05
leaf_weight=8224 90790 367
leaf_count=8224 90790 367
internal_value=-4.53246e-07 3.6278e-06
internal_weight=99381 91157
internal_count=99381 91157
is_linear=0
shrinkage=0.03


Tree=286
num_leaves=5
num_cat=0
split_feature=0 2 2 2
split_gain=0.00135678 0.00866184 0.00588259 6.36894e-05
threshold=0.96202647802419972 0.72385923423582088 0.99716559143045824 0.97932899620196434
decision_type=2 2 2 2
left_child=2 -2 3 -1
right_child=1 -3 -4 -5
leaf_value=9.1291142700534015e-07 1.715363728988039e-05 9.4442377618499676e-05 1.715363728988039e-05 4.845816323848114e-06
leaf_weight=91674 207 1356 2357 3861
leaf_count=91674 207 1356 2357 3861
internal_value=3.51434e-06 3.12359e-05 3.0714e-06 1.07191e-06
internal_weight=99455 1563 97892 95535
internal_count=99455 1563 97892 95535
is_linear=0
shrinkage=0.03


Tree=287
num_leaves=2
num_cat=0
split_feature=4
split_gain=0.00184454
threshold=0.81379534278845145
decision_type=2
left_child=-1
right_child=-2
leaf_value=-7.9185645440271705e-07 6.7617879171490803e-05
leaf_weight=99205 355
leaf_count=99205 355
internal_value=-5.47252e-07
internal_weight=99560
internal_count=99560
is_linear=0
shrinkage=0.03


Tree=288
num_leaves=6
num_cat=0
split_feature=2 0 7 0 2
split_gain=0.00268012 0.0725605 0.155516 0.00868794 0.00853205
threshold=0.94011082102997434 0.81013876199722301 1.8688348091416842 0.96202647802419972 0.97625594917362568
decision_type=2 2 2 2 2
left_child=3 -2 -3 -1 -4
right_child=1 2 4 -5 -6
leaf_value=-8.0056945465098509e-06 3.9483204482944596e-06 4.5612388910326696e-05 0.0001392325022826001 3.9483204482944596e-06 0.00024573902463165574
leaf_weight=84864 4421 5043 336 700 4126
leaf_count=84864 4421 5043 336 700 4126
internal_value=-1.16075e-06 1.10439e-05 8.72765e-05 -3.14722e-06 0.000232853
internal_weight=99490 13926 9505 85564 4462
internal_count=99490 13926 9505 85564 4462
is_linear=0
shrinkage=0.03


Tree=289
num_leaves=2
num_cat=0
split_feature=4
split_gain=0.00398814
threshold=0.81379534278845145
decision_type=2
left_child=-1
right_child=-2
leaf_value=-4.9126325927857533e-06 9.6246475915739367e-05
leaf_weight=99249 351
leaf_count=99249 351
internal_value=-4.55518e-06
internal_weight=99600
internal_count=99600
is_linear=0
shrinkage=0.03


Tree=290
num_leaves=2
num_cat=0
split_feature=0
split_gain=0.000461402
threshold=0.017301805317401889
decision_type=2
left_child=-1
right_child=-2
leaf_value=-7.3951712560156513e-06 1.0903847931678598e-08
leaf_weight=8253 91477
leaf_count=8253 91477
internal_value=-6.02042e-07
internal_weight=99730
internal_count=99730
is_linear=0
shrinkage=0.03


Tree=291
num_leaves=6
num_cat=0
split_feature=1 0 7 7 7
split_gain=0.00338421 0.121971 0.0282098 0.000553313 2.07099e-06
threshold=0.8500000000000002 0.83710336359217774 0.89587973461402759 2.8617925509761908 2.249904835165133
decision_type=2 2 2 2 2
left_child=3 -2 -3 -1 -4
right_child=1 2 4 -5 -6
leaf_value=8.3296595589819106e-08 1.1779097357051816e-05 0.00010796906158210986 0.00024774739152055782 1.1779097357051816e-05 0.00026025880577776659
leaf_weight=92962 3207 369 2107 249 511
leaf_count=92962 3207 369 2107 249 511
internal_value=1.757e-06 2.32282e-05 0.000204159 3.29976e-07 0.000250288
internal_weight=99405 6194 2987 93211 2618
internal_count=99405 6194 2987 93211 2618
is_linear=0
shrinkage=0.03


Tree=292
num_leaves=3
num_cat=0
split_feature=7 0
split_gain=0.00435529 0.00912668
threshold=2.8617925509761908 0.95497765019536029
decision_type=2 2
left_child=-1 -2
right_child=1 -3
leaf_value=2.951679219314016e-07 4.8990178024952382e-05 0.00025981392846375273
leaf_weight=98988 208 206
leaf_count=98988 208 206
internal_value=7.01767e-07 9.76852e-05
internal_weight=99402 414
internal_count=99402 414
is_linear=0
shrinkage=0.03


Tree=293
num_leaves=2
num_cat=0
split_feature=2
split_gain=0.000549071
threshold=0.71676940635557951
decision_type=2
left_child=-1
right_child=-2
leaf_value=-3.6848193350355218e-06 1.3105169004297249e-06
leaf_weight=27275 72285
leaf_count=27275 72285
internal_value=-5.80057e-08
internal_weight=99560
internal_count=99560
is_linear=0
shrinkage=0.03


Tree=294
num_leaves=2
num_cat=0
split_feature=4
split_gain=0.000860543
threshold=0.81379534278845145
decision_type=2
left_child=-1
right_child=-2
leaf_value=-3.0956542276445556e-05 1.6196155123751459e-05
leaf_weight=98862 349
leaf_count=98862 349
internal_value=-3.07905e-05
internal_weight=99211
internal_count=99211
is_linear=0
shrinkage=0.03


Tree=295
num_leaves=5
num_cat=0
split_feature=4 2 2 2
split_gain=0.010854 0.00569276 0.000547191 0.000260114
threshold=0.81379534278845145 0.94193851583988997 0.99200948670712552 0.87314886671764558
decision_type=2 2 2 2
left_child=1 3 -3 -1
right_child=-2 2 -4 -5
leaf_value=-7.6836844158219588e-06 0.00015830640995709397 9.5796135843948333e-06 2.2414645942593446e-05 -2.2535475596133971e-06
leaf_weight=76865 370 9143 4443 8855
leaf_count=76865 370 9143 4443 8855
internal_value=-3.65815e-06 -4.26319e-06 1.37784e-05 -7.12278e-06
internal_weight=99676 99306 13586 85720
internal_count=99676 99306 13586 85720
is_linear=0
shrinkage=0.03


Tree=296
num_leaves=2
num_cat=0
split_feature=4
split_gain=0.0149417
threshold=0.81379534278845145
decision_type=2
left_child=-1
right_child=-2
leaf_value=1.9632531528568223e-06 0.00019399817677412265
leaf_weight=99265 365
leaf_count=99265 365
internal_value=2.66872e-06
internal_weight=99630
internal_count=99630
is_linear=0
shrinkage=0.03


Tree=297
num_leaves=2
num_cat=0
split_feature=0
split_gain=0.00124264
threshold=0.96202647802419972
decision_type=2
left_child=-1
right_child=-2
leaf_value=1.5235621403200959e-05 4.2320298149016551e-05
leaf_weight=97907 1548
leaf_count=97907 1548
internal_value=1.56576e-05
internal_weight=99455
internal_count=99455
is_linear=0
shrinkage=0.03


Tree=298
num_leaves=2
num_cat=0
split_feature=2
split_gain=0.0034769
threshold=0.70949527351466812
decision_type=2
left_child=-1
right_child=-2
leaf_value=-1.1737891028449999e-05 8.5357724620708782e-07
leaf_weight=27143 72329
leaf_count=27143 72329
internal_value=-2.58235e-06
internal_weight=99472
internal_count=99472
is_linear=0
shrinkage=0.03


Tree=299
num_leaves=2
num_cat=0
split_feature=2
split_gain=0.0118258
threshold=0.97932899620196434
decision_type=2
left_child=-1
right_child=-2
leaf_value=8.0126281294264396e-06 4.8889371793864066e-05
leaf_weight=92664 6839
leaf_count=92664 6839
internal_value=1.08226e-05
internal_weight=99503
internal_count=99503
is_linear=0
shrinkage=0.03


Tree=300
num_leaves=2
num_cat=0
split_feature=4
split_gain=0.0151217
threshold=0.81379534278845145
decision_type=2
left_child=-1
right_child=-2
leaf_value=1.8169306393734106e-05 0.00021542954197101584
leaf_weight=99253 350
leaf_count=99253 350
internal_value=1.88646e-05
internal_weight=99603
internal_count=99603
is_linear=0
shrinkage=0.03


Tree=301
num_leaves=2
num_cat=0
split_feature=4
split_gain=0.0026558
threshold=0.81379534278845145
decision_type=2
left_child=-1
right_child=-2
leaf_value=3.2120191320570878e-06 8.5414184211477851e-05
leaf_weight=99027 354
leaf_count=99027 354
internal_value=3.50568e-06
internal_weight=99381
internal_count=99381
is_linear=0
shrinkage=0.03


Tree=302
num_leaves=2
num_cat=0
split_feature=4
split_gain=0.0207259
threshold=2.1032243256724484e-05
decision_type=2
left_child=-1
right_child=-2
leaf_value=-3.771115988309982e-05 4.5251633242897317e-06
leaf_weight=11873 87586
leaf_count=11873 87586
internal_value=-5.17161e-07
internal_weight=99459
internal_count=99459
is_linear=0
shrinkage=0.03


Tree=303
num_leaves=2
num_cat=0
split_feature=0
split_gain=0.0428614
threshold=0.96202647802419972
decision_type=2
left_child=-1
right_child=-2
leaf_value=-1.6273875435294729e-05 0.00014203125974717576
leaf_weight=97438 1563
leaf_count=97438 1563
internal_value=-1.37732e-05
internal_weight=99001
internal_count=99001
is_linear=0
shrinkage=0.03


Tree=304
num_leaves=3
num_cat=0
split_feature=0 0
split_gain=9.77813e-05 8.342e-05
threshold=0.023788626305758957 0.96202647802419972
decision_type=2 2
left_child=-1 -2
right_child=1 -3
leaf_value=1.6024025020432952e-05 1.8856753855706914e-05 2.5835772707018073e-05
leaf_weight=11404 86700 1576
leaf_count=11404 86700 1576
internal_value=1.86434e-05 1.89816e-05
internal_weight=99680 88276
internal_count=99680 88276
is_linear=0
shrinkage=0.03


Tree=305
num_leaves=3
num_cat=0
split_feature=4 0
split_gain=0.0106537 0.000118335
threshold=0.81379534278845145 0.96202647802419972
decision_type=2 2
left_child=1 -1
right_child=-2 -3
leaf_value=-1.504152775057014e-05 0.00014508279284587418 -6.6487517891602393e-06
leaf_weight=97675 375 1538
leaf_count=97675 375 1538
internal_value=-1.43076e-05 -1.49115e-05
internal_weight=99588 99213
internal_count=99588 99213
is_linear=0
shrinkage=0.03


Tree=306
num_leaves=2
num_cat=0
split_feature=4
split_gain=0.00131891
threshold=0.81379534278845145
decision_type=2
left_child=-1
right_child=-2
leaf_value=-7.3395688706474092e-06 5.0671151714642148e-05
leaf_weight=99346 353
leaf_count=99346 353
internal_value=-7.13367e-06
internal_weight=99699
internal_count=99699
is_linear=0
shrinkage=0.03


Tree=307
num_leaves=4
num_cat=0
split_feature=0 0 0
split_gain=0.00200118 0.000937157 2.59068e-05
threshold=0.96202647802419972 0.023788626305758957 0.011635959148406984
decision_type=2 2 2
left_child=1 2 -1
right_child=-2 -3 -4
leaf_value=-1.9254569291731217e-05 2.4890715301415756e-05 -8.6206310107383939e-06 -1.637653780046872e-05
leaf_weight=5493 1529 86569 5934
leaf_count=5493 1529 86569 5934
internal_value=-9.15524e-06 -9.6867e-06 -1.77616e-05
internal_weight=99525 97996 11427
internal_count=99525 97996 11427
is_linear=0
shrinkage=0.03


Tree=308
num_leaves=2
num_cat=0
split_feature=4
split_gain=0.0288726
threshold=0.81379534278845145
decision_type=2
left_child=-1
right_child=-2
leaf_value=1.8518493047197469e-06 0.00026664332444793656
leaf_weight=99362 371
leaf_count=99362 371
internal_value=2.83952e-06
internal_weight=99733
internal_count=99733
is_linear=0
shrinkage=0.03


Tree=309
num_leaves=3
num_cat=0
split_feature=4 1
split_gain=0.0126534 0.00817234
threshold=0.81379534278845145 0.8500000000000002
decision_type=2 2
left_child=1 -1
right_child=-2 -3
leaf_value=-5.2551211979383046e-06 0.00017274014538191761 3.0096127202871338e-05
leaf_weight=93235 369 6281
leaf_count=93235 369 6281
internal_value=-2.37259e-06 -3.02363e-06
internal_weight=99885 99516
internal_count=99885 99516
is_linear=0
shrinkage=0.03


Tree=310
num_leaves=2
num_cat=0
split_feature=0
split_gain=0.0209096
threshold=0.96202647802419972
decision_type=2
left_child=-1
right_child=-2
leaf_value=-1.3646845696116319e-05 9.7762544626746523e-05
leaf_weight=97989 1539
leaf_count=97989 1539
internal_value=-1.19232e-05
internal_weight=99528
internal_count=99528
is_linear=0
shrinkage=0.03


Tree=311
num_leaves=6
num_cat=0
split_feature=0 4 0 4 0
split_gain=0.00628537 0.0149005 0.00175538 0.00557886 0.00103029
threshold=0.035358966328203685 0.0011528772282501378 0.023788626305758957 0.74161051773683095 0.012440915219485761
decision_type=2 2 2 2 2
left_child=1 4 3 -3 -1
right_child=-2 2 -4 -5 -6
leaf_value=-9.7009777780804842e-05 -4.6774504307212262e-06 -4.6476522901361574e-05 -1.5044283831234474e-05 -2.2927133569549765e-05 -6.5107336479909269e-05
leaf_weight=1529 83753 8129 3353 312 2288
leaf_count=1529 83753 8129 3353 312 2288
internal_value=-7.93512e-06 -2.54111e-05 -1.50443e-05 -3.081e-05 -7.79088e-05
internal_weight=99364 15611 11794 8441 3817
internal_count=99364 15611 11794 8441 3817
is_linear=0
shrinkage=0.03


Tree=312
num_leaves=2
num_cat=0
split_feature=0
split_gain=0.00116158
threshold=0.95125790871679794
decision_type=2
left_child=-1
right_child=-2
leaf_value=4.6163380629001821e-06 1.9279539320752906e-05
leaf_weight=94528 5125
leaf_count=94528 5125
internal_value=5.37063e-06
internal_weight=99653
internal_count=99653
is_linear=0
shrinkage=0.03


Tree=313
num_leaves=5
num_cat=0
split_feature=2 1 1 1
split_gain=0.00975241 0.00729793 0.00371712 0.000364848
threshold=0.70949527351466812 0.8500000000000002 0.52500000000000013 0.8500000000000002
decision_type=2 2 2 2
left_child=3 2 -2 -1
right_child=1 -3 -4 -5
leaf_value=-1.5999871179650785e-05 -4.5373755056982892e-06 3.8863842241493803e-05 9.6469157305327236e-06 -4.7649236674698114e-06
leaf_weight=26541 31220 5534 35573 736
leaf_count=26541 31220 5534 35573 736
internal_value=-4.5648e-09 5.76028e-06 3.01701e-06 -1.52901e-05
internal_weight=99604 72327 66793 27277
internal_count=99604 72327 66793 27277
is_linear=0
shrinkage=0.03


Tree=314
num_leaves=6
num_cat=0
split_feature=0 1 0 0 0
split_gain=0.0184368 0.0246063 0.0703029 0.00651527 4.31006e-05
threshold=0.014963782392442228 0.8500000000000002 0.84736090200021874 0.96083729201927792 0.023788626305758957
decision_type=2 2 2 2 2
left_child=-1 4 -3 -4 -2
right_child=1 2 3 -5 -6
leaf_value=-3.5315955889296702e-05 7.6532354059307319e-06 4.1610293284178813e-05 0.00018384811311129438 0.00035327309994194071 1.0755089057524904e-05
leaf_weight=7132 4252 3308 2639 222 82019
leaf_count=7132 4252 3308 2639 222 82019
internal_value=1.11559e-05 1.47417e-05 7.26183e-05 0.000197114 1.06023e-05
internal_weight=99572 92440 6169 2861 86271
internal_count=99572 92440 6169 2861 86271
is_linear=0
shrinkage=0.03


Tree=315
num_leaves=5
num_cat=0
split_feature=1 4 4 4
split_gain=0.00447976 0.00399499 0.00088027 5.12699e-05
threshold=0.8500000000000002 0.1955946818484636 0.81379534278845145 0.32527068341277282
decision_type=2 2 2 2
left_child=2 -2 -1 -3
right_child=1 3 -4 -5
leaf_value=-3.676393187081476e-05 -2.3272520273862936e-05 -6.5754131036356275e-06 -2.3272520273862936e-05 5.6349228964457495e-06
leaf_weight=92732 360 327 345 5536
leaf_count=92732 360 327 345 5536
internal_value=-3.47712e-05 -1.01262e-05 -3.64189e-05 4.9529e-06
internal_weight=99300 6223 93077 5863
internal_count=99300 6223 93077 5863
is_linear=0
shrinkage=0.03


Tree=316
num_leaves=2
num_cat=0
split_feature=1
split_gain=4.79285e-05
threshold=0.8500000000000002
decision_type=2
left_child=-1
right_child=-2
leaf_value=1.2777674114060151e-05 1.5491244212623432e-05
leaf_weight=93400 6275
leaf_count=93400 6275
internal_value=1.29487e-05
internal_weight=99675
internal_count=99675
is_linear=0
shrinkage=0.03


Tree=317
num_leaves=2
num_cat=0
split_feature=0
split_gain=2.6368e-05
threshold=0.96202647802419972
decision_type=2
left_child=-1
right_child=-2
leaf_value=-8.8219930630845596e-06 -4.883149436943527e-06
leaf_weight=97904 1558
leaf_count=97904 1558
internal_value=-8.76034e-06
internal_weight=99462
internal_count=99462
is_linear=0
shrinkage=0.03


Tree=318
num_leaves=2
num_cat=0
split_feature=0
split_gain=0.000693363
threshold=0.014963782392442228
decision_type=2
left_child=-1
right_child=-2
leaf_value=1.8171374247106803e-06 1.1560141801093812e-05
leaf_weight=7076 92703
leaf_count=7076 92703
internal_value=1.08692e-05
internal_weight=99779
internal_count=99779
is_linear=0
shrinkage=0.03


Tree=319
num_leaves=2
num_cat=0
split_feature=0
split_gain=1.95987e-05
threshold=0.012440915219485761
decision_type=2
left_child=-1
right_child=-2
leaf_value=1.9365586717476901e-05 2.1172260036046623e-05
leaf_weight=5887 93703
leaf_count=5887 93703
internal_value=2.10657e-05
internal_weight=99590
internal_count=99590
is_linear=0
shrinkage=0.03


Tree=320
num_leaves=2
num_cat=0
split_feature=4
split_gain=0.0312297
threshold=0.81379534278845145
decision_type=2
left_child=-1
right_child=-2
leaf_value=3.9681368483634822e-06 0.00028009855397780287
leaf_weight=99015 369
leaf_count=99015 369
internal_value=4.99618e-06
internal_weight=99384
internal_count=99384
is_linear=0
shrinkage=0.03


Tree=321
num_leaves=2
num_cat=0
split_feature=4
split_gain=0.00516936
threshold=0.81379534278845145
decision_type=2
left_child=-1
right_child=-2
leaf_value=4.2979506745028366e-06 0.00011930571892760462
leaf_weight=98883 352
leaf_count=98883 352
internal_value=4.7071e-06
internal_weight=99235
internal_count=99235
is_linear=0
shrinkage=0.03


Tree=322
num_leaves=2
num_cat=0
split_feature=1
split_gain=8.63332e-05
threshold=0.8500000000000002
decision_type=2
left_child=-1
right_child=-2
leaf_value=-1.2779852548427696e-06 2.3586818037845352e-06
leaf_weight=93517 6268
leaf_count=93517 6268
internal_value=-1.04953e-06
internal_weight=99785
internal_count=99785
is_linear=0
shrinkage=0.03


Tree=323
num_leaves=3
num_cat=0
split_feature=0 4
split_gain=0.0426668 0.0056723
threshold=0.96202647802419972 0.81379534278845145
decision_type=2 2
left_child=1 -1
right_child=-2 -3
leaf_value=-1.4160426554514844e-05 0.0001445534039356153 6.5433529452917647e-05
leaf_weight=97438 1557 355
leaf_count=97438 1557 355
internal_value=-1.1205e-05 -1.36863e-05
internal_weight=99350 97793
internal_count=99350 97793
is_linear=0
shrinkage=0.03


Tree=324
num_leaves=2
num_cat=0
split_feature=0
split_gain=0.00853411
threshold=0.96202647802419972
decision_type=2
left_child=-1
right_child=-2
leaf_value=3.1940735359284928e-06 7.4256839514630897e-05
leaf_weight=97746 1544
leaf_count=97746 1544
internal_value=4.29987e-06
internal_weight=99290
internal_count=99290
is_linear=0
shrinkage=0.03


Tree=325
num_leaves=2
num_cat=0
split_feature=1
split_gain=0.00145904
threshold=0.8500000000000002
decision_type=2
left_child=-1
right_child=-2
leaf_value=-3.5862247718934951e-06 1.1400681284157033e-05
leaf_weight=93130 6237
leaf_count=93130 6237
internal_value=-2.64543e-06
internal_weight=99367
internal_count=99367
is_linear=0
shrinkage=0.03


Tree=326
num_leaves=2
num_cat=0
split_feature=7
split_gain=0.0203603
threshold=2.9700856263602158
decision_type=2
left_child=-1
right_child=-2
leaf_value=-1.4782238715971573e-05 0.00024324359534227328
leaf_weight=99388 275
leaf_count=99388 275
internal_value=-1.40678e-05
internal_weight=99663
internal_count=99663
is_linear=0
shrinkage=0.03


Tree=327
num_leaves=2
num_cat=0
split_feature=4
split_gain=0.0067387
threshold=0.81379534278845145
decision_type=2
left_child=-1
right_child=-2
leaf_value=-4.4355050832088421e-07 0.00012799687991656999
leaf_weight=99293 368
leaf_count=99293 368
internal_value=3.19976e-08
internal_weight=99661
internal_count=99661
is_linear=0
shrinkage=0.03


Tree=328
num_leaves=2
num_cat=0
split_feature=0
split_gain=0.000979257
threshold=0.89082346484065067
decision_type=2
left_child=-1
right_child=-2
leaf_value=2.0162366143789812e-05 2.7301423719344515e-05
leaf_weight=77421 22280
leaf_count=77421 22280
internal_value=2.1758e-05
internal_weight=99701
internal_count=99701
is_linear=0
shrinkage=0.03


Tree=329
num_leaves=2
num_cat=0
split_feature=4
split_gain=0.000886382
threshold=0.81379534278845145
decision_type=2
left_child=-1
right_child=-2
leaf_value=7.4214564009076452e-06 5.4452543157199135e-05
leaf_weight=99090 361
leaf_count=99090 361
internal_value=7.59272e-06
internal_weight=99451
internal_count=99451
is_linear=0
shrinkage=0.03


Tree=330
num_leaves=2
num_cat=0
split_feature=4
split_gain=0.0145995
threshold=0.81379534278845145
decision_type=2
left_child=-1
right_child=-2
leaf_value=2.0439247887187009e-05 0.00021371673926164951
leaf_weight=99249 352
leaf_count=99249 352
internal_value=2.11244e-05
internal_weight=99601
internal_count=99601
is_linear=0
shrinkage=0.03


Tree=331
num_leaves=5
num_cat=0
split_feature=4 4 0 0
split_gain=0.0234182 0.00581782 0.0552092 5.25386e-05
threshold=0.81379534278845145 3.190924051743594e-05 0.92172623891383421 0.28186765406280762
decision_type=2 2 2 2
left_child=1 2 3 -1
right_child=-2 -3 -4 -5
leaf_value=-8.068540057465311e-05 0.00023101777073010921 -4.5864073152936276e-06 -1.5214836887304323e-05 -7.6337922408291022e-05
leaf_weight=8176 371 85859 884 4335
leaf_count=8176 371 85859 884 4335
internal_value=-6.56502e-06 -7.4554e-06 -2.58433e-05 -7.91852e-05
internal_weight=99625 99254 13395 12511
internal_count=99625 99254 13395 12511
is_linear=0
shrinkage=0.03


Tree=332
num_leaves=3
num_cat=0
split_feature=4 7
split_gain=0.000987131 0.000200549
threshold=0.81379534278845145 2.602003343538398
decision_type=2 2
left_child=1 -1
right_child=-2 -3
leaf_value=-2.5458834231194809e-06 4.6550505731213505e-05 1.0990760098422068e-05
leaf_weight=98411 371 994
leaf_count=98411 371 994
internal_value=-2.2279e-06 -2.41041e-06
internal_weight=99776 99405
internal_count=99776 99405
is_linear=0
shrinkage=0.03


Tree=333
num_leaves=2
num_cat=0
split_feature=4
split_gain=0.0421441
threshold=0.81379534278845145
decision_type=2
left_child=-1
right_child=-2
leaf_value=-1.6041489673731086e-05 0.00030603559440945852
leaf_weight=99214 366
leaf_count=99214 366
internal_value=-1.48547e-05
internal_weight=99580
internal_count=99580
is_linear=0
shrinkage=0.03


Tree=334
num_leaves=2
num_cat=0
split_feature=4
split_gain=0.00310546
threshold=0.81379534278845145
decision_type=2
left_child=-1
right_child=-2
leaf_value=1.0647977139778692e-05 9.7959590529290318e-05
leaf_weight=99418 367
leaf_count=99418 367
internal_value=1.09701e-05
internal_weight=99785
internal_count=99785
is_linear=0
shrinkage=0.03


Tree=335
num_leaves=2
num_cat=0
split_feature=4
split_gain=0.00293209
threshold=0.81379534278845145
decision_type=2
left_child=-1
right_child=-2
leaf_value=3.4252984635613915e-06 8.967628514112855e-05
leaf_weight=99154 355
leaf_count=99154 355
internal_value=3.7339e-06
internal_weight=99509
internal_count=99509
is_linear=0
shrinkage=0.03


Tree=336
num_leaves=2
num_cat=0
split_feature=4
split_gain=0.0570989
threshold=0.81379534278845145
decision_type=2
left_child=-1
right_child=-2
leaf_value=1.8306510222571262e-05 0.00039421978065186283
leaf_weight=99232 364
leaf_count=99232 364
internal_value=1.96843e-05
internal_weight=99596
internal_count=99596
is_linear=0
shrinkage=0.03


Tree=337
num_leaves=2
num_cat=0
split_feature=2
split_gain=0.00143297
threshold=0.71702660750274794
decision_type=2
left_child=-1
right_child=-2
leaf_value=-1.6538180584170888e-06 5.818197966309029e-06
leaf_weight=36485 62961
leaf_count=36485 62961
internal_value=3.07686e-06
internal_weight=99446
internal_count=99446
is_linear=0
shrinkage=0.03


Tree=338
num_leaves=2
num_cat=0
split_feature=4
split_gain=5.10628e-05
threshold=0.81379534278845145
decision_type=2
left_child=-1
right_child=-2
leaf_value=1.691684348469116e-05 2.8302790707643219e-05
leaf_weight=99174 357
leaf_count=99174 357
internal_value=1.6958e-05
internal_weight=99531
internal_count=99531
is_linear=0
shrinkage=0.03


Tree=339
num_leaves=2
num_cat=0
split_feature=0
split_gain=0.000834947
threshold=0.96584947966039192
decision_type=2
left_child=-1
right_child=-2
leaf_value=3.6908464319357731e-06 4.7672634375675654e-05
leaf_weight=99404 389
leaf_count=99404 389
internal_value=3.86277e-06
internal_weight=99793
internal_count=99793
is_linear=0
shrinkage=0.03


Tree=340
num_leaves=3
num_cat=0
split_feature=4 1
split_gain=0.0452128 0.00135269
threshold=0.81379534278845145 0.52500000000000013
decision_type=2 2
left_child=1 -1
right_child=-2 -3
leaf_value=-8.0737513788719875e-06 0.00032916633817633707 -1.0608518612203991e-06
leaf_weight=47640 366 51528
leaf_count=47640 366 51528
internal_value=-3.1999e-06 -4.42987e-06
internal_weight=99534 99168
internal_count=99534 99168
is_linear=0
shrinkage=0.03


Tree=341
num_leaves=4
num_cat=0
split_feature=0 0 0
split_gain=0.00190085 0.000879599 2.00183e-05
threshold=0.96584947966039192 0.023788626305758957 0.014963782392442228
decision_type=2 2 2
left_child=1 2 -1
right_child=-2 -3 -4
leaf_value=-3.308114787059987e-05 4.2216490103790156e-05 -2.3222352201689219e-05 -3.0420719198660343e-05
leaf_weight=7088 388 87903 4336
leaf_count=7088 388 87903 4336
internal_value=-2.39817e-05 -2.42407e-05 -3.20741e-05
internal_weight=99715 99327 11424
internal_count=99715 99327 11424
is_linear=0
shrinkage=0.03


Tree=342
num_leaves=3
num_cat=0
split_feature=0 2
split_gain=0.109924 0.00141628
threshold=0.93395699653774511 0.70949527351466812
decision_type=2 2
left_child=1 -1
right_child=-2 -3
leaf_value=-7.3642644259151962e-06 0.00010881944731591978 9.2542829403457451e-07
leaf_weight=26022 8937 64581
leaf_count=26022 8937 64581
internal_value=8.44631e-06 -1.4555e-06
internal_weight=99540 90603
internal_count=99540 90603
is_linear=0
shrinkage=0.03


Tree=343
num_leaves=3
num_cat=0
split_feature=0 4
split_gain=0.00920938 0.000555534
threshold=0.96202647802419972 0.81379534278845145
decision_type=2 2
left_child=1 -1
right_child=-2 -3
leaf_value=-1.2772821768853565e-05 6.0832424301434702e-05 2.4097212827898439e-05
leaf_weight=97491 1559 346
leaf_count=97491 1559 346
internal_value=-1.1485e-05 -1.2638e-05
internal_weight=99396 97837
internal_count=99396 97837
is_linear=0
shrinkage=0.03


Tree=344
num_leaves=2
num_cat=0
split_feature=0
split_gain=0.000160986
threshold=0.96584947966039192
decision_type=2
left_child=-1
right_child=-2
leaf_value=-7.2173762381381664e-06 1.2073750023210845e-05
leaf_weight=99276 390
leaf_count=99276 390
internal_value=-7.14177e-06
internal_weight=99666
internal_count=99666
is_linear=0
shrinkage=0.03


Tree=345
num_leaves=2
num_cat=0
split_feature=4
split_gain=0.0146634
threshold=0.81379534278845145
decision_type=2
left_child=-1
right_child=-2
leaf_value=4.8321868138102696e-06 0.00019798515678029244
leaf_weight=99134 354
leaf_count=99134 354
internal_value=5.52145e-06
internal_weight=99488
internal_count=99488
is_linear=0
shrinkage=0.03


Tree=346
num_leaves=2
num_cat=0
split_feature=1
split_gain=0.0209393
threshold=0.8500000000000002
decision_type=2
left_child=-1
right_child=-2
leaf_value=-2.4450081395504596e-05 3.2176768744652779e-05
leaf_weight=93368 6271
leaf_count=93368 6271
internal_value=-2.08859e-05
internal_weight=99639
internal_count=99639
is_linear=0
shrinkage=0.03


Tree=347
num_leaves=2
num_cat=0
split_feature=0
split_gain=0.00144336
threshold=0.023788626305758957
decision_type=2
left_child=-1
right_child=-2
leaf_value=-2.4006826856481112e-05 -1.2669599137502601e-05
leaf_weight=11416 88168
leaf_count=11416 88168
internal_value=-1.39695e-05
internal_weight=99584
internal_count=99584
is_linear=0
shrinkage=0.03


Tree=348
num_leaves=2
num_cat=0
split_feature=4
split_gain=0.000194853
threshold=0.81379534278845145
decision_type=2
left_child=-1
right_child=-2
leaf_value=-9.5024901882344617e-06 1.2706553591845728e-05
leaf_weight=99325 356
leaf_count=99325 356
internal_value=-9.42305e-06
internal_weight=99681
internal_count=99681
is_linear=0
shrinkage=0.03


Tree=349
num_leaves=4
num_cat=0
split_feature=0 2 2
split_gain=0.00635876 0.00659957 0.00122924
threshold=0.96202647802419972 0.72385923423582088 0.70949527351466812
decision_type=2 2 2
left_child=2 -2 -1
right_child=1 -3 -4
leaf_value=2.9762422959119595e-06 3.9080886723739735e-05 0.00011358879090842385 1.0503248769377108e-05
leaf_weight=26951 215 1331 70897
leaf_count=26951 215 1331 70897
internal_value=9.38427e-06 6.97317e-05 8.43008e-06
internal_weight=99394 1546 97848
internal_count=99394 1546 97848
is_linear=0
shrinkage=0.03


Tree=350
num_leaves=3
num_cat=0
split_feature=4 4
split_gain=0.00830487 7.85013e-06
threshold=8.2079964549564028e-06 0.81379534278845145
decision_type=2 2
left_child=-1 -2
right_child=1 -3
leaf_value=-4.0186816481324233e-05 -1.0505402187872028e-05 -6.0566136940346602e-06
leaf_weight=9352 89817 363
leaf_count=9352 89817 363
internal_value=-1.32785e-05 -1.04876e-05
internal_weight=99532 90180
internal_count=99532 90180
is_linear=0
shrinkage=0.03


Tree=351
num_leaves=2
num_cat=0
split_feature=7
split_gain=0.00494488
threshold=2.8617925509761908
decision_type=2
left_child=-1
right_child=-2
leaf_value=1.5109041814954487e-05 0.00011938562853785272
leaf_weight=99302 410
leaf_count=99302 410
internal_value=1.5539e-05
internal_weight=99712
internal_count=99712
is_linear=0
shrinkage=0.03


Tree=352
num_leaves=2
num_cat=0
split_feature=0
split_gain=0.00844696
threshold=0.96202647802419972
decision_type=2
left_child=-1
right_child=-2
leaf_value=-9.8777047417270359e-06 6.0751843562585657e-05
leaf_weight=98148 1547
leaf_count=98148 1547
internal_value=-8.78112e-06
internal_weight=99695
internal_count=99695
is_linear=0
shrinkage=0.03


Tree=353
num_leaves=2
num_cat=0
split_feature=4
split_gain=0.00382853
threshold=0.81379534278845145
decision_type=2
left_child=-1
right_child=-2
leaf_value=-5.204052044925303e-06 9.2671216061465181e-05
leaf_weight=99324 360
leaf_count=99324 360
internal_value=-4.84966e-06
internal_weight=99684
internal_count=99684
is_linear=0
shrinkage=0.03


Tree=354
num_leaves=2
num_cat=0
split_feature=0
split_gain=0.000403667
threshold=0.95125790871679794
decision_type=2
left_child=-1
right_child=-2
leaf_value=1.1399321510716303e-05 2.0133121637734802e-05
leaf_weight=94709 5016
leaf_count=94709 5016
internal_value=1.18388e-05
internal_weight=99725
internal_count=99725
is_linear=0
shrinkage=0.03


Tree=355
num_leaves=2
num_cat=0
split_feature=4
split_gain=0.0041072
threshold=0.81379534278845145
decision_type=2
left_child=-1
right_child=-2
leaf_value=5.0399032601072125e-06 0.00010669556306285943
leaf_weight=99366 358
leaf_count=99366 358
internal_value=5.4059e-06
internal_weight=99724
internal_count=99724
is_linear=0
shrinkage=0.03


Tree=356
num_leaves=2
num_cat=0
split_feature=1
split_gain=0.018148
threshold=0.8500000000000002
decision_type=2
left_child=-1
right_child=-2
leaf_value=-5.3275129688232024e-06 4.7420304912994711e-05
leaf_weight=93403 6263
leaf_count=93403 6263
internal_value=-2.0124e-06
internal_weight=99666
internal_count=99666
is_linear=0
shrinkage=0.03


Tree=357
num_leaves=3
num_cat=0
split_feature=0 0
split_gain=0.017422 0.00110807
threshold=0.96202647802419972 0.96584947966039192
decision_type=2 2
left_child=-1 -2
right_child=1 -3
leaf_value=-1.0393599976588297e-05 7.5622310794069776e-05 0.00013357573329173672
leaf_weight=97987 1155 403
leaf_count=97987 1155 403
internal_value=-8.81064e-06 9.06889e-05
internal_weight=99545 1558
internal_count=99545 1558
is_linear=0
shrinkage=0.03


Tree=358
num_leaves=2
num_cat=0
split_feature=0
split_gain=0.00223621
threshold=0.00409635715186596
decision_type=2
left_child=-1
right_child=-2
leaf_value=-1.4624689031900716e-07 3.2121144792180754e-05
leaf_weight=1972 97655
leaf_count=1972 97655
internal_value=3.14825e-05
internal_weight=99627
internal_count=99627
is_linear=0
shrinkage=0.03


Tree=359
num_leaves=2
num_cat=0
split_feature=0
split_gain=0.00494524
threshold=0.96202647802419972
decision_type=2
left_child=-1
right_child=-2
leaf_value=-1.7203633522906126e-05 3.6891326150298571e-05
leaf_weight=98103 1544
leaf_count=98103 1544
internal_value=-1.63651e-05
internal_weight=99647
internal_count=99647
is_linear=0
shrinkage=0.03


Tree=360
num_leaves=2
num_cat=0
split_feature=0
split_gain=0.000847705
threshold=0.023788626305758957
decision_type=2
left_child=-1
right_child=-2
leaf_value=-4.7896298020761493e-06 3.9361735591519552e-06
leaf_weight=11302 88298
leaf_count=11302 88298
internal_value=2.94598e-06
internal_weight=99600
internal_count=99600
is_linear=0
shrinkage=0.03


Tree=361
num_leaves=2
num_cat=0
split_feature=7
split_gain=0.00159306
threshold=2.9700856263602158
decision_type=2
left_child=-1
right_child=-2
leaf_value=9.6835329278430199e-06 8.2656050540713788e-05
leaf_weight=99427 269
leaf_count=99427 269
internal_value=9.88125e-06
internal_weight=99696
internal_count=99696
is_linear=0
shrinkage=0.03


Tree=362
num_leaves=2
num_cat=0
split_feature=4
split_gain=0.000905498
threshold=0.81379534278845145
decision_type=2
left_child=-1
right_child=-2
leaf_value=1.9613652269079603e-06 4.9430080641384337e-05
leaf_weight=99020 362
leaf_count=99020 362
internal_value=2.13477e-06
internal_weight=99382
internal_count=99382
is_linear=0
shrinkage=0.03


Tree=363
num_leaves=2
num_cat=0
split_feature=4
split_gain=0.0065399
threshold=0.81379534278845145
decision_type=2
left_child=-1
right_child=-2
leaf_value=1.4768343226211963e-05 0.00014029052572324871
leaf_weight=99043 374
leaf_count=99043 374
internal_value=1.5242e-05
internal_weight=99417
internal_count=99417
is_linear=0
shrinkage=0.03


Tree=364
num_leaves=2
num_cat=0
split_feature=0
split_gain=0.00531673
threshold=0.023788626305758957
decision_type=2
left_child=-1
right_child=-2
leaf_value=-2.7773048310488229e-05 -5.9939968001530995e-06
leaf_weight=11393 88029
leaf_count=11393 88029
internal_value=-8.48996e-06
internal_weight=99422
internal_count=99422
is_linear=0
shrinkage=0.03


Tree=365
num_leaves=2
num_cat=0
split_feature=0
split_gain=0.00469465
threshold=0.023788626305758957
decision_type=2
left_child=-1
right_child=-2
leaf_value=-1.3884072285397892e-05 6.59504948162335e-06
leaf_weight=11376 87999
leaf_count=11376 87999
internal_value=4.25058e-06
internal_weight=99375
internal_count=99375
is_linear=0
shrinkage=0.03


Tree=366
num_leaves=2
num_cat=0
split_feature=7
split_gain=0.00171664
threshold=3.0201273556387074
decision_type=2
left_child=-1
right_child=-2
leaf_value=1.1620109722015318e-05 9.6094171089562255e-05
leaf_weight=99450 216
leaf_count=99450 216
internal_value=1.18041e-05
internal_weight=99666
internal_count=99666
is_linear=0
shrinkage=0.03


Tree=367
num_leaves=4
num_cat=0
split_feature=0 1 1
split_gain=0.00754059 0.00545149 0.00110874
threshold=0.023788626305758957 0.8500000000000002 0.52500000000000013
decision_type=2 2 2
left_child=2 -2 -1
right_child=1 -3 -4
leaf_value=-2.9729498429457138e-05 7.3010664005255104e-07 3.006471847827365e-05 -1.0186112558207669e-05
leaf_weight=7628 82301 6125 3798
leaf_count=7628 82301 6125 3798
internal_value=-2.01226e-07 2.76234e-06 -2.31346e-05
internal_weight=99852 88426 11426
internal_count=99852 88426 11426
is_linear=0
shrinkage=0.03


Tree=368
num_leaves=2
num_cat=0
split_feature=0
split_gain=0.000489927
threshold=0.00409635715186596
decision_type=2
left_child=-1
right_child=-2
leaf_value=-1.664714585579853e-05 -1.4946474550823377e-06
leaf_weight=1958 97651
leaf_count=1958 97651
internal_value=-1.79266e-06
internal_weight=99609
internal_count=99609
is_linear=0
shrinkage=0.03


Tree=369
num_leaves=2
num_cat=0
split_feature=0
split_gain=0.0147724
threshold=0.96202647802419972
decision_type=2
left_child=-1
right_child=-2
leaf_value=-7.1587139210900461e-06 8.5889191236884269e-05
leaf_weight=98217 1559
leaf_count=98217 1559
internal_value=-5.70399e-06
internal_weight=99776
internal_count=99776
is_linear=0
shrinkage=0.03


Tree=370
num_leaves=2
num_cat=0
split_feature=0
split_gain=0.000148707
threshold=0.0032940637320280079
decision_type=2
left_child=-1
right_child=-2
leaf_value=-6.1013569458568481e-06 3.2523206084626002e-06
leaf_weight=1553 98329
leaf_count=1553 98329
internal_value=3.10683e-06
internal_weight=99882
internal_count=99882
is_linear=0
shrinkage=0.03


Tree=371
num_leaves=2
num_cat=0
split_feature=1
split_gain=0.0193215
threshold=0.8500000000000002
decision_type=2
left_child=-1
right_child=-2
leaf_value=-3.6843437474383709e-06 5.0589957050464716e-05
leaf_weight=93306 6301
leaf_count=93306 6301
internal_value=-2.50554e-07
internal_weight=99607
internal_count=99607
is_linear=0
shrinkage=0.03


Tree=372
num_leaves=4
num_cat=0
split_feature=0 4 4
split_gain=0.00800462 0.011638 0.00416943
threshold=0.023788626305758957 0.81379534278845145 0.74161051773683095
decision_type=2 2 2
left_child=2 -2 -1
right_child=1 -3 -4
leaf_value=-3.8368877065218726e-05 -2.7909303768823355e-06 0.00017624191160416002 -1.5490893454649046e-05
leaf_weight=11054 87873 327 328
leaf_count=11054 87873 327 328
internal_value=-5.18078e-06 -2.12518e-06 -2.88566e-05
internal_weight=99582 88200 11382
internal_count=99582 88200 11382
is_linear=0
shrinkage=0.03


Tree=373
num_leaves=2
num_cat=0
split_feature=4
split_gain=0.00668759
threshold=0.81379534278845145
decision_type=2
left_child=-1
right_child=-2
leaf_value=-1.5417728168705066e-05 0.00011271035923488417
leaf_weight=99199 367
leaf_count=99199 367
internal_value=-1.49443e-05
internal_weight=99566
internal_count=99566
is_linear=0
shrinkage=0.03


Tree=374
num_leaves=3
num_cat=0
split_feature=2 4
split_gain=0.00267116 0.000220164
threshold=0.99899322516675126 8.2079964549564028e-06
decision_type=2 2
left_child=1 -1
right_child=-2 -3
leaf_value=-2.0151163828697215e-05 2.1270479899462869e-05 -1.5318952082575117e-05
leaf_weight=9401 1782 88224
leaf_count=9401 1782 88224
internal_value=-1.512e-05 -1.57845e-05
internal_weight=99407 97625
internal_count=99407 97625
is_linear=0
shrinkage=0.03


Tree=375
num_leaves=2
num_cat=0
split_feature=7
split_gain=0.00189587
threshold=2.9700856263602158
decision_type=2
left_child=-1
right_child=-2
leaf_value=-3.2827140265699593e-06 7.6616772184662742e-05
leaf_weight=99384 267
leaf_count=99384 267
internal_value=-3.06787e-06
internal_weight=99651
internal_count=99651
is_linear=0
shrinkage=0.03


Tree=376
num_leaves=2
num_cat=0
split_feature=4
split_gain=0.00970667
threshold=0.81379534278845145
decision_type=2
left_child=-1
right_child=-2
leaf_value=1.0114156188069731e-05 0.00016596014143181886
leaf_weight=99045 360
leaf_count=99045 360
internal_value=1.06802e-05
internal_weight=99405
internal_count=99405
is_linear=0
shrinkage=0.03


Tree=377
num_leaves=2
num_cat=0
split_feature=4
split_gain=0.00468418
threshold=0.81379534278845145
decision_type=2
left_child=-1
right_child=-2
leaf_value=5.0456921725694914e-06 0.00011375890942303433
leaf_weight=98929 357
leaf_count=98929 357
internal_value=5.43773e-06
internal_weight=99286
internal_count=99286
is_linear=0
shrinkage=0.03


Tree=378
num_leaves=2
num_cat=0
split_feature=4
split_gain=0.0174709
threshold=0.81379534278845145
decision_type=2
left_child=-1
right_child=-2
leaf_value=-6.4503751985160577e-07 0.00020786153727926868
leaf_weight=99103 362
leaf_count=99103 362
internal_value=1.15898e-07
internal_weight=99465
internal_count=99465
is_linear=0
shrinkage=0.03


Tree=379
num_leaves=2
num_cat=0
split_feature=4
split_gain=0.0121234
threshold=0.81379534278845145
decision_type=2
left_child=-1
right_child=-2
leaf_value=1.6207393168068864e-05 0.00019283229088148054
leaf_weight=99238 350
leaf_count=99238 350
internal_value=1.68301e-05
internal_weight=99588
internal_count=99588
is_linear=0
shrinkage=0.03


Tree=380
num_leaves=2
num_cat=0
split_feature=4
split_gain=0.00084806
threshold=0.81379534278845145
decision_type=2
left_child=-1
right_child=-2
leaf_value=-1.1499030294171688e-05 3.394692842509708e-05
leaf_weight=99125 370
leaf_count=99125 370
internal_value=-1.13297e-05
internal_weight=99495
internal_count=99495
is_linear=0
shrinkage=0.03


Tree=381
num_leaves=2
num_cat=0
split_feature=4
split_gain=0.000867708
threshold=0.81379534278845145
decision_type=2
left_child=-1
right_child=-2
leaf_value=-2.1539668665580328e-06 4.412313417501015e-05
leaf_weight=99476 365
leaf_count=99476 365
internal_value=-1.98435e-06
internal_weight=99841
internal_count=99841
is_linear=0
shrinkage=0.03


Tree=382
num_leaves=2
num_cat=0
split_feature=4
split_gain=0.0327382
threshold=0.81379534278845145
decision_type=2
left_child=-1
right_child=-2
leaf_value=-2.4403244492236995e-06 0.00027876910783430155
leaf_weight=99196 373
leaf_count=99196 373
internal_value=-1.38408e-06
internal_weight=99569
internal_count=99569
is_linear=0
shrinkage=0.03


Tree=383
num_leaves=3
num_cat=0
split_feature=7 2
split_gain=0.00968189 0.0485864
threshold=2.740319461670996 0.99998038362549957
decision_type=2 2
left_child=-1 -2
right_child=1 -3
leaf_value=-1.6744228698370321e-05 4.0726657784363907e-05 0.00041955112206051122
leaf_weight=98808 344 319
leaf_count=98808 344 319
internal_value=-1.59771e-05 9.81975e-05
internal_weight=99471 663
internal_count=99471 663
is_linear=0
shrinkage=0.03


Tree=384
num_leaves=2
num_cat=0
split_feature=2
split_gain=0.0374119
threshold=0.70949527351466812
decision_type=2
left_child=-1
right_child=-2
leaf_value=-3.1065640968662242e-05 1.0194630619199742e-05
leaf_weight=27237 72216
leaf_count=27237 72216
internal_value=-1.10544e-06
internal_weight=99453
internal_count=99453
is_linear=0
shrinkage=0.03


Tree=385
num_leaves=2
num_cat=0
split_feature=0
split_gain=0.00880322
threshold=0.035358966328203685
decision_type=2
left_child=-1
right_child=-2
leaf_value=-3.0616973370220518e-05 -6.1376138479218398e-06
leaf_weight=15699 83761
leaf_count=15699 83761
internal_value=-1.00018e-05
internal_weight=99460
internal_count=99460
is_linear=0
shrinkage=0.03


Tree=386
num_leaves=3
num_cat=0
split_feature=0 0
split_gain=0.0338398 0.000435973
threshold=0.96202647802419972 0.95125790871679794
decision_type=2 2
left_child=1 -1
right_child=-2 -3
leaf_value=-5.4737814050007066e-06 0.00013709274233049512 5.3279232839522202e-06
leaf_weight=94691 1529 3486
leaf_count=94691 1529 3486
internal_value=-2.90845e-06 -5.09019e-06
internal_weight=99706 98177
internal_count=99706 98177
is_linear=0
shrinkage=0.03


Tree=387
num_leaves=2
num_cat=0
split_feature=0
split_gain=0.000401623
threshold=0.96202647802419972
decision_type=2
left_child=-1
right_child=-2
leaf_value=1.5198027527448534e-05 3.0677926537777618e-05
leaf_weight=98150 1532
leaf_count=98150 1532
internal_value=1.54362e-05
internal_weight=99682
internal_count=99682
is_linear=0
shrinkage=0.03


Tree=388
num_leaves=5
num_cat=0
split_feature=2 1 2 2
split_gain=0.0060044 0.0324784 0.0481003 5.14715e-05
threshold=0.71676940635557951 0.8500000000000002 0.73073675821169848 0.99899322516675126
decision_type=2 2 2 2
left_child=-1 -2 -3 -4
right_child=1 2 3 -5
leaf_value=-7.6526245331825349e-06 3.0912706686008177e-06 4.1051436130475027e-05 0.00014245459380465505 0.00015622639901295162
leaf_weight=27288 66646 617 4489 382
leaf_count=27288 66646 617 4489 382
internal_value=4.33387e-06 8.86835e-06 7.90116e-05 0.000143566
internal_weight=99422 72134 5488 4871
internal_count=99422 72134 5488 4871
is_linear=0
shrinkage=0.03


Tree=389
num_leaves=2
num_cat=0
split_feature=4
split_gain=0.00130931
threshold=0.81379534278845145
decision_type=2
left_child=-1
right_child=-2
leaf_value=1.5793932484999992e-05 7.2339213188938995e-05
leaf_weight=99212 369
leaf_count=99212 369
internal_value=1.60042e-05
internal_weight=99581
internal_count=99581
is_linear=0
shrinkage=0.03


Tree=390
num_leaves=5
num_cat=0
split_feature=2 4 4 4
split_gain=0.00621855 0.0142438 0.00800247 0.000327721
threshold=0.71702660750274794 1.3184185037484754e-05 0.81379534278845145 0.74161051773683095
decision_type=2 2 2 2
left_child=1 -1 -2 -3
right_child=2 3 -4 -5
leaf_value=-5.1788342585520986e-05 7.2756377748444947e-06 -2.9540311083821624e-06 0.00017217305879269664 1.8891405710381298e-07
leaf_weight=5562 62694 29948 265 964
leaf_count=5562 62694 29948 265 964
internal_value=2.26211e-06 -7.5946e-06 7.97243e-06 1.88914e-07
internal_weight=99433 36474 62959 30912
internal_count=99433 36474 62959 30912
is_linear=0
shrinkage=0.03


Tree=391
num_leaves=2
num_cat=0
split_feature=0
split_gain=0.00212404
threshold=0.96202647802419972
decision_type=2
left_child=-1
right_child=-2
leaf_value=-1.6089295116653308e-05 1.9229159377307157e-05
leaf_weight=98208 1556
leaf_count=98208 1556
internal_value=-1.55383e-05
internal_weight=99764
internal_count=99764
is_linear=0
shrinkage=0.03


Tree=392
num_leaves=2
num_cat=0
split_feature=0
split_gain=0.00155626
threshold=0.96202647802419972
decision_type=2
left_child=-1
right_child=-2
leaf_value=4.1881373057494233e-06 3.4351550935320392e-05
leaf_weight=98122 1563
leaf_count=98122 1563
internal_value=4.66142e-06
internal_weight=99685
internal_count=99685
is_linear=0
shrinkage=0.03


Tree=393
num_leaves=2
num_cat=0
split_feature=4
split_gain=0.00817738
threshold=0.81379534278845145
decision_type=2
left_child=-1
right_child=-2
leaf_value=-1.4568626840151991e-05 0.00012808223037541773
leaf_weight=99160 362
leaf_count=99160 362
internal_value=-1.40485e-05
internal_weight=99522
internal_count=99522
is_linear=0
shrinkage=0.03


Tree=394
num_leaves=2
num_cat=0
split_feature=4
split_gain=0.00845933
threshold=0.81379534278845145
decision_type=2
left_child=-1
right_child=-2
leaf_value=-1.1175208297982159e-06 0.00014497569338132381
leaf_weight=99180 357
leaf_count=99180 357
internal_value=-5.92091e-07
internal_weight=99537
internal_count=99537
is_linear=0
shrinkage=0.03


Tree=395
num_leaves=2
num_cat=0
split_feature=4
split_gain=0.0615316
threshold=0.81379534278845145
decision_type=2
left_child=-1
right_child=-2
leaf_value=2.5428667495045418e-07 0.00038475508736619883
leaf_weight=99294 375
leaf_count=99294 375
internal_value=1.7048e-06
internal_weight=99669
internal_count=99669
is_linear=0
shrinkage=0.03


Tree=396
num_leaves=4
num_cat=0
split_feature=0 1 1
split_gain=0.0018805 0.0229577 0.00555671
threshold=0.023788626305758957 0.20000000000000004 0.8500000000000002
decision_type=2 2 2
left_child=1 -1 -2
right_child=2 -3 -4
leaf_value=-4.8516551741875631e-05 1.1668321615930034e-05 7.2438343034255286e-06 4.1243651289399993e-05
leaf_weight=6798 82035 4555 6145
leaf_count=6798 82035 4555 6145
internal_value=1.22502e-05 7.57887e-07 1.37298e-05
internal_weight=99533 11353 88180
internal_count=99533 11353 88180
is_linear=0
shrinkage=0.03


Tree=397
num_leaves=2
num_cat=0
split_feature=7
split_gain=5.36916e-05
threshold=2.9174053685313028
decision_type=2
left_child=-1
right_child=-2
leaf_value=-2.4022457180751709e-06 9.5230080747206713e-06
leaf_weight=99195 340
leaf_count=99195 340
internal_value=-2.36142e-06
internal_weight=99535
internal_count=99535
is_linear=0
shrinkage=0.03


Tree=398
num_leaves=3
num_cat=0
split_feature=0 0
split_gain=0.00186831 0.000110165
threshold=0.95125790871679794 0.96202647802419972
decision_type=2 2
left_child=-1 -2
right_child=1 -3
leaf_value=-6.7075164350254323e-06 9.020840868233946e-06 1.8596474394171901e-05
leaf_weight=94502 3509 1565
leaf_count=94502 3509 1565
internal_value=-5.7553e-06 1.19774e-05
internal_weight=99576 5074
internal_count=99576 5074
is_linear=0
shrinkage=0.03


Tree=399
num_leaves=2
num_cat=0
split_feature=2
split_gain=0.000104179
threshold=0.71676940635557951
decision_type=2
left_child=-1
right_child=-2
leaf_value=-1.9946804610489461e-06 1.8016612982990445e-07
leaf_weight=27346 72047
leaf_count=27346 72047
internal_value=-4.18214e-07
internal_weight=99393
internal_count=99393
is_linear=0
shrinkage=0.03


Tree=400
num_leaves=2
num_cat=0
split_feature=4
split_gain=6.64531e-05
threshold=8.2079964549564028e-06
decision_type=2
left_child=-1
right_child=-2
leaf_value=-2.4994010025620608e-06 1.5447925386102975e-07
leaf_weight=9373 90220
leaf_count=9373 90220
internal_value=-9.53081e-08
internal_weight=99593
internal_count=99593
is_linear=0
shrinkage=0.03


Tree=401
num_leaves=2
num_cat=0
split_feature=4
split_gain=0.00885884
threshold=0.81379534278845145
decision_type=2
left_child=-1
right_child=-2
leaf_value=3.6442546342844096e-07 0.00015091931931516181
leaf_weight=99035 352
leaf_count=99035 352
internal_value=8.9916e-07
internal_weight=99387
internal_count=99387
is_linear=0
shrinkage=0.03


Tree=402
num_leaves=6
num_cat=0
split_feature=0 2 2 0 0
split_gain=0.054862 0.0163466 0.00407245 0.0454642 0.00250123
threshold=0.023788626305758957 0.70949527351466812 0.73073675821169848 0.017301805317401889 0.011635959148406984
decision_type=2 2 2 2 2
left_child=2 -2 3 4 -1
right_child=1 -3 -4 -5 -6
leaf_value=-0.00014845529107792091 -7.5214308505903908e-06 2.1987689640020791e-05 -2.8120784910732674e-05 -4.7778340751531154e-05 -0.00010644449484741252
leaf_weight=3912 22790 65309 3379 2141 1914
leaf_count=3912 22790 65309 3379 2141 1914
internal_value=6.3574e-06 1.43541e-05 -5.57308e-05 -6.74359e-05 -0.000134674
internal_weight=99445 88099 11346 7967 5826
internal_count=99445 88099 11346 7967 5826
is_linear=0
shrinkage=0.03


Tree=403
num_leaves=2
num_cat=0
split_feature=4
split_gain=0.00103835
threshold=0.81379534278845145
decision_type=2
left_child=-1
right_child=-2
leaf_value=-1.5715547746812237e-05 3.4845702721907346e-05
leaf_weight=99309 366
leaf_count=99309 366
internal_value=-1.55295e-05
internal_weight=99675
internal_count=99675
is_linear=0
shrinkage=0.03


Tree=404
num_leaves=2
num_cat=0
split_feature=0
split_gain=0.00126025
threshold=0.96202647802419972
decision_type=2
left_child=-1
right_child=-2
leaf_value=7.3314190965083744e-06 3.4604611019471635e-05
leaf_weight=98137 1548
leaf_count=98137 1548
internal_value=7.75529e-06
internal_weight=99685
internal_count=99685
is_linear=0
shrinkage=0.03


Tree=405
num_leaves=2
num_cat=0
split_feature=4
split_gain=0.0135566
threshold=0.81379534278845145
decision_type=2
left_child=-1
right_child=-2
leaf_value=2.0238452933927877e-05 0.0002026646349227319
leaf_weight=98964 367
leaf_count=98964 367
internal_value=2.09145e-05
internal_weight=99331
internal_count=99331
is_linear=0
shrinkage=0.03


Tree=406
num_leaves=2
num_cat=0
split_feature=4
split_gain=0.000739557
threshold=0.81379534278845145
decision_type=2
left_child=-1
right_child=-2
leaf_value=4.9698709132776323e-06 4.7520947703198204e-05
leaf_weight=98991 368
leaf_count=98991 368
internal_value=5.12795e-06
internal_weight=99359
internal_count=99359
is_linear=0
shrinkage=0.03


Tree=407
num_leaves=6
num_cat=0
split_feature=4 0 0 0 0
split_gain=0.001282 0.0553404 0.0124242 0.00363847 0.000216731
threshold=2.1032243256724484e-05 0.91958197159692656 0.00409635715186596 0.02554961480200291 0.88041245006024849
decision_type=2 2 2 2 2
left_child=1 2 -1 -2 -4
right_child=3 -3 4 -5 -6
leaf_value=-0.00024708166946103697 -1.88003188825277e-05 -1.88003188825277e-05 -8.0911550000042754e-05 -1.0256402409692238e-05 -6.1341930485984969e-05
leaf_weight=415 9783 874 10064 77925 554
leaf_count=415 9783 874 10064 77925 554
internal_value=-1.48089e-05 -2.4046e-05 -8.62068e-05 -1.35546e-05 -7.98964e-05
internal_weight=99615 11907 11033 87708 10618
internal_count=99615 11907 11033 87708 10618
is_linear=0
shrinkage=0.03


Tree=408
num_leaves=5
num_cat=0
split_feature=4 0 0 0
split_gain=0.0173012 0.0854919 0.0058232 0.000492562
threshold=3.3837052484386736e-06 0.88041245006024849 0.96202647802419972 0.14603063184767964
decision_type=2 2 2 2
left_child=1 3 -2 -1
right_child=2 -3 -4 -5
leaf_value=-0.00014369896746681588 -1.009346354459926e-05 -3.1757068513708942e-05 4.9982525689131769e-05 -0.00012759802295272507
leaf_weight=4272 89840 958 1475 3057
leaf_count=4272 89840 958 1475 3057
internal_value=-1.28895e-05 -5.43916e-05 -9.12253e-06 -0.000137001
internal_weight=99602 8287 91315 7329
internal_count=99602 8287 91315 7329
is_linear=0
shrinkage=0.03


Tree=409
num_leaves=2
num_cat=0
split_feature=7
split_gain=0.000330006
threshold=2.9174053685313028
decision_type=2
left_child=-1
right_child=-2
leaf_value=1.1626135972031938e-05 4.1110135849739035e-05
leaf_weight=99037 342
leaf_count=99037 342
internal_value=1.1728e-05
internal_weight=99379
internal_count=99379
is_linear=0
shrinkage=0.03


Tree=410
num_leaves=2
num_cat=0
split_feature=0
split_gain=2.32675e-05
threshold=0.0016131615266203882
decision_type=2
left_child=-1
right_child=-2
leaf_value=-2.0717528309484571e-05 -1.5528371691928952e-05
leaf_weight=792 98661
leaf_count=792 98661
internal_value=-1.55699e-05
internal_weight=99453
internal_count=99453
is_linear=0
shrinkage=0.03


Tree=411
num_leaves=2
num_cat=0
split_feature=2
split_gain=0.00613835
threshold=0.70949527351466812
decision_type=2
left_child=-1
right_child=-2
leaf_value=-1.9465511284115612e-05 -2.7339208370603895e-06
leaf_weight=27143 72293
leaf_count=27143 72293
internal_value=-7.30129e-06
internal_weight=99436
internal_count=99436
is_linear=0
shrinkage=0.03


Tree=412
num_leaves=2
num_cat=0
split_feature=4
split_gain=0.00764525
threshold=0.81379534278845145
decision_type=2
left_child=-1
right_child=-2
leaf_value=-1.8482207610449175e-06 0.00013684509309724722
leaf_weight=99067 358
leaf_count=99067 358
internal_value=-1.34746e-06
internal_weight=99425
internal_count=99425
is_linear=0
shrinkage=0.03


Tree=413
num_leaves=2
num_cat=0
split_feature=1
split_gain=0.00166015
threshold=0.8500000000000002
decision_type=2
left_child=-1
right_child=-2
leaf_value=3.6406606650003973e-06 1.9595852454411603e-05
leaf_weight=93168 6263
leaf_count=93168 6263
internal_value=4.64584e-06
internal_weight=99431
internal_count=99431
is_linear=0
shrinkage=0.03


Tree=414
num_leaves=2
num_cat=0
split_feature=2
split_gain=0.000425336
threshold=0.99899322516675126
decision_type=2
left_child=-1
right_child=-2
leaf_value=1.6236472775105924e-07 1.492335287734146e-05
leaf_weight=97873 1788
leaf_count=97873 1788
internal_value=4.27336e-07
internal_weight=99661
internal_count=99661
is_linear=0
shrinkage=0.03


Tree=415
num_leaves=2
num_cat=0
split_feature=4
split_gain=0.00264579
threshold=0.81379534278845145
decision_type=2
left_child=-1
right_child=-2
leaf_value=1.4642896007567036e-05 9.7040788135597142e-05
leaf_weight=99280 351
leaf_count=99280 351
internal_value=1.49342e-05
internal_weight=99631
internal_count=99631
is_linear=0
shrinkage=0.03


Tree=416
num_leaves=3
num_cat=0
split_feature=7 0
split_gain=0.00044031 0.00131206
threshold=2.9174053685313028 0.96202647802419972
decision_type=2 2
left_child=1 -1
right_child=-2 -3
leaf_value=-3.5731876178420149e-06 3.120036801246144e-05 1.4050760010853775e-05
leaf_weight=97902 337 1475
leaf_count=97902 337 1475
internal_value=-2.98262e-06 -3.09885e-06
internal_weight=99714 99377
internal_count=99714 99377
is_linear=0
shrinkage=0.03


Tree=417
num_leaves=2
num_cat=0
split_feature=7
split_gain=7.56162e-05
threshold=1.8688348091416842
decision_type=2
left_child=-1
right_child=-2
leaf_value=2.3318781901190542e-05 2.6965858720607388e-05
leaf_weight=94144 5456
leaf_count=94144 5456
internal_value=2.35188e-05
internal_weight=99600
internal_count=99600
is_linear=0
shrinkage=0.03


Tree=418
num_leaves=2
num_cat=0
split_feature=4
split_gain=0.00755516
threshold=0.81379534278845145
decision_type=2
left_child=-1
right_child=-2
leaf_value=1.8816155642773962e-05 0.00015481927184145744
leaf_weight=99087 368
leaf_count=99087 368
internal_value=1.93209e-05
internal_weight=99455
internal_count=99455
is_linear=0
shrinkage=0.03


Tree=419
num_leaves=2
num_cat=0
split_feature=7
split_gain=0.000209538
threshold=2.8617925509761908
decision_type=2
left_child=-1
right_child=-2
leaf_value=4.9282968751826615e-06 2.6473178458057673e-05
leaf_weight=99050 407
leaf_count=99050 407
internal_value=5.01673e-06
internal_weight=99457
internal_count=99457
is_linear=0
shrinkage=0.03


Tree=420
num_leaves=2
num_cat=0
split_feature=0
split_gain=2.94891e-05
threshold=0.96202647802419972
decision_type=2
left_child=-1
right_child=-2
leaf_value=1.4654394033228522e-05 1.8797407485015517e-05
leaf_weight=98161 1583
leaf_count=98161 1583
internal_value=1.47203e-05
internal_weight=99744
internal_count=99744
is_linear=0
shrinkage=0.03


Tree=421
num_leaves=2
num_cat=0
split_feature=0
split_gain=0.000282453
threshold=0.96202647802419972
decision_type=2
left_child=-1
right_child=-2
leaf_value=1.6580899705780547e-05 2.9483083535120111e-05
leaf_weight=97988 1552
leaf_count=97988 1552
internal_value=1.67824e-05
internal_weight=99540
internal_count=99540
is_linear=0
shrinkage=0.03


Tree=422
num_leaves=2
num_cat=0
split_feature=2
split_gain=0.000211617
threshold=0.71676940635557951
decision_type=2
left_child=-1
right_child=-2
leaf_value=-7.1971140335378613e-06 -4.0927655108030301e-06
leaf_weight=27212 72222
leaf_count=27212 72222
internal_value=-4.94239e-06
internal_weight=99434
internal_count=99434
is_linear=0
shrinkage=0.03


Tree=423
num_leaves=2
num_cat=0
split_feature=0
split_gain=2.67748e-05
threshold=0.023788626305758957
decision_type=2
left_child=-1
right_child=-2
leaf_value=2.040472398140808e-06 3.586973443975641e-06
leaf_weight=11382 88089
leaf_count=11382 88089
internal_value=3.41004e-06
internal_weight=99471
internal_count=99471
is_linear=0
shrinkage=0.03


Tree=424
num_leaves=2
num_cat=0
split_feature=4
split_gain=0.0531795
threshold=0.81379534278845145
decision_type=2
left_child=-1
right_child=-2
leaf_value=-1.0682319583937898e-05 0.00035561551720387818
leaf_weight=99241 357
leaf_count=99241 357
internal_value=-9.3658e-06
internal_weight=99598
internal_count=99598
is_linear=0
shrinkage=0.03


Tree=425
num_leaves=3
num_cat=0
split_feature=7 0
split_gain=0.000920677 8.34815e-06
threshold=2.8617925509761908 0.035358966328203685
decision_type=2 2
left_child=1 -1
right_child=-2 -3
leaf_value=1.7699600124490865e-06 4.6247646049112427e-05 2.5257983439885925e-06
leaf_weight=15618 432 83654
leaf_count=15618 432 83654
internal_value=2.59732e-06 2.4069e-06
internal_weight=99704 99272
internal_count=99704 99272
is_linear=0
shrinkage=0.03


Tree=426
num_leaves=2
num_cat=0
split_feature=0
split_gain=0.00647431
threshold=0.96202647802419972
decision_type=2
left_child=-1
right_child=-2
leaf_value=-1.2414785407795769e-07 6.1573333545644854e-05
leaf_weight=98114 1554
leaf_count=98114 1554
internal_value=8.38433e-07
internal_weight=99668
internal_count=99668
is_linear=0
shrinkage=0.03


Tree=427
num_leaves=4
num_cat=0
split_feature=0 0 0
split_gain=0.00313639 0.000146478 3.92185e-06
threshold=0.023788626305758957 0.0024145897477865223 0.021355902776122097
decision_type=2 2 2
left_child=1 -1 -3
right_child=-2 2 -4
leaf_value=-1.8217006382042259e-05 8.5399355465784229e-06 -7.2177229120339318e-06 -5.3584757860995548e-06
leaf_weight=1168 88147 9110 1167
leaf_count=1168 88147 9110 1167
internal_value=6.62158e-06 -8.15263e-06 -7.00714e-06
internal_weight=99592 11445 10277
internal_count=99592 11445 10277
is_linear=0
shrinkage=0.03


Tree=428
num_leaves=2
num_cat=0
split_feature=0
split_gain=0.000625208
threshold=0.96202647802419972
decision_type=2
left_child=-1
right_child=-2
leaf_value=-7.015565757880442e-07 1.8532355190526003e-05
leaf_weight=97949 1544
leaf_count=97949 1544
internal_value=-4.02888e-07
internal_weight=99493
internal_count=99493
is_linear=0
shrinkage=0.03


Tree=429
num_leaves=2
num_cat=0
split_feature=4
split_gain=0.00713182
threshold=0.81379534278845145
decision_type=2
left_child=-1
right_child=-2
leaf_value=1.0666078454283257e-05 0.00014671554198841854
leaf_weight=99131 347
leaf_count=99131 347
internal_value=1.11421e-05
internal_weight=99478
internal_count=99478
is_linear=0
shrinkage=0.03


Tree=430
num_leaves=2
num_cat=0
split_feature=0
split_gain=0.0117055
threshold=0.014963782392442228
decision_type=2
left_child=-1
right_child=-2
leaf_value=-3.0371742501051987e-05 9.670748913291776e-06
leaf_weight=7073 92295
leaf_count=7073 92295
internal_value=6.82025e-06
internal_weight=99368
internal_count=99368
is_linear=0
shrinkage=0.03


Tree=431
num_leaves=2
num_cat=0
split_feature=0
split_gain=0.000541859
threshold=0.96449876623228203
decision_type=2
left_child=-1
right_child=-2
leaf_value=8.8182879261676434e-06 3.4332596266716221e-05
leaf_weight=98576 754
leaf_count=98576 754
internal_value=9.01231e-06
internal_weight=99330
internal_count=99330
is_linear=0
shrinkage=0.03


Tree=432
num_leaves=2
num_cat=0
split_feature=0
split_gain=3.76284e-06
threshold=0.023788626305758957
decision_type=2
left_child=-1
right_child=-2
leaf_value=2.1910186343677503e-07 7.9881675674403997e-07
leaf_weight=11380 88067
leaf_count=11380 88067
internal_value=7.32481e-07
internal_weight=99447
internal_count=99447
is_linear=0
shrinkage=0.03


Tree=433
num_leaves=2
num_cat=0
split_feature=0
split_gain=0.00412895
threshold=0.91736582666635524
decision_type=2
left_child=-1
right_child=-2
leaf_value=-1.3884711291926845e-05 3.1037416941055012e-06
leaf_weight=84348 15195
leaf_count=84348 15195
internal_value=-1.12915e-05
internal_weight=99543
internal_count=99543
is_linear=0
shrinkage=0.03


Tree=434
num_leaves=2
num_cat=0
split_feature=7
split_gain=0.00206769
threshold=2.9700856263602158
decision_type=2
left_child=-1
right_child=-2
leaf_value=-3.3973969703528689e-06 7.8978289342062044e-05
leaf_weight=99392 274
leaf_count=99392 274
internal_value=-3.17014e-06
internal_weight=99666
internal_count=99666
is_linear=0
shrinkage=0.03


Tree=435
num_leaves=2
num_cat=0
split_feature=0
split_gain=0.0013123
threshold=0.014963782392442228
decision_type=2
left_child=-1
right_child=-2
leaf_value=-1.543187140049646e-05 -1.990252239915789e-06
leaf_weight=7034 92334
leaf_count=7034 92334
internal_value=-2.94189e-06
internal_weight=99368
internal_count=99368
is_linear=0
shrinkage=0.03


Tree=436
num_leaves=2
num_cat=0
split_feature=4
split_gain=0.00376667
threshold=0.81379534278845145
decision_type=2
left_child=-1
right_child=-2
leaf_value=-3.2749842333044925e-06 9.275264102905019e-05
leaf_weight=98895 368
leaf_count=98895 368
internal_value=-2.91805e-06
internal_weight=99263
internal_count=99263
is_linear=0
shrinkage=0.03


Tree=437
num_leaves=3
num_cat=0
split_feature=4 4
split_gain=0.0531589 0.00119905
threshold=8.2079964549564028e-06 3.3837052484386736e-06
decision_type=2 2
left_child=1 -1
right_child=-2 -3
leaf_value=-7.8488032029409681e-05 6.4363583475356089e-07 -4.5081407445298669e-05
leaf_weight=8235 90167 1101
leaf_count=8235 90167 1101
internal_value=-6.41252e-06 -7.45536e-05
internal_weight=99503 9336
internal_count=99503 9336
is_linear=0
shrinkage=0.03


Tree=438
num_leaves=2
num_cat=0
split_feature=0
split_gain=0.0216187
threshold=0.0032940637320280079
decision_type=2
left_child=-1
right_child=-2
leaf_value=-0.00010432339127743323 8.2795492685613775e-06
leaf_weight=1558 97737
leaf_count=1558 97737
internal_value=6.51171e-06
internal_weight=99295
internal_count=99295
is_linear=0
shrinkage=0.03


Tree=439
num_leaves=2
num_cat=0
split_feature=0
split_gain=0.000472769
threshold=0.96202647802419972
decision_type=2
left_child=-1
right_child=-2
leaf_value=8.4603937223540939e-06 2.5134030029917335e-05
leaf_weight=98214 1554
leaf_count=98214 1554
internal_value=8.72035e-06
internal_weight=99768
internal_count=99768
is_linear=0
shrinkage=0.03


end of trees

feature_importances:
S=842
V=537
N=501
log_n=500
T=407

parameters:
[boosting: gbdt]
[objective: regression]
[metric: l2]
[tree_learner: serial]
[device_type: cpu]
[data_sample_strategy: bagging]
[data: ]
[valid: ]
[num_iterations: 2000]
[learning_rate: 0.03]
[num_leaves: 15]
[num_threads: 10]
[seed: 20261002]
[deterministic: 0]
[force_col_wise: 0]
[force_row_wise: 0]
[histogram_pool_size: -1]
[max_depth: -1]
[min_data_in_leaf: 200]
[min_sum_hessian_in_leaf: 0.001]
[bagging_fraction: 0.8]
[pos_bagging_fraction: 1]
[neg_bagging_fraction: 1]
[bagging_freq: 1]
[bagging_seed: 17238]
[bagging_by_query: 0]
[feature_fraction: 0.8]
[feature_fraction_bynode: 1]
[feature_fraction_seed: 2936]
[extra_trees: 0]
[extra_seed: 2036]
[early_stopping_round: 0]
[early_stopping_min_delta: 0]
[first_metric_only: 0]
[max_delta_step: 0]
[lambda_l1: 0]
[lambda_l2: 1]
[linear_lambda: 0]
[min_gain_to_split: 0]
[drop_rate: 0.1]
[max_drop: 50]
[skip_drop: 0.5]
[xgboost_dart_mode: 0]
[uniform_drop: 0]
[drop_seed: 13090]
[top_rate: 0.2]
[other_rate: 0.1]
[min_data_per_group: 100]
[max_cat_threshold: 32]
[cat_l2: 10]
[cat_smooth: 10]
[max_cat_to_onehot: 4]
[top_k: 20]
[monotone_constraints: 1,1,1,1,1,1,1,1]
[monotone_constraints_method: basic]
[monotone_penalty: 0]
[feature_contri: ]
[forcedsplits_filename: ]
[refit_decay_rate: 0.9]
[cegb_tradeoff: 1]
[cegb_penalty_split: 0]
[cegb_penalty_feature_lazy: ]
[cegb_penalty_feature_coupled: ]
[path_smooth: 0]
[interaction_constraints: ]
[verbosity: -1]
[saved_feature_importance_type: 0]
[use_quantized_grad: 0]
[num_grad_quant_bins: 4]
[quant_train_renew_leaf: 0]
[stochastic_rounding: 1]
[linear_tree: 0]
[max_bin: 255]
[max_bin_by_feature: ]
[min_data_in_bin: 3]
[bin_construct_sample_cnt: 200000]
[data_random_seed: 5353]
[is_enable_sparse: 1]
[enable_bundle: 1]
[use_missing: 1]
[zero_as_missing: 0]
[feature_pre_filter: 1]
[pre_partition: 0]
[two_round: 0]
[header: 0]
[label_column: ]
[weight_column: ]
[group_column: ]
[ignore_column: ]
[categorical_feature: ]
[forcedbins_filename: ]
[precise_float_parser: 0]
[parser_config_file: ]
[objective_seed: 117]
[num_class: 1]
[is_unbalance: 0]
[scale_pos_weight: 1]
[sigmoid: 1]
[boost_from_average: 1]
[reg_sqrt: 0]
[alpha: 0.9]
[fair_c: 1]
[poisson_max_delta_step: 0.7]
[tweedie_variance_power: 1.5]
[lambdarank_truncation_level: 30]
[lambdarank_norm: 1]
[label_gain: ]
[lambdarank_position_bias_regularization: 0]
[eval_at: ]
[multi_error_top_k: 1]
[auc_mu_weights: ]
[num_machines: 1]
[local_listen_port: 12400]
[time_out: 120]
[machine_list_filename: ]
[machines: ]
[gpu_platform_id: -1]
[gpu_device_id: -1]
[gpu_device_id_list: ]
[gpu_use_dp: 0]
[num_gpu: 1]

end of parameters

pandas_categorical:[]
